-- MySQL dump 10.13  Distrib 5.5.28, for Win32 (x86)
--
-- Host: localhost    Database: projects
-- ------------------------------------------------------
-- Server version	5.5.28

/*!40101 SET @OLD_CHARACTER_SET_CLIENT=@@CHARACTER_SET_CLIENT */;
/*!40101 SET @OLD_CHARACTER_SET_RESULTS=@@CHARACTER_SET_RESULTS */;
/*!40101 SET @OLD_COLLATION_CONNECTION=@@COLLATION_CONNECTION */;
/*!40101 SET NAMES utf8 */;
/*!40103 SET @OLD_TIME_ZONE=@@TIME_ZONE */;
/*!40103 SET TIME_ZONE='+00:00' */;
/*!40014 SET @OLD_UNIQUE_CHECKS=@@UNIQUE_CHECKS, UNIQUE_CHECKS=0 */;
/*!40014 SET @OLD_FOREIGN_KEY_CHECKS=@@FOREIGN_KEY_CHECKS, FOREIGN_KEY_CHECKS=0 */;
/*!40101 SET @OLD_SQL_MODE=@@SQL_MODE, SQL_MODE='NO_AUTO_VALUE_ON_ZERO' */;
/*!40111 SET @OLD_SQL_NOTES=@@SQL_NOTES, SQL_NOTES=0 */;

--
-- Table structure for table `activities`
--

DROP TABLE IF EXISTS `activities`;
/*!40101 SET @saved_cs_client     = @@character_set_client */;
/*!40101 SET character_set_client = utf8 */;
CREATE TABLE `activities` (
  `IdActivity` int(11) NOT NULL AUTO_INCREMENT,
  `Activity` varchar(45) NOT NULL,
  PRIMARY KEY (`IdActivity`)
) ENGINE=InnoDB AUTO_INCREMENT=19 DEFAULT CHARSET=utf8;
/*!40101 SET character_set_client = @saved_cs_client */;

--
-- Dumping data for table `activities`
--

LOCK TABLES `activities` WRITE;
/*!40000 ALTER TABLE `activities` DISABLE KEYS */;
INSERT INTO `activities` VALUES (1,'Dise침o Preliminar'),(2,'Modelado 3D'),(3,'Listados y DXFs'),(4,'Planos'),(5,'C치lculos'),(6,'Manuales'),(7,'Revisi칩n-Cambios'),(8,'Interfaz con Fabricaci칩n'),(16,'Comercial'),(17,'Problemas de Infraestructura'),(18,'I + D');
/*!40000 ALTER TABLE `activities` ENABLE KEYS */;
UNLOCK TABLES;

--
-- Table structure for table `entries`
--

DROP TABLE IF EXISTS `entries`;
/*!40101 SET @saved_cs_client     = @@character_set_client */;
/*!40101 SET character_set_client = utf8 */;
CREATE TABLE `entries` (
  `IdEntry` int(11) NOT NULL AUTO_INCREMENT,
  `IdResource` int(11) NOT NULL,
  `IdProject` int(11) NOT NULL,
  `IdActivity` int(11) NOT NULL,
  `Tsec` double NOT NULL,
  `creation_time` datetime DEFAULT NULL,
  `update_time` datetime DEFAULT NULL,
  PRIMARY KEY (`IdEntry`),
  KEY `IdResource` (`IdResource`),
  KEY `IdProject` (`IdProject`),
  KEY `IdActivity` (`IdActivity`),
  CONSTRAINT `entries_ibfk_1` FOREIGN KEY (`IdResource`) REFERENCES `resources` (`IdResource`) ON DELETE CASCADE ON UPDATE CASCADE,
  CONSTRAINT `entries_ibfk_2` FOREIGN KEY (`IdProject`) REFERENCES `projects` (`IdProject`) ON DELETE CASCADE ON UPDATE CASCADE,
  CONSTRAINT `entries_ibfk_3` FOREIGN KEY (`IdActivity`) REFERENCES `activities` (`IdActivity`) ON DELETE CASCADE ON UPDATE CASCADE
) ENGINE=InnoDB AUTO_INCREMENT=2230 DEFAULT CHARSET=utf8;
/*!40101 SET character_set_client = @saved_cs_client */;

--
-- Dumping data for table `entries`
--

LOCK TABLES `entries` WRITE;
/*!40000 ALTER TABLE `entries` DISABLE KEYS */;
INSERT INTO `entries` VALUES (91,2,57,1,900,'2012-11-13 11:13:10','2012-11-13 11:13:10'),(92,2,57,1,900.233999968,'2012-11-13 11:13:10','2012-11-13 11:13:10'),(93,2,57,1,900.328999996,'2012-11-13 11:13:10','2012-11-13 11:13:10'),(94,2,57,1,900.233999968,'2012-11-13 11:13:10','2012-11-13 11:13:10'),(95,2,57,1,150.625,'2012-11-13 11:13:10','2012-11-13 11:13:10'),(96,2,57,1,544.391000032,'2012-11-13 11:13:10','2012-11-13 11:13:10'),(97,3,42,2,51.8120000362,'2012-11-13 11:13:10','2012-11-13 11:13:10'),(98,2,57,1,320.812999964,'2012-11-13 11:13:10','2012-11-13 11:13:10'),(99,2,55,1,573.344000101,'2012-11-13 11:13:09','2012-11-13 11:13:09'),(100,3,42,2,900,'2012-11-13 11:13:10','2012-11-13 11:13:10'),(101,2,55,1,326.655999899,'2012-11-13 11:13:09','2012-11-13 11:13:09'),(102,4,54,7,900,'2012-11-13 11:13:09','2012-11-13 11:13:09'),(103,2,55,1,573.75,'2012-11-13 11:13:09','2012-11-13 11:13:09'),(104,3,42,2,900.266000032,'2012-11-13 11:13:10','2012-11-13 11:13:10'),(105,2,55,1,326.67200017,'2012-11-13 11:13:09','2012-11-13 11:13:09'),(106,4,54,7,900.437999964,'2012-11-13 11:13:09','2012-11-13 11:13:09'),(107,2,55,1,573.655999899,'2012-11-13 11:13:09','2012-11-13 11:13:09'),(108,3,42,2,900.296999931,'2012-11-13 11:13:10','2012-11-13 11:13:10'),(109,2,55,1,326.671999931,'2012-11-13 11:13:09','2012-11-13 11:13:09'),(110,4,54,7,900.421000004,'2012-11-13 11:13:09','2012-11-13 11:13:09'),(111,2,55,1,573.67200017,'2012-11-13 11:13:09','2012-11-13 11:13:09'),(112,3,42,2,900.405999899,'2012-11-13 11:13:10','2012-11-13 11:13:10'),(113,2,55,1,326.671999931,'2012-11-13 11:13:09','2012-11-13 11:13:09'),(114,4,54,7,900.375,'2012-11-13 11:13:09','2012-11-13 11:13:09'),(115,2,55,1,387.891000032,'2012-11-13 11:13:09','2012-11-13 11:13:09'),(116,2,55,1,53.875,'2012-11-13 11:13:09','2012-11-13 11:13:09'),(117,2,55,1,95.6719999313,'2012-11-13 11:13:09','2012-11-13 11:13:09'),(118,2,55,1,31.234000206,'2012-11-13 11:13:09','2012-11-13 11:13:09'),(119,3,42,2,900.406000137,'2012-11-13 11:13:10','2012-11-13 11:13:10'),(120,2,55,1,261.5,'2012-11-13 11:13:09','2012-11-13 11:13:09'),(121,3,42,2,104.093999863,'2012-11-13 11:13:10','2012-11-13 11:13:10'),(122,3,42,2,7.90700006485,'2012-11-13 11:13:10','2012-11-13 11:13:10'),(123,4,54,7,900.359999895,'2012-11-13 11:13:09','2012-11-13 11:13:09'),(124,2,55,1,266.391000032,'2012-11-13 11:13:09','2012-11-13 11:13:09'),(125,4,54,7,46.2030000687,'2012-11-13 11:13:09','2012-11-13 11:13:09'),(126,4,54,7,18.3279998302,'2012-11-13 11:13:09','2012-11-13 11:13:09'),(127,3,42,2,100.609999895,'2012-11-13 11:13:10','2012-11-13 11:13:10'),(128,2,55,17,90.5940001011,'2012-11-13 11:13:09','2012-11-13 11:13:09'),(129,2,55,17,209.358999968,'2012-11-13 11:13:09','2012-11-13 11:13:09'),(130,2,55,17,871.766000032,'2012-11-13 11:13:09','2012-11-13 11:13:09'),(131,2,55,1,22.3129999638,'2012-11-13 11:13:09','2012-11-13 11:13:09'),(132,4,54,7,900,'2012-11-13 11:13:09','2012-11-13 11:13:09'),(133,2,55,1,328.155999899,'2012-11-13 11:13:09','2012-11-13 11:13:09'),(134,2,55,17,487.342999935,'2012-11-13 11:13:09','2012-11-13 11:13:09'),(135,2,55,17,0.671999931335,'2012-11-13 11:13:09','2012-11-13 11:13:09'),(136,2,55,1,49.6560001373,'2012-11-13 11:13:09','2012-11-13 11:13:09'),(137,2,55,1,22.6879999638,'2012-11-13 11:13:09','2012-11-13 11:13:09'),(138,4,54,7,900.437000036,'2012-11-13 11:13:09','2012-11-13 11:13:09'),(139,2,55,1,332.421999931,'2012-11-13 11:13:09','2012-11-13 11:13:09'),(140,2,55,1,488.421000004,'2012-11-13 11:13:09','2012-11-13 11:13:09'),(141,2,55,1,6.81299996376,'2012-11-13 11:13:09','2012-11-13 11:13:09'),(142,2,55,1,50.0620000362,'2012-11-13 11:13:09','2012-11-13 11:13:09'),(143,2,55,1,22.6410000324,'2012-11-13 11:13:09','2012-11-13 11:13:09'),(144,4,54,7,900.437999964,'2012-11-13 11:13:09','2012-11-13 11:13:09'),(145,2,55,1,332.296999931,'2012-11-13 11:13:09','2012-11-13 11:13:09'),(146,2,55,1,488.531000137,'2012-11-13 11:13:09','2012-11-13 11:13:09'),(147,2,55,1,6.78099989891,'2012-11-13 11:13:09','2012-11-13 11:13:09'),(148,2,55,1,50.0940001011,'2012-11-13 11:13:09','2012-11-13 11:13:09'),(149,2,55,1,22.640999794,'2012-11-13 11:13:09','2012-11-13 11:13:09'),(150,4,54,7,900.25,'2012-11-13 11:13:09','2012-11-13 11:13:09'),(151,2,55,1,332.390000105,'2012-11-13 11:13:09','2012-11-13 11:13:09'),(152,2,55,1,488.437999964,'2012-11-13 11:13:09','2012-11-13 11:13:09'),(153,2,55,1,6.81200003624,'2012-11-13 11:13:09','2012-11-13 11:13:09'),(154,2,55,1,50.1099998951,'2012-11-13 11:13:09','2012-11-13 11:13:09'),(155,2,55,1,22.6400001049,'2012-11-13 11:13:09','2012-11-13 11:13:09'),(156,4,54,7,900.25,'2012-11-13 11:13:09','2012-11-13 11:13:09'),(157,2,55,1,332.391000032,'2012-11-13 11:13:09','2012-11-13 11:13:09'),(158,2,55,1,488.405999899,'2012-11-13 11:13:09','2012-11-13 11:13:09'),(159,2,55,1,6.82800006866,'2012-11-13 11:13:09','2012-11-13 11:13:09'),(160,2,55,1,50.1099998951,'2012-11-13 11:13:09','2012-11-13 11:13:09'),(161,2,55,1,22.609000206,'2012-11-13 11:13:09','2012-11-13 11:13:09'),(162,4,54,7,900.344000101,'2012-11-13 11:13:09','2012-11-13 11:13:09'),(163,2,55,1,332.375,'2012-11-13 11:13:09','2012-11-13 11:13:09'),(164,2,55,1,488.45299983,'2012-11-13 11:13:09','2012-11-13 11:13:09'),(165,2,55,1,6.79700016975,'2012-11-13 11:13:09','2012-11-13 11:13:09'),(166,2,55,1,50.2029998302,'2012-11-13 11:13:09','2012-11-13 11:13:09'),(167,2,55,1,22.5320000648,'2012-11-13 11:13:09','2012-11-13 11:13:09'),(168,3,42,2,900,'2012-11-13 11:13:10','2012-11-13 11:13:10'),(169,4,54,7,900.389999866,'2012-11-13 11:13:09','2012-11-13 11:13:09'),(170,2,55,1,236.687000036,'2012-11-13 11:13:09','2012-11-13 11:13:09'),(171,2,57,1,84.8120000362,'2012-11-13 11:13:10','2012-11-13 11:13:10'),(172,2,57,1,488.421999931,'2012-11-13 11:13:10','2012-11-13 11:13:10'),(173,2,57,1,6.78099989891,'2012-11-13 11:13:10','2012-11-13 11:13:10'),(174,2,57,1,50.2030000687,'2012-11-13 11:13:10','2012-11-13 11:13:10'),(175,2,57,1,22.5320000648,'2012-11-13 11:13:10','2012-11-13 11:13:10'),(176,3,42,2,900.296000004,'2012-11-13 11:13:10','2012-11-13 11:13:10'),(177,4,54,7,900.407000065,'2012-11-13 11:13:09','2012-11-13 11:13:09'),(178,2,57,1,247.264999866,'2012-11-13 11:13:10','2012-11-13 11:13:10'),(179,2,57,1,85.1570000648,'2012-11-13 11:13:10','2012-11-13 11:13:10'),(180,2,57,1,488.467999935,'2012-11-13 11:13:10','2012-11-13 11:13:10'),(181,2,57,1,6.78200006485,'2012-11-13 11:13:10','2012-11-13 11:13:10'),(182,2,57,1,50.2030000687,'2012-11-13 11:13:10','2012-11-13 11:13:10'),(183,2,57,1,22.4219999313,'2012-11-13 11:13:10','2012-11-13 11:13:10'),(184,3,42,2,900.312999964,'2012-11-13 11:13:11','2012-11-13 11:13:11'),(185,4,54,7,900.375,'2012-11-13 11:13:09','2012-11-13 11:13:09'),(186,2,57,1,247.296000004,'2012-11-13 11:13:10','2012-11-13 11:13:10'),(187,2,57,1,85.2190001011,'2012-11-13 11:13:10','2012-11-13 11:13:10'),(188,2,57,1,488.45299983,'2012-11-13 11:13:10','2012-11-13 11:13:10'),(189,2,57,1,6.76600003242,'2012-11-13 11:13:10','2012-11-13 11:13:10'),(190,2,57,1,50.2190001011,'2012-11-13 11:13:10','2012-11-13 11:13:10'),(191,2,57,1,22.4219999313,'2012-11-13 11:13:10','2012-11-13 11:13:10'),(192,3,42,2,900.391000032,'2012-11-13 11:13:11','2012-11-13 11:13:11'),(193,4,54,7,900.296000004,'2012-11-13 11:13:09','2012-11-13 11:13:09'),(194,2,57,1,247.296000004,'2012-11-13 11:13:10','2012-11-13 11:13:10'),(195,2,57,1,85.1879999638,'2012-11-13 11:13:10','2012-11-13 11:13:10'),(196,2,57,1,488.437000036,'2012-11-13 11:13:10','2012-11-13 11:13:10'),(197,2,57,1,6.78200006485,'2012-11-13 11:13:10','2012-11-13 11:13:10'),(198,2,57,1,50.2029998302,'2012-11-13 11:13:10','2012-11-13 11:13:10'),(199,2,57,1,22.4370000362,'2012-11-13 11:13:10','2012-11-13 11:13:10'),(200,3,42,2,900.405999899,'2012-11-13 11:13:11','2012-11-13 11:13:11'),(201,4,54,7,900.359999895,'2012-11-13 11:13:09','2012-11-13 11:13:09'),(202,2,57,1,247.282000065,'2012-11-13 11:13:10','2012-11-13 11:13:10'),(203,2,57,1,85.25,'2012-11-13 11:13:10','2012-11-13 11:13:10'),(204,2,57,1,488.467999935,'2012-11-13 11:13:10','2012-11-13 11:13:10'),(205,2,57,1,6.78200006485,'2012-11-13 11:13:10','2012-11-13 11:13:10'),(206,2,57,1,50.2030000687,'2012-11-13 11:13:10','2012-11-13 11:13:10'),(207,2,57,1,22.4219999313,'2012-11-13 11:13:10','2012-11-13 11:13:10'),(208,3,42,2,900.390000105,'2012-11-13 11:13:11','2012-11-13 11:13:11'),(209,4,54,7,900.375,'2012-11-13 11:13:09','2012-11-13 11:13:09'),(210,2,57,1,247.296000004,'2012-11-13 11:13:10','2012-11-13 11:13:10'),(211,2,57,1,85.2039999962,'2012-11-13 11:13:10','2012-11-13 11:13:10'),(212,3,42,2,705.907000065,'2012-11-13 11:13:11','2012-11-13 11:13:11'),(213,2,57,1,488.312000036,'2012-11-13 11:13:10','2012-11-13 11:13:10'),(214,2,57,1,6.90599989891,'2012-11-13 11:13:10','2012-11-13 11:13:10'),(215,2,57,1,50.2030000687,'2012-11-13 11:13:10','2012-11-13 11:13:10'),(216,2,57,1,22.4379999638,'2012-11-13 11:13:10','2012-11-13 11:13:10'),(217,3,42,4,177.062999964,'2012-11-13 11:13:11','2012-11-13 11:13:11'),(218,4,54,7,900.344000101,'2012-11-13 11:13:09','2012-11-13 11:13:09'),(219,2,57,1,247.233999968,'2012-11-13 11:13:10','2012-11-13 11:13:10'),(220,2,57,1,85.3129999638,'2012-11-13 11:13:10','2012-11-13 11:13:10'),(221,2,57,1,181.156000137,'2012-11-13 11:13:10','2012-11-13 11:13:10'),(222,3,42,4,722.937000036,'2012-11-13 11:13:11','2012-11-13 11:13:11'),(223,2,57,5,297.828000069,'2012-11-13 11:13:10','2012-11-13 11:13:10'),(224,2,57,5,6.90700006485,'2012-11-13 11:13:10','2012-11-13 11:13:10'),(225,2,57,5,50.1870000362,'2012-11-13 11:13:10','2012-11-13 11:13:10'),(226,2,57,5,22.4219999313,'2012-11-13 11:13:10','2012-11-13 11:13:10'),(227,3,42,4,177.45299983,'2012-11-13 11:13:11','2012-11-13 11:13:11'),(228,4,54,7,900.358999968,'2012-11-13 11:13:09','2012-11-13 11:13:09'),(229,2,57,5,247.296999931,'2012-11-13 11:13:10','2012-11-13 11:13:10'),(230,2,57,5,85.3120000362,'2012-11-13 11:13:10','2012-11-13 11:13:10'),(231,2,57,5,190.046999931,'2012-11-13 11:13:10','2012-11-13 11:13:10'),(232,3,42,4,722.969000101,'2012-11-13 11:13:11','2012-11-13 11:13:11'),(233,2,57,5,298.25,'2012-11-13 11:13:10','2012-11-13 11:13:10'),(234,2,57,5,6.89100003242,'2012-11-13 11:13:10','2012-11-13 11:13:10'),(235,2,57,5,50.1560001373,'2012-11-13 11:13:10','2012-11-13 11:13:10'),(236,2,57,5,22.4059998989,'2012-11-13 11:13:10','2012-11-13 11:13:10'),(237,3,42,4,177.421999931,'2012-11-13 11:13:11','2012-11-13 11:13:11'),(238,4,54,7,900.358999968,'2012-11-13 11:13:09','2012-11-13 11:13:09'),(239,2,57,5,247.296999931,'2012-11-13 11:13:10','2012-11-13 11:13:10'),(240,2,57,5,85.2970001698,'2012-11-13 11:13:10','2012-11-13 11:13:10'),(241,2,57,5,190.093999863,'2012-11-13 11:13:10','2012-11-13 11:13:10'),(242,3,42,4,722.969000101,'2012-11-13 11:13:11','2012-11-13 11:13:11'),(243,2,57,5,298.281000137,'2012-11-13 11:13:10','2012-11-13 11:13:10'),(244,2,57,5,6.875,'2012-11-13 11:13:10','2012-11-13 11:13:10'),(245,2,57,5,50.0779998302,'2012-11-13 11:13:10','2012-11-13 11:13:10'),(246,2,57,5,22.4220001698,'2012-11-13 11:13:10','2012-11-13 11:13:10'),(247,3,42,4,177.421999931,'2012-11-13 11:13:11','2012-11-13 11:13:11'),(248,4,54,7,900.42200017,'2012-11-13 11:13:09','2012-11-13 11:13:09'),(249,2,57,5,247.375,'2012-11-13 11:13:10','2012-11-13 11:13:10'),(250,2,57,5,85.2029998302,'2012-11-13 11:13:10','2012-11-13 11:13:10'),(251,2,57,5,172.687999964,'2012-11-13 11:13:10','2012-11-13 11:13:10'),(252,3,42,4,722.967999935,'2012-11-13 11:13:11','2012-11-13 11:13:11'),(253,3,42,4,177.407000065,'2012-11-13 11:13:11','2012-11-13 11:13:11'),(254,4,54,7,900.390999794,'2012-11-13 11:13:09','2012-11-13 11:13:09'),(255,3,42,4,723,'2012-11-13 11:13:11','2012-11-13 11:13:11'),(256,3,42,4,177.405999899,'2012-11-13 11:13:11','2012-11-13 11:13:11'),(257,4,54,7,900.359000206,'2012-11-13 11:13:09','2012-11-13 11:13:09'),(258,2,57,5,900.312000036,'2012-11-13 11:13:10','2012-11-13 11:13:10'),(259,3,42,4,722.875,'2012-11-13 11:13:11','2012-11-13 11:13:11'),(260,3,42,4,177.406000137,'2012-11-13 11:13:11','2012-11-13 11:13:11'),(261,4,54,7,900.343999863,'2012-11-13 11:13:09','2012-11-13 11:13:09'),(262,2,57,5,901.407000065,'2012-11-13 11:13:10','2012-11-13 11:13:10'),(263,3,42,4,722.968999863,'2012-11-13 11:13:11','2012-11-13 11:13:11'),(264,3,42,4,177.42200017,'2012-11-13 11:13:11','2012-11-13 11:13:11'),(265,4,54,7,900.391000032,'2012-11-13 11:13:09','2012-11-13 11:13:09'),(266,2,57,5,900.842999935,'2012-11-13 11:13:10','2012-11-13 11:13:10'),(267,3,42,4,722.967999935,'2012-11-13 11:13:11','2012-11-13 11:13:11'),(268,3,42,4,177.407000065,'2012-11-13 11:13:11','2012-11-13 11:13:11'),(269,4,54,7,900.437000036,'2012-11-13 11:13:09','2012-11-13 11:13:09'),(270,2,57,5,900.921999931,'2012-11-13 11:13:10','2012-11-13 11:13:10'),(271,3,42,4,722.983999968,'2012-11-13 11:13:11','2012-11-13 11:13:11'),(272,3,42,4,177.405999899,'2012-11-13 11:13:11','2012-11-13 11:13:11'),(273,4,54,7,900.421999931,'2012-11-13 11:13:09','2012-11-13 11:13:09'),(274,2,57,5,904.375,'2012-11-13 11:13:10','2012-11-13 11:13:10'),(275,3,42,4,722.891000032,'2012-11-13 11:13:11','2012-11-13 11:13:11'),(276,3,42,4,177.516000032,'2012-11-13 11:13:11','2012-11-13 11:13:11'),(277,4,54,7,900.391000032,'2012-11-13 11:13:09','2012-11-13 11:13:09'),(278,2,57,5,904.610000134,'2012-11-13 11:13:10','2012-11-13 11:13:10'),(279,3,42,4,722.858999968,'2012-11-13 11:13:11','2012-11-13 11:13:11'),(280,3,42,4,177.421999931,'2012-11-13 11:13:11','2012-11-13 11:13:11'),(281,4,54,7,900.405999899,'2012-11-13 11:13:09','2012-11-13 11:13:09'),(282,2,57,5,903.687000036,'2012-11-13 11:13:10','2012-11-13 11:13:10'),(283,3,42,4,722.984000206,'2012-11-13 11:13:11','2012-11-13 11:13:11'),(284,3,42,4,177.375,'2012-11-13 11:13:11','2012-11-13 11:13:11'),(285,4,54,7,900.265000105,'2012-11-13 11:13:09','2012-11-13 11:13:09'),(286,2,57,5,900.32799983,'2012-11-13 11:13:10','2012-11-13 11:13:10'),(287,3,42,4,723.030999899,'2012-11-13 11:13:11','2012-11-13 11:13:11'),(288,3,42,4,177.391000032,'2012-11-13 11:13:11','2012-11-13 11:13:11'),(289,4,54,7,900.344000101,'2012-11-13 11:13:09','2012-11-13 11:13:09'),(290,2,57,5,900.266000032,'2012-11-13 11:13:10','2012-11-13 11:13:10'),(291,2,57,5,333.171999931,'2012-11-13 11:13:10','2012-11-13 11:13:10'),(292,4,54,7,665.890999794,'2012-11-13 11:13:09','2012-11-13 11:13:09'),(293,3,42,4,702.780999899,'2012-11-13 11:13:11','2012-11-13 11:13:11'),(294,3,42,4,900,'2012-11-13 11:13:11','2012-11-13 11:13:11'),(295,2,57,5,900.328000069,'2012-11-13 11:13:10','2012-11-13 11:13:10'),(296,4,54,7,900,'2012-11-13 11:13:09','2012-11-13 11:13:09'),(297,3,42,4,900.375,'2012-11-13 11:13:11','2012-11-13 11:13:11'),(298,2,57,5,901.218999863,'2012-11-13 11:13:10','2012-11-13 11:13:10'),(299,4,54,7,900.32799983,'2012-11-13 11:13:09','2012-11-13 11:13:09'),(300,3,42,4,900.405999899,'2012-11-13 11:13:11','2012-11-13 11:13:11'),(301,2,57,5,900.233999968,'2012-11-13 11:13:10','2012-11-13 11:13:10'),(302,4,54,7,900.25,'2012-11-13 11:13:09','2012-11-13 11:13:09'),(303,3,42,4,761.219000101,'2012-11-13 11:13:11','2012-11-13 11:13:11'),(304,2,57,5,900.25,'2012-11-13 11:13:10','2012-11-13 11:13:10'),(305,4,54,7,900.344000101,'2012-11-13 11:13:09','2012-11-13 11:13:09'),(306,2,57,5,101.485000134,'2012-11-13 11:13:10','2012-11-13 11:13:10'),(307,4,54,7,205.343999863,'2012-11-13 11:13:09','2012-11-13 11:13:09'),(308,3,42,4,900,'2012-11-13 11:13:11','2012-11-13 11:13:11'),(309,2,57,1,900,'2012-11-13 11:13:10','2012-11-13 11:13:10'),(310,4,54,7,900,'2012-11-13 11:13:09','2012-11-13 11:13:09'),(311,3,42,4,900.328000069,'2012-11-13 11:13:11','2012-11-13 11:13:11'),(312,2,57,1,900.359999895,'2012-11-13 11:13:10','2012-11-13 11:13:10'),(313,4,54,7,900.391000032,'2012-11-13 11:13:09','2012-11-13 11:13:09'),(314,3,42,4,900.421999931,'2012-11-13 11:13:11','2012-11-13 11:13:11'),(315,2,57,1,900.390000105,'2012-11-13 11:13:10','2012-11-13 11:13:10'),(316,4,54,7,900.405999899,'2012-11-13 11:13:09','2012-11-13 11:13:09'),(317,3,42,4,900.421999931,'2012-11-13 11:13:11','2012-11-13 11:13:11'),(318,2,57,1,900.405999899,'2012-11-13 11:13:10','2012-11-13 11:13:10'),(319,4,54,7,900.391000032,'2012-11-13 11:13:09','2012-11-13 11:13:09'),(320,3,42,4,900.406000137,'2012-11-13 11:13:11','2012-11-13 11:13:11'),(321,2,57,1,900.375,'2012-11-13 11:13:10','2012-11-13 11:13:10'),(322,4,54,7,900.421999931,'2012-11-13 11:13:09','2012-11-13 11:13:09'),(323,3,42,4,900.405999899,'2012-11-13 11:13:11','2012-11-13 11:13:11'),(324,2,57,1,900.407000065,'2012-11-13 11:13:10','2012-11-13 11:13:10'),(325,4,54,7,900.42200017,'2012-11-13 11:13:09','2012-11-13 11:13:09'),(326,3,42,4,900.391000032,'2012-11-13 11:13:11','2012-11-13 11:13:11'),(327,2,57,1,900.32799983,'2012-11-13 11:13:10','2012-11-13 11:13:10'),(328,4,54,7,900.389999866,'2012-11-13 11:13:09','2012-11-13 11:13:09'),(329,2,57,1,478.281000137,'2012-11-13 11:13:10','2012-11-13 11:13:10'),(330,3,42,4,900.421999931,'2012-11-13 11:13:11','2012-11-13 11:13:11'),(331,2,55,1,418.187000036,'2012-11-13 11:13:09','2012-11-13 11:13:09'),(332,4,54,7,900.407000065,'2012-11-13 11:13:09','2012-11-13 11:13:09'),(333,2,55,1,481.812999964,'2012-11-13 11:13:09','2012-11-13 11:13:09'),(334,3,42,4,900.421999931,'2012-11-13 11:13:11','2012-11-13 11:13:11'),(335,2,55,1,418.531000137,'2012-11-13 11:13:09','2012-11-13 11:13:09'),(336,4,54,7,900.375,'2012-11-13 11:13:09','2012-11-13 11:13:09'),(337,2,55,1,481.82799983,'2012-11-13 11:13:09','2012-11-13 11:13:09'),(338,3,42,4,900.406000137,'2012-11-13 11:13:11','2012-11-13 11:13:11'),(339,2,55,1,418.453000069,'2012-11-13 11:13:09','2012-11-13 11:13:09'),(340,4,54,7,900.437000036,'2012-11-13 11:13:09','2012-11-13 11:13:09'),(341,2,55,1,481.907000065,'2012-11-13 11:13:09','2012-11-13 11:13:09'),(342,4,54,7,568.858999968,'2012-11-13 11:13:09','2012-11-13 11:13:09'),(343,3,42,4,900.328000069,'2012-11-13 11:13:11','2012-11-13 11:13:11'),(344,2,55,1,418.45299983,'2012-11-13 11:13:09','2012-11-13 11:13:09'),(345,4,2,7,250.640999794,'2012-11-13 11:13:09','2012-11-13 11:13:09'),(346,2,55,1,481.890000105,'2012-11-13 11:13:09','2012-11-13 11:13:09'),(347,4,2,7,462.031000137,'2012-11-13 11:13:09','2012-11-13 11:13:09'),(348,4,54,7,148.5,'2012-11-13 11:13:09','2012-11-13 11:13:09'),(349,3,42,4,900.421999931,'2012-11-13 11:13:11','2012-11-13 11:13:11'),(350,2,55,1,418.437999964,'2012-11-13 11:13:09','2012-11-13 11:13:09'),(351,4,54,7,250.968999863,'2012-11-13 11:13:09','2012-11-13 11:13:09'),(352,2,55,1,481.906000137,'2012-11-13 11:13:09','2012-11-13 11:13:09'),(353,4,54,7,500.546999931,'2012-11-13 11:13:09','2012-11-13 11:13:09'),(354,4,54,7,148.890000105,'2012-11-13 11:13:09','2012-11-13 11:13:09'),(355,3,42,4,900.375,'2012-11-13 11:13:11','2012-11-13 11:13:11'),(356,2,55,1,418.45299983,'2012-11-13 11:13:09','2012-11-13 11:13:09'),(357,4,54,7,251.016000032,'2012-11-13 11:13:09','2012-11-13 11:13:09'),(358,2,55,1,481.891000032,'2012-11-13 11:13:09','2012-11-13 11:13:09'),(359,4,54,7,500.483999968,'2012-11-13 11:13:09','2012-11-13 11:13:09'),(360,4,54,7,148.719000101,'2012-11-13 11:13:09','2012-11-13 11:13:09'),(361,3,42,4,900.391000032,'2012-11-13 11:13:11','2012-11-13 11:13:11'),(362,2,55,1,418.483999968,'2012-11-13 11:13:09','2012-11-13 11:13:09'),(363,4,54,7,251.140999794,'2012-11-13 11:13:09','2012-11-13 11:13:09'),(364,2,55,1,481.92200017,'2012-11-13 11:13:09','2012-11-13 11:13:09'),(365,4,54,7,500.5,'2012-11-13 11:13:09','2012-11-13 11:13:09'),(366,4,54,7,148.75,'2012-11-13 11:13:09','2012-11-13 11:13:09'),(367,3,42,4,900.405999899,'2012-11-13 11:13:11','2012-11-13 11:13:11'),(368,2,55,1,418.312999964,'2012-11-13 11:13:09','2012-11-13 11:13:09'),(369,4,54,7,251.015000105,'2012-11-13 11:13:09','2012-11-13 11:13:09'),(370,2,55,1,482.014999866,'2012-11-13 11:13:09','2012-11-13 11:13:09'),(371,4,54,7,500.641000032,'2012-11-13 11:13:09','2012-11-13 11:13:09'),(372,4,54,7,148.780999899,'2012-11-13 11:13:09','2012-11-13 11:13:09'),(373,3,42,4,900.406000137,'2012-11-13 11:13:11','2012-11-13 11:13:11'),(374,2,55,1,418.360000134,'2012-11-13 11:13:09','2012-11-13 11:13:09'),(375,4,54,7,250.937999964,'2012-11-13 11:13:09','2012-11-13 11:13:09'),(376,2,55,1,481.967999935,'2012-11-13 11:13:09','2012-11-13 11:13:09'),(377,4,54,7,500.625,'2012-11-13 11:13:09','2012-11-13 11:13:09'),(378,4,54,7,148.828000069,'2012-11-13 11:13:09','2012-11-13 11:13:09'),(379,3,42,4,906.171999931,'2012-11-13 11:13:11','2012-11-13 11:13:11'),(380,2,55,1,418.25,'2012-11-13 11:13:09','2012-11-13 11:13:09'),(381,4,54,7,251,'2012-11-13 11:13:09','2012-11-13 11:13:09'),(382,2,55,1,481.984999895,'2012-11-13 11:13:09','2012-11-13 11:13:09'),(383,4,54,7,500.562000036,'2012-11-13 11:13:09','2012-11-13 11:13:09'),(384,4,54,7,148.796999931,'2012-11-13 11:13:09','2012-11-13 11:13:09'),(385,3,42,4,900.421999931,'2012-11-13 11:13:11','2012-11-13 11:13:11'),(386,2,55,1,418.42200017,'2012-11-13 11:13:09','2012-11-13 11:13:09'),(387,4,54,7,251,'2012-11-13 11:13:09','2012-11-13 11:13:09'),(388,2,55,1,481.967999935,'2012-11-13 11:13:09','2012-11-13 11:13:09'),(389,4,54,7,500.641000032,'2012-11-13 11:13:09','2012-11-13 11:13:09'),(390,4,54,7,148.766000032,'2012-11-13 11:13:09','2012-11-13 11:13:09'),(391,3,42,4,900.406000137,'2012-11-13 11:13:11','2012-11-13 11:13:11'),(392,2,55,1,418.375,'2012-11-13 11:13:09','2012-11-13 11:13:09'),(393,4,54,7,250.905999899,'2012-11-13 11:13:09','2012-11-13 11:13:09'),(394,2,55,1,482.016000032,'2012-11-13 11:13:09','2012-11-13 11:13:09'),(395,4,54,7,500.734000206,'2012-11-13 11:13:09','2012-11-13 11:13:09'),(396,4,54,7,148.765999794,'2012-11-13 11:13:09','2012-11-13 11:13:09'),(397,3,42,4,900.405999899,'2012-11-13 11:13:11','2012-11-13 11:13:11'),(398,2,55,1,418.405999899,'2012-11-13 11:13:09','2012-11-13 11:13:09'),(399,4,54,7,250.906000137,'2012-11-13 11:13:09','2012-11-13 11:13:09'),(400,2,55,1,481.953000069,'2012-11-13 11:13:09','2012-11-13 11:13:09'),(401,4,54,7,500.733999968,'2012-11-13 11:13:09','2012-11-13 11:13:09'),(402,4,54,7,148.766000032,'2012-11-13 11:13:09','2012-11-13 11:13:09'),(403,3,42,4,900.407000065,'2012-11-13 11:13:11','2012-11-13 11:13:11'),(404,2,55,1,418.453999996,'2012-11-13 11:13:09','2012-11-13 11:13:09'),(405,4,54,7,250.921999931,'2012-11-13 11:13:09','2012-11-13 11:13:09'),(406,2,55,1,481.905999899,'2012-11-13 11:13:09','2012-11-13 11:13:09'),(407,4,54,7,500.703000069,'2012-11-13 11:13:09','2012-11-13 11:13:09'),(408,4,54,7,148.766000032,'2012-11-13 11:13:09','2012-11-13 11:13:09'),(409,3,42,4,900.405999899,'2012-11-13 11:13:11','2012-11-13 11:13:11'),(410,2,55,1,418.469000101,'2012-11-13 11:13:09','2012-11-13 11:13:09'),(411,4,54,7,250.921999931,'2012-11-13 11:13:09','2012-11-13 11:13:09'),(412,2,55,1,481.905999899,'2012-11-13 11:13:09','2012-11-13 11:13:09'),(413,4,54,7,500.733999968,'2012-11-13 11:13:09','2012-11-13 11:13:09'),(414,4,54,7,148.733999968,'2012-11-13 11:13:09','2012-11-13 11:13:09'),(415,3,42,4,900.421999931,'2012-11-13 11:13:11','2012-11-13 11:13:11'),(416,2,55,1,418.469000101,'2012-11-13 11:13:09','2012-11-13 11:13:09'),(417,2,55,1,8.375,'2012-11-13 11:13:09','2012-11-13 11:13:09'),(418,4,54,7,250.937999964,'2012-11-13 11:13:09','2012-11-13 11:13:09'),(419,2,52,1,436.32799983,'2012-11-13 11:13:09','2012-11-13 11:13:09'),(420,4,54,7,500.719000101,'2012-11-13 11:13:09','2012-11-13 11:13:09'),(421,4,54,7,148.780999899,'2012-11-13 11:13:09','2012-11-13 11:13:09'),(422,3,42,4,900.375,'2012-11-13 11:13:11','2012-11-13 11:13:11'),(423,2,52,1,418.344000101,'2012-11-13 11:13:09','2012-11-13 11:13:09'),(424,4,54,7,250.92200017,'2012-11-13 11:13:09','2012-11-13 11:13:09'),(425,2,52,1,45.3280000687,'2012-11-13 11:13:09','2012-11-13 11:13:09'),(426,2,52,1,229.812000036,'2012-11-13 11:13:09','2012-11-13 11:13:09'),(427,2,55,1,192.359000206,'2012-11-13 11:13:09','2012-11-13 11:13:09'),(428,4,54,7,500.608999968,'2012-11-13 11:13:09','2012-11-13 11:13:09'),(429,4,54,7,148.858999968,'2012-11-13 11:13:09','2012-11-13 11:13:09'),(430,3,42,4,900.437000036,'2012-11-13 11:13:11','2012-11-13 11:13:11'),(431,2,55,1,418.25,'2012-11-13 11:13:09','2012-11-13 11:13:09'),(432,4,54,7,250.907000065,'2012-11-13 11:13:09','2012-11-13 11:13:09'),(433,2,55,1,45.5,'2012-11-13 11:13:09','2012-11-13 11:13:09'),(434,2,55,1,243.890999794,'2012-11-13 11:13:09','2012-11-13 11:13:09'),(435,2,55,1,192.765000105,'2012-11-13 11:13:09','2012-11-13 11:13:09'),(436,4,54,7,500.514999866,'2012-11-13 11:13:09','2012-11-13 11:13:09'),(437,4,54,7,148.953000069,'2012-11-13 11:13:09','2012-11-13 11:13:09'),(438,3,42,4,900.391000032,'2012-11-13 11:13:11','2012-11-13 11:13:11'),(439,2,55,1,418.219000101,'2012-11-13 11:13:09','2012-11-13 11:13:09'),(440,4,54,7,250.907000065,'2012-11-13 11:13:09','2012-11-13 11:13:09'),(441,2,55,1,45.4689998627,'2012-11-13 11:13:09','2012-11-13 11:13:09'),(442,2,55,1,243.875,'2012-11-13 11:13:09','2012-11-13 11:13:09'),(443,2,55,1,192.719000101,'2012-11-13 11:13:09','2012-11-13 11:13:09'),(444,4,54,7,500.514999866,'2012-11-13 11:13:09','2012-11-13 11:13:09'),(445,4,54,7,148.969000101,'2012-11-13 11:13:09','2012-11-13 11:13:09'),(446,3,42,4,900.406000137,'2012-11-13 11:13:11','2012-11-13 11:13:11'),(447,2,55,1,418.280999899,'2012-11-13 11:13:09','2012-11-13 11:13:09'),(448,2,55,1,45.4839999676,'2012-11-13 11:13:09','2012-11-13 11:13:09'),(449,4,54,7,250.905999899,'2012-11-13 11:13:09','2012-11-13 11:13:09'),(450,2,55,1,243.875,'2012-11-13 11:13:09','2012-11-13 11:13:09'),(451,2,55,1,192.703000069,'2012-11-13 11:13:09','2012-11-13 11:13:09'),(452,4,54,7,500.5,'2012-11-13 11:13:09','2012-11-13 11:13:09'),(453,4,54,7,148.969000101,'2012-11-13 11:13:09','2012-11-13 11:13:09'),(454,3,42,4,900.375,'2012-11-13 11:13:11','2012-11-13 11:13:11'),(455,2,55,1,418.266000032,'2012-11-13 11:13:09','2012-11-13 11:13:09'),(456,2,55,1,45.5,'2012-11-13 11:13:09','2012-11-13 11:13:09'),(457,4,54,7,250.905999899,'2012-11-13 11:13:09','2012-11-13 11:13:09'),(458,2,55,1,243.953000069,'2012-11-13 11:13:09','2012-11-13 11:13:09'),(459,2,55,1,192.609999895,'2012-11-13 11:13:09','2012-11-13 11:13:09'),(460,4,54,7,500.5,'2012-11-13 11:13:09','2012-11-13 11:13:09'),(461,4,54,7,148.969000101,'2012-11-13 11:13:09','2012-11-13 11:13:09'),(462,3,42,4,900.405999899,'2012-11-13 11:13:11','2012-11-13 11:13:11'),(463,2,55,1,418.342999935,'2012-11-13 11:13:09','2012-11-13 11:13:09'),(464,2,55,1,45.5160000324,'2012-11-13 11:13:09','2012-11-13 11:13:09'),(465,4,54,7,250.905999899,'2012-11-13 11:13:09','2012-11-13 11:13:09'),(466,2,55,1,243.937000036,'2012-11-13 11:13:09','2012-11-13 11:13:09'),(467,2,55,1,192.594000101,'2012-11-13 11:13:09','2012-11-13 11:13:09'),(468,4,54,7,500.5,'2012-11-13 11:13:09','2012-11-13 11:13:09'),(469,4,54,7,148.969000101,'2012-11-13 11:13:09','2012-11-13 11:13:09'),(470,3,42,4,900.312999964,'2012-11-13 11:13:11','2012-11-13 11:13:11'),(471,2,55,1,418.312999964,'2012-11-13 11:13:09','2012-11-13 11:13:09'),(472,2,55,1,45.5929999352,'2012-11-13 11:13:09','2012-11-13 11:13:09'),(473,4,54,7,250.891000032,'2012-11-13 11:13:09','2012-11-13 11:13:09'),(474,2,55,1,243.921999931,'2012-11-13 11:13:09','2012-11-13 11:13:09'),(475,2,55,1,192.610000134,'2012-11-13 11:13:09','2012-11-13 11:13:09'),(476,4,54,7,500.5,'2012-11-13 11:13:09','2012-11-13 11:13:09'),(477,4,54,7,148.967999935,'2012-11-13 11:13:09','2012-11-13 11:13:09'),(478,3,42,4,900.391000032,'2012-11-13 11:13:11','2012-11-13 11:13:11'),(479,2,55,1,418.217999935,'2012-11-13 11:13:09','2012-11-13 11:13:09'),(480,3,42,4,21.7650001049,'2012-11-13 11:13:11','2012-11-13 11:13:11'),(481,2,55,1,45.625,'2012-11-13 11:13:09','2012-11-13 11:13:09'),(482,4,54,7,250.907000065,'2012-11-13 11:13:09','2012-11-13 11:13:09'),(483,2,55,1,243.907000065,'2012-11-13 11:13:09','2012-11-13 11:13:09'),(484,2,55,1,86.2339999676,'2012-11-13 11:13:09','2012-11-13 11:13:09'),(485,4,54,7,500.483999968,'2012-11-13 11:13:09','2012-11-13 11:13:09'),(486,4,54,7,148.968999863,'2012-11-13 11:13:09','2012-11-13 11:13:09'),(487,4,54,7,250.92200017,'2012-11-13 11:13:09','2012-11-13 11:13:09'),(488,4,54,7,69.1089999676,'2012-11-13 11:13:09','2012-11-13 11:13:09'),(489,2,55,1,900,'2012-11-13 11:13:09','2012-11-13 11:13:09'),(490,3,42,4,900,'2012-11-13 11:13:11','2012-11-13 11:13:11'),(491,4,54,7,900,'2012-11-13 11:13:09','2012-11-13 11:13:09'),(492,2,55,1,900.406000137,'2012-11-13 11:13:09','2012-11-13 11:13:09'),(493,3,42,4,900.405999899,'2012-11-13 11:13:11','2012-11-13 11:13:11'),(494,4,54,7,900.421999931,'2012-11-13 11:13:09','2012-11-13 11:13:09'),(495,2,55,1,900.359999895,'2012-11-13 11:13:09','2012-11-13 11:13:09'),(496,3,42,4,900.391000032,'2012-11-13 11:13:11','2012-11-13 11:13:11'),(497,4,54,7,900.375,'2012-11-13 11:13:09','2012-11-13 11:13:09'),(498,2,55,1,900.358999968,'2012-11-13 11:13:09','2012-11-13 11:13:09'),(499,3,42,4,900.406000137,'2012-11-13 11:13:11','2012-11-13 11:13:11'),(500,4,54,7,900.25,'2012-11-13 11:13:09','2012-11-13 11:13:09'),(501,2,55,1,900.391000032,'2012-11-13 11:13:09','2012-11-13 11:13:09'),(502,3,42,4,900.421999931,'2012-11-13 11:13:11','2012-11-13 11:13:11'),(503,4,54,7,900.358999968,'2012-11-13 11:13:09','2012-11-13 11:13:09'),(504,2,55,1,900.421000004,'2012-11-13 11:13:09','2012-11-13 11:13:09'),(505,3,42,4,900.328000069,'2012-11-13 11:13:11','2012-11-13 11:13:11'),(506,4,54,7,900.375,'2012-11-13 11:13:09','2012-11-13 11:13:09'),(507,2,55,1,900.359999895,'2012-11-13 11:13:09','2012-11-13 11:13:09'),(508,3,42,4,900.343999863,'2012-11-13 11:13:11','2012-11-13 11:13:11'),(509,4,54,7,900.25,'2012-11-13 11:13:09','2012-11-13 11:13:09'),(510,3,42,4,801.969000101,'2012-11-13 11:13:11','2012-11-13 11:13:11'),(511,2,55,1,900.390000105,'2012-11-13 11:13:09','2012-11-13 11:13:09'),(512,4,54,7,900.360000134,'2012-11-13 11:13:09','2012-11-13 11:13:09'),(513,2,55,1,900.391000032,'2012-11-13 11:13:09','2012-11-13 11:13:09'),(514,4,54,7,900.358999968,'2012-11-13 11:13:09','2012-11-13 11:13:09'),(515,2,55,1,900.437999964,'2012-11-13 11:13:09','2012-11-13 11:13:09'),(516,4,54,7,900.375,'2012-11-13 11:13:09','2012-11-13 11:13:09'),(517,3,42,4,900.032000065,'2012-11-13 11:13:11','2012-11-13 11:13:11'),(518,2,55,1,900.358999968,'2012-11-13 11:13:09','2012-11-13 11:13:09'),(519,4,54,7,900.358999968,'2012-11-13 11:13:09','2012-11-13 11:13:09'),(520,3,42,4,900.421999931,'2012-11-13 11:13:11','2012-11-13 11:13:11'),(521,2,55,1,900.406000137,'2012-11-13 11:13:09','2012-11-13 11:13:09'),(522,4,54,7,900.359999895,'2012-11-13 11:13:09','2012-11-13 11:13:09'),(523,3,42,4,900.405999899,'2012-11-13 11:13:11','2012-11-13 11:13:11'),(524,2,55,1,900.32799983,'2012-11-13 11:13:09','2012-11-13 11:13:09'),(525,4,54,7,900.375,'2012-11-13 11:13:09','2012-11-13 11:13:09'),(526,3,42,4,900.406000137,'2012-11-13 11:13:11','2012-11-13 11:13:11'),(527,2,55,1,876.391000032,'2012-11-13 11:13:09','2012-11-13 11:13:09'),(528,4,54,7,900.359000206,'2012-11-13 11:13:09','2012-11-13 11:13:09'),(529,3,42,4,900.405999899,'2012-11-13 11:13:11','2012-11-13 11:13:11'),(530,4,54,7,900.359999895,'2012-11-13 11:13:09','2012-11-13 11:13:09'),(531,3,42,4,900.437999964,'2012-11-13 11:13:11','2012-11-13 11:13:11'),(532,2,55,1,900,'2012-11-13 11:13:09','2012-11-13 11:13:09'),(533,4,54,7,900.375,'2012-11-13 11:13:09','2012-11-13 11:13:09'),(534,3,42,4,900.42200017,'2012-11-13 11:13:11','2012-11-13 11:13:11'),(535,2,55,1,900.358999968,'2012-11-13 11:13:09','2012-11-13 11:13:09'),(536,3,42,4,548,'2012-11-13 11:13:11','2012-11-13 11:13:11'),(537,4,54,7,900.358999968,'2012-11-13 11:13:09','2012-11-13 11:13:09'),(538,2,55,1,900.375,'2012-11-13 11:13:09','2012-11-13 11:13:09'),(539,4,54,7,900.375,'2012-11-13 11:13:09','2012-11-13 11:13:09'),(540,2,55,1,900.359999895,'2012-11-13 11:13:09','2012-11-13 11:13:09'),(541,4,54,7,900.391000032,'2012-11-13 11:13:09','2012-11-13 11:13:09'),(542,2,55,1,900.390000105,'2012-11-13 11:13:09','2012-11-13 11:13:09'),(543,4,54,7,900.265000105,'2012-11-13 11:13:09','2012-11-13 11:13:09'),(544,3,56,1,236.437999964,'2012-11-13 11:13:10','2012-11-13 11:13:10'),(545,2,55,1,900.328999996,'2012-11-13 11:13:09','2012-11-13 11:13:09'),(546,4,54,7,900.375,'2012-11-13 11:13:09','2012-11-13 11:13:09'),(547,3,42,7,2.31299996376,'2012-11-13 11:13:11','2012-11-13 11:13:11'),(548,2,55,1,900.358999968,'2012-11-13 11:13:09','2012-11-13 11:13:09'),(549,4,54,7,693.968999863,'2012-11-13 11:13:09','2012-11-13 11:13:09'),(550,4,2,7,25.7820000648,'2012-11-13 11:13:09','2012-11-13 11:13:09'),(551,3,56,1,868.734000206,'2012-11-13 11:13:10','2012-11-13 11:13:10'),(552,3,56,1,31.265999794,'2012-11-13 11:13:10','2012-11-13 11:13:10'),(553,2,55,1,900.281000137,'2012-11-13 11:13:09','2012-11-13 11:13:09'),(554,3,56,1,475.703000069,'2012-11-13 11:13:10','2012-11-13 11:13:10'),(555,4,2,7,874.217999935,'2012-11-13 11:13:09','2012-11-13 11:13:09'),(556,4,2,7,26.1879999638,'2012-11-13 11:13:09','2012-11-13 11:13:09'),(557,3,42,7,369.921000004,'2012-11-13 11:13:11','2012-11-13 11:13:11'),(558,3,42,7,31.3910000324,'2012-11-13 11:13:11','2012-11-13 11:13:11'),(559,2,55,1,900.359999895,'2012-11-13 11:13:09','2012-11-13 11:13:09'),(560,3,42,7,498.687999964,'2012-11-13 11:13:11','2012-11-13 11:13:11'),(561,4,2,7,874.203000069,'2012-11-13 11:13:09','2012-11-13 11:13:09'),(562,4,2,7,26.1410000324,'2012-11-13 11:13:09','2012-11-13 11:13:09'),(563,3,42,7,370.358999968,'2012-11-13 11:13:11','2012-11-13 11:13:11'),(564,3,42,7,31.375,'2012-11-13 11:13:11','2012-11-13 11:13:11'),(565,4,2,7,393.375,'2012-11-13 11:13:09','2012-11-13 11:13:09'),(566,2,55,1,900.375,'2012-11-13 11:13:09','2012-11-13 11:13:09'),(567,3,42,7,493.516000032,'2012-11-13 11:13:11','2012-11-13 11:13:11'),(568,2,55,1,266.578000069,'2012-11-13 11:13:09','2012-11-13 11:13:09'),(569,4,54,7,457.733999968,'2012-11-13 11:13:09','2012-11-13 11:13:09'),(570,4,54,7,26.1870000362,'2012-11-13 11:13:09','2012-11-13 11:13:09'),(571,3,56,1,350.75,'2012-11-13 11:13:10','2012-11-13 11:13:10'),(572,3,56,1,31.375,'2012-11-13 11:13:10','2012-11-13 11:13:10'),(573,2,55,2,623.421000004,'2012-11-13 11:13:09','2012-11-13 11:13:09'),(574,4,54,7,416.078999996,'2012-11-13 11:13:09','2012-11-13 11:13:09'),(575,3,56,1,517.875,'2012-11-13 11:13:10','2012-11-13 11:13:10'),(576,2,55,2,276.578999996,'2012-11-13 11:13:09','2012-11-13 11:13:09'),(577,4,54,7,458.155999899,'2012-11-13 11:13:09','2012-11-13 11:13:09'),(578,4,54,7,26.0150001049,'2012-11-13 11:13:09','2012-11-13 11:13:09'),(579,3,56,1,351.094000101,'2012-11-13 11:13:10','2012-11-13 11:13:10'),(580,3,56,1,31.4059998989,'2012-11-13 11:13:10','2012-11-13 11:13:10'),(581,2,55,2,623.828000069,'2012-11-13 11:13:09','2012-11-13 11:13:09'),(582,4,54,7,416.219000101,'2012-11-13 11:13:09','2012-11-13 11:13:09'),(583,3,56,1,517.828000069,'2012-11-13 11:13:10','2012-11-13 11:13:10'),(584,2,55,2,243.358999968,'2012-11-13 11:13:09','2012-11-13 11:13:09'),(585,4,54,7,458.093999863,'2012-11-13 11:13:09','2012-11-13 11:13:09'),(586,4,54,7,26.0310001373,'2012-11-13 11:13:09','2012-11-13 11:13:09'),(587,3,56,1,351,'2012-11-13 11:13:10','2012-11-13 11:13:10'),(588,3,56,1,31.5,'2012-11-13 11:13:10','2012-11-13 11:13:10'),(589,4,54,7,416.218999863,'2012-11-13 11:13:09','2012-11-13 11:13:09'),(590,3,56,1,517.921999931,'2012-11-13 11:13:10','2012-11-13 11:13:10'),(591,4,54,7,458.108999968,'2012-11-13 11:13:09','2012-11-13 11:13:09'),(592,4,54,7,26.0320000648,'2012-11-13 11:13:09','2012-11-13 11:13:09'),(593,3,56,1,350.92200017,'2012-11-13 11:13:10','2012-11-13 11:13:10'),(594,3,56,1,31.5149998665,'2012-11-13 11:13:10','2012-11-13 11:13:10'),(595,4,54,7,416.280999899,'2012-11-13 11:13:09','2012-11-13 11:13:09'),(596,3,56,1,517.969000101,'2012-11-13 11:13:10','2012-11-13 11:13:10'),(597,4,54,7,458.062000036,'2012-11-13 11:13:09','2012-11-13 11:13:09'),(598,3,56,1,260.641000032,'2012-11-13 11:13:10','2012-11-13 11:13:10'),(599,4,54,7,26.0629999638,'2012-11-13 11:13:09','2012-11-13 11:13:09'),(600,4,54,7,416.203000069,'2012-11-13 11:13:09','2012-11-13 11:13:09'),(601,4,54,7,458.156000137,'2012-11-13 11:13:09','2012-11-13 11:13:09'),(602,4,54,7,26.0309998989,'2012-11-13 11:13:09','2012-11-13 11:13:09'),(603,4,54,7,416.157000065,'2012-11-13 11:13:09','2012-11-13 11:13:09'),(604,4,54,7,458.20299983,'2012-11-13 11:13:09','2012-11-13 11:13:09'),(605,4,54,7,26.0310001373,'2012-11-13 11:13:09','2012-11-13 11:13:09'),(606,4,54,7,416.062999964,'2012-11-13 11:13:09','2012-11-13 11:13:09'),(607,4,54,7,137.328000069,'2012-11-13 11:13:09','2012-11-13 11:13:09'),(608,3,56,1,900,'2012-11-13 11:13:10','2012-11-13 11:13:10'),(609,3,56,1,900.389999866,'2012-11-13 11:13:10','2012-11-13 11:13:10'),(610,3,56,1,900.391000032,'2012-11-13 11:13:10','2012-11-13 11:13:10'),(611,3,56,1,900.406000137,'2012-11-13 11:13:10','2012-11-13 11:13:10'),(612,3,56,1,900.32799983,'2012-11-13 11:13:10','2012-11-13 11:13:10'),(613,3,56,1,900.328000069,'2012-11-13 11:13:10','2012-11-13 11:13:10'),(614,3,56,1,900.407000065,'2012-11-13 11:13:10','2012-11-13 11:13:10'),(615,2,55,17,900,'2012-11-13 11:13:09','2012-11-13 11:13:09'),(616,3,56,1,900.405999899,'2012-11-13 11:13:10','2012-11-13 11:13:10'),(617,2,55,17,900.375,'2012-11-13 11:13:09','2012-11-13 11:13:09'),(618,3,56,1,900.375,'2012-11-13 11:13:10','2012-11-13 11:13:10'),(619,4,54,7,900,'2012-11-13 11:13:09','2012-11-13 11:13:09'),(620,2,55,17,900.390999794,'2012-11-13 11:13:09','2012-11-13 11:13:09'),(621,3,56,1,900.391000032,'2012-11-13 11:13:10','2012-11-13 11:13:10'),(622,4,54,7,900.405999899,'2012-11-13 11:13:09','2012-11-13 11:13:09'),(623,2,55,17,900.344000101,'2012-11-13 11:13:09','2012-11-13 11:13:09'),(624,3,56,1,900.405999899,'2012-11-13 11:13:10','2012-11-13 11:13:10'),(625,4,54,7,900.375,'2012-11-13 11:13:09','2012-11-13 11:13:09'),(626,4,54,7,329.625,'2012-11-13 11:13:09','2012-11-13 11:13:09'),(627,2,55,17,900.358999968,'2012-11-13 11:13:09','2012-11-13 11:13:09'),(628,2,55,17,29.9370000362,'2012-11-13 11:13:09','2012-11-13 11:13:09'),(629,3,56,1,900.312000036,'2012-11-13 11:13:10','2012-11-13 11:13:10'),(630,2,55,2,864.078999996,'2012-11-13 11:13:09','2012-11-13 11:13:09'),(631,2,55,2,35.9210000038,'2012-11-13 11:13:09','2012-11-13 11:13:09'),(632,3,56,1,900.391000032,'2012-11-13 11:13:10','2012-11-13 11:13:10'),(633,4,54,7,900.015000105,'2012-11-13 11:13:09','2012-11-13 11:13:09'),(634,2,55,2,864.344000101,'2012-11-13 11:13:09','2012-11-13 11:13:09'),(635,2,55,2,35.9849998951,'2012-11-13 11:13:09','2012-11-13 11:13:09'),(636,3,56,1,900.421999931,'2012-11-13 11:13:10','2012-11-13 11:13:10'),(637,4,54,7,900.359999895,'2012-11-13 11:13:09','2012-11-13 11:13:09'),(638,2,55,2,864.437000036,'2012-11-13 11:13:09','2012-11-13 11:13:09'),(639,2,55,2,35.9839999676,'2012-11-13 11:13:09','2012-11-13 11:13:09'),(640,3,56,1,900.328000069,'2012-11-13 11:13:10','2012-11-13 11:13:10'),(641,4,54,7,900.390000105,'2012-11-13 11:13:09','2012-11-13 11:13:09'),(642,2,55,2,864.407000065,'2012-11-13 11:13:09','2012-11-13 11:13:09'),(643,2,55,2,35.9839999676,'2012-11-13 11:13:09','2012-11-13 11:13:09'),(644,3,56,1,900.406000137,'2012-11-13 11:13:10','2012-11-13 11:13:10'),(645,4,54,7,900.390999794,'2012-11-13 11:13:09','2012-11-13 11:13:09'),(646,2,55,2,864.375,'2012-11-13 11:13:09','2012-11-13 11:13:09'),(647,2,55,2,35.9839999676,'2012-11-13 11:13:09','2012-11-13 11:13:09'),(648,3,56,1,900.421999931,'2012-11-13 11:13:10','2012-11-13 11:13:10'),(649,4,54,7,900.25,'2012-11-13 11:13:09','2012-11-13 11:13:09'),(650,2,55,2,864.391000032,'2012-11-13 11:13:09','2012-11-13 11:13:09'),(651,2,55,2,35.875,'2012-11-13 11:13:09','2012-11-13 11:13:09'),(652,3,56,1,900.391000032,'2012-11-13 11:13:10','2012-11-13 11:13:10'),(653,4,54,7,900.42200017,'2012-11-13 11:13:09','2012-11-13 11:13:09'),(654,2,55,2,864.483999968,'2012-11-13 11:13:09','2012-11-13 11:13:09'),(655,2,55,2,35.875,'2012-11-13 11:13:09','2012-11-13 11:13:09'),(656,3,56,1,900.280999899,'2012-11-13 11:13:10','2012-11-13 11:13:10'),(657,4,54,7,900.25,'2012-11-13 11:13:09','2012-11-13 11:13:09'),(658,2,55,2,864.484999895,'2012-11-13 11:13:09','2012-11-13 11:13:09'),(659,2,55,2,35.875,'2012-11-13 11:13:09','2012-11-13 11:13:09'),(660,3,56,1,900.421999931,'2012-11-13 11:13:10','2012-11-13 11:13:10'),(661,4,54,7,900.437000036,'2012-11-13 11:13:09','2012-11-13 11:13:09'),(662,2,55,2,864.5,'2012-11-13 11:13:09','2012-11-13 11:13:09'),(663,2,55,2,35.875,'2012-11-13 11:13:09','2012-11-13 11:13:09'),(664,3,56,1,900.390000105,'2012-11-13 11:13:10','2012-11-13 11:13:10'),(665,4,54,7,900.312999964,'2012-11-13 11:13:09','2012-11-13 11:13:09'),(666,2,55,2,864.484000206,'2012-11-13 11:13:09','2012-11-13 11:13:09'),(667,2,55,2,35.765999794,'2012-11-13 11:13:09','2012-11-13 11:13:09'),(668,3,56,1,900.437999964,'2012-11-13 11:13:10','2012-11-13 11:13:10'),(669,4,54,7,900.405999899,'2012-11-13 11:13:09','2012-11-13 11:13:09'),(670,2,55,2,864.484000206,'2012-11-13 11:13:09','2012-11-13 11:13:09'),(671,2,55,2,35.875,'2012-11-13 11:13:09','2012-11-13 11:13:09'),(672,3,56,1,900.296999931,'2012-11-13 11:13:10','2012-11-13 11:13:10'),(673,4,54,7,900.312000036,'2012-11-13 11:13:09','2012-11-13 11:13:09'),(674,2,55,2,864.515999794,'2012-11-13 11:13:09','2012-11-13 11:13:09'),(675,2,55,2,35.9220001698,'2012-11-13 11:13:09','2012-11-13 11:13:09'),(676,3,56,1,900.406000137,'2012-11-13 11:13:10','2012-11-13 11:13:10'),(677,4,54,7,900.421999931,'2012-11-13 11:13:09','2012-11-13 11:13:09'),(678,2,55,2,864.32799983,'2012-11-13 11:13:09','2012-11-13 11:13:09'),(679,2,55,2,36.109000206,'2012-11-13 11:13:09','2012-11-13 11:13:09'),(680,3,56,1,700.858999968,'2012-11-13 11:13:10','2012-11-13 11:13:10'),(681,2,55,2,403.484999895,'2012-11-13 11:13:09','2012-11-13 11:13:09'),(682,3,42,7,171.155999899,'2012-11-13 11:13:11','2012-11-13 11:13:11'),(683,4,54,7,900.25,'2012-11-13 11:13:09','2012-11-13 11:13:09'),(684,2,55,17,455.171000004,'2012-11-13 11:13:09','2012-11-13 11:13:09'),(685,2,55,17,36.0940001011,'2012-11-13 11:13:09','2012-11-13 11:13:09'),(686,3,42,7,728.844000101,'2012-11-13 11:13:11','2012-11-13 11:13:11'),(687,2,55,17,408.75,'2012-11-13 11:13:09','2012-11-13 11:13:09'),(688,3,42,7,171.530999899,'2012-11-13 11:13:11','2012-11-13 11:13:11'),(689,4,54,7,900.344000101,'2012-11-13 11:13:09','2012-11-13 11:13:09'),(690,2,55,17,455.57799983,'2012-11-13 11:13:09','2012-11-13 11:13:09'),(691,2,55,17,36.1100001335,'2012-11-13 11:13:09','2012-11-13 11:13:09'),(692,3,42,7,728.859000206,'2012-11-13 11:13:11','2012-11-13 11:13:11'),(693,2,55,17,408.639999866,'2012-11-13 11:13:09','2012-11-13 11:13:09'),(694,3,42,7,171.5,'2012-11-13 11:13:11','2012-11-13 11:13:11'),(695,4,54,7,900.328000069,'2012-11-13 11:13:09','2012-11-13 11:13:09'),(696,2,55,17,455.687999964,'2012-11-13 11:13:09','2012-11-13 11:13:09'),(697,2,55,17,36.0310001373,'2012-11-13 11:13:09','2012-11-13 11:13:09'),(698,3,42,7,522.125,'2012-11-13 11:13:11','2012-11-13 11:13:11'),(699,3,56,1,184.562000036,'2012-11-13 11:13:10','2012-11-13 11:13:10'),(700,2,55,17,408.625,'2012-11-13 11:13:09','2012-11-13 11:13:09'),(701,3,56,1,171.391000032,'2012-11-13 11:13:10','2012-11-13 11:13:10'),(702,4,54,7,823.171999931,'2012-11-13 11:13:09','2012-11-13 11:13:09'),(703,2,55,17,279.687999964,'2012-11-13 11:13:09','2012-11-13 11:13:09'),(704,2,55,2,84.7339999676,'2012-11-13 11:13:09','2012-11-13 11:13:09'),(705,2,55,2,36.1089999676,'2012-11-13 11:13:09','2012-11-13 11:13:09'),(706,3,56,1,544.062000036,'2012-11-13 11:13:10','2012-11-13 11:13:10'),(707,3,56,1,184.95299983,'2012-11-13 11:13:10','2012-11-13 11:13:10'),(708,2,55,2,408.516000032,'2012-11-13 11:13:09','2012-11-13 11:13:09'),(709,3,56,1,171.391000032,'2012-11-13 11:13:10','2012-11-13 11:13:10'),(710,4,54,7,900.280999899,'2012-11-13 11:13:09','2012-11-13 11:13:09'),(711,2,55,2,370.641000032,'2012-11-13 11:13:09','2012-11-13 11:13:09'),(712,2,55,2,85.125,'2012-11-13 11:13:09','2012-11-13 11:13:09'),(713,2,55,2,36.125,'2012-11-13 11:13:09','2012-11-13 11:13:09'),(714,3,56,1,543.937000036,'2012-11-13 11:13:10','2012-11-13 11:13:10'),(715,3,56,1,185,'2012-11-13 11:13:10','2012-11-13 11:13:10'),(716,2,55,2,408.530999899,'2012-11-13 11:13:09','2012-11-13 11:13:09'),(717,3,56,1,171.421999931,'2012-11-13 11:13:10','2012-11-13 11:13:10'),(718,4,54,7,900.344000101,'2012-11-13 11:13:09','2012-11-13 11:13:09'),(719,2,55,2,370.54700017,'2012-11-13 11:13:09','2012-11-13 11:13:09'),(720,2,55,2,85.2179999352,'2012-11-13 11:13:09','2012-11-13 11:13:09'),(721,2,55,2,36.0940001011,'2012-11-13 11:13:09','2012-11-13 11:13:09'),(722,3,56,1,543.969000101,'2012-11-13 11:13:10','2012-11-13 11:13:10'),(723,3,56,1,184.953000069,'2012-11-13 11:13:10','2012-11-13 11:13:10'),(724,2,55,2,408.405999899,'2012-11-13 11:13:09','2012-11-13 11:13:09'),(725,3,56,1,171.515999794,'2012-11-13 11:13:10','2012-11-13 11:13:10'),(726,4,54,7,900.421999931,'2012-11-13 11:13:09','2012-11-13 11:13:09'),(727,2,55,2,370.641000032,'2012-11-13 11:13:09','2012-11-13 11:13:09'),(728,2,55,2,85.2030000687,'2012-11-13 11:13:09','2012-11-13 11:13:09'),(729,2,55,2,36.1099998951,'2012-11-13 11:13:09','2012-11-13 11:13:09'),(730,3,56,1,543.92200017,'2012-11-13 11:13:10','2012-11-13 11:13:10'),(731,3,56,1,184.967999935,'2012-11-13 11:13:10','2012-11-13 11:13:10'),(732,2,55,2,408.390000105,'2012-11-13 11:13:09','2012-11-13 11:13:09'),(733,2,55,2,16.7969999313,'2012-11-13 11:13:09','2012-11-13 11:13:09'),(734,3,56,1,171.5,'2012-11-13 11:13:10','2012-11-13 11:13:10'),(735,4,54,7,900.391000032,'2012-11-13 11:13:09','2012-11-13 11:13:09'),(736,3,56,1,343.453999996,'2012-11-13 11:13:10','2012-11-13 11:13:10'),(737,4,54,7,344.342999935,'2012-11-13 11:13:09','2012-11-13 11:13:09'),(738,4,54,4,900,'2012-11-13 11:13:09','2012-11-13 11:13:09'),(739,3,56,1,900,'2012-11-13 11:13:10','2012-11-13 11:13:10'),(740,4,54,4,900.437999964,'2012-11-13 11:13:09','2012-11-13 11:13:09'),(741,3,56,1,900.391000032,'2012-11-13 11:13:10','2012-11-13 11:13:10'),(742,2,55,2,900,'2012-11-13 11:13:09','2012-11-13 11:13:09'),(743,4,54,4,900.421999931,'2012-11-13 11:13:09','2012-11-13 11:13:09'),(744,3,56,1,900.405999899,'2012-11-13 11:13:10','2012-11-13 11:13:10'),(745,2,55,2,900.405999899,'2012-11-13 11:13:09','2012-11-13 11:13:09'),(746,4,54,4,900.281000137,'2012-11-13 11:13:09','2012-11-13 11:13:09'),(747,3,56,1,900.391000032,'2012-11-13 11:13:10','2012-11-13 11:13:10'),(748,2,55,2,900.328999996,'2012-11-13 11:13:09','2012-11-13 11:13:09'),(749,4,54,4,900.375,'2012-11-13 11:13:09','2012-11-13 11:13:09'),(750,3,56,1,900.391000032,'2012-11-13 11:13:10','2012-11-13 11:13:10'),(751,2,55,2,900.375,'2012-11-13 11:13:09','2012-11-13 11:13:09'),(752,4,54,4,900.233999968,'2012-11-13 11:13:09','2012-11-13 11:13:09'),(753,3,56,1,900.390000105,'2012-11-13 11:13:10','2012-11-13 11:13:10'),(754,2,55,2,900.405999899,'2012-11-13 11:13:09','2012-11-13 11:13:09'),(755,4,54,4,900.421999931,'2012-11-13 11:13:09','2012-11-13 11:13:09'),(756,3,56,1,900.343999863,'2012-11-13 11:13:10','2012-11-13 11:13:10'),(757,2,55,2,900.359000206,'2012-11-13 11:13:09','2012-11-13 11:13:09'),(758,4,54,4,900.235000134,'2012-11-13 11:13:09','2012-11-13 11:13:09'),(759,3,56,1,900.421999931,'2012-11-13 11:13:10','2012-11-13 11:13:10'),(760,2,55,2,900.437999964,'2012-11-13 11:13:09','2012-11-13 11:13:09'),(761,4,54,4,900.375,'2012-11-13 11:13:09','2012-11-13 11:13:09'),(762,3,56,1,900.406000137,'2012-11-13 11:13:10','2012-11-13 11:13:10'),(763,2,55,2,900.312000036,'2012-11-13 11:13:09','2012-11-13 11:13:09'),(764,4,54,4,900.375,'2012-11-13 11:13:09','2012-11-13 11:13:09'),(765,3,56,1,900.391000032,'2012-11-13 11:13:10','2012-11-13 11:13:10'),(766,2,55,2,900.421999931,'2012-11-13 11:13:09','2012-11-13 11:13:09'),(767,4,54,4,900.32799983,'2012-11-13 11:13:09','2012-11-13 11:13:09'),(768,3,56,1,900.421999931,'2012-11-13 11:13:10','2012-11-13 11:13:10'),(769,2,55,2,900.343999863,'2012-11-13 11:13:09','2012-11-13 11:13:09'),(770,4,54,4,900.29700017,'2012-11-13 11:13:09','2012-11-13 11:13:09'),(771,3,56,1,900.390000105,'2012-11-13 11:13:10','2012-11-13 11:13:10'),(772,2,55,2,900.375,'2012-11-13 11:13:09','2012-11-13 11:13:09'),(773,4,54,4,900.405999899,'2012-11-13 11:13:09','2012-11-13 11:13:09'),(774,3,56,1,900.421999931,'2012-11-13 11:13:10','2012-11-13 11:13:10'),(775,2,55,2,900.375,'2012-11-13 11:13:09','2012-11-13 11:13:09'),(776,4,54,4,900.358999968,'2012-11-13 11:13:09','2012-11-13 11:13:09'),(777,3,56,1,900.405999899,'2012-11-13 11:13:10','2012-11-13 11:13:10'),(778,2,55,2,900.375,'2012-11-13 11:13:09','2012-11-13 11:13:09'),(779,4,54,4,900.282000065,'2012-11-13 11:13:09','2012-11-13 11:13:09'),(780,3,56,1,900.312999964,'2012-11-13 11:13:10','2012-11-13 11:13:10'),(781,2,55,2,900.390000105,'2012-11-13 11:13:09','2012-11-13 11:13:09'),(782,4,54,4,823.217999935,'2012-11-13 11:13:09','2012-11-13 11:13:09'),(783,3,56,1,900.312000036,'2012-11-13 11:13:10','2012-11-13 11:13:10'),(784,2,55,2,900.359999895,'2012-11-13 11:13:09','2012-11-13 11:13:09'),(785,4,54,4,900.25,'2012-11-13 11:13:09','2012-11-13 11:13:09'),(786,3,56,1,900.391000032,'2012-11-13 11:13:10','2012-11-13 11:13:10'),(787,2,55,2,900.406000137,'2012-11-13 11:13:09','2012-11-13 11:13:09'),(788,4,54,4,900.328000069,'2012-11-13 11:13:09','2012-11-13 11:13:09'),(789,3,56,1,900.421999931,'2012-11-13 11:13:10','2012-11-13 11:13:10'),(790,2,55,2,838.203000069,'2012-11-13 11:13:09','2012-11-13 11:13:09'),(791,4,54,4,900.421999931,'2012-11-13 11:13:09','2012-11-13 11:13:09'),(792,3,56,1,900.375,'2012-11-13 11:13:10','2012-11-13 11:13:10'),(793,2,55,2,900.390999794,'2012-11-13 11:13:09','2012-11-13 11:13:09'),(794,4,54,4,900.360000134,'2012-11-13 11:13:09','2012-11-13 11:13:09'),(795,3,56,1,900.406000137,'2012-11-13 11:13:10','2012-11-13 11:13:10'),(796,2,55,2,900.437000036,'2012-11-13 11:13:09','2012-11-13 11:13:09'),(797,4,54,4,900.342999935,'2012-11-13 11:13:09','2012-11-13 11:13:09'),(798,3,56,1,900.343999863,'2012-11-13 11:13:10','2012-11-13 11:13:10'),(799,2,55,2,900.407000065,'2012-11-13 11:13:09','2012-11-13 11:13:09'),(800,4,54,4,900.391000032,'2012-11-13 11:13:09','2012-11-13 11:13:09'),(801,3,56,1,873.031000137,'2012-11-13 11:13:10','2012-11-13 11:13:10'),(802,2,55,2,900.342999935,'2012-11-13 11:13:09','2012-11-13 11:13:09'),(803,4,54,4,900.437999964,'2012-11-13 11:13:09','2012-11-13 11:13:09'),(804,3,42,7,900,'2012-11-13 11:13:11','2012-11-13 11:13:11'),(805,2,55,2,900.391000032,'2012-11-13 11:13:09','2012-11-13 11:13:09'),(806,4,54,4,900.328000069,'2012-11-13 11:13:09','2012-11-13 11:13:09'),(807,3,42,7,900.219000101,'2012-11-13 11:13:11','2012-11-13 11:13:11'),(808,2,55,2,900.391000032,'2012-11-13 11:13:09','2012-11-13 11:13:09'),(809,4,54,4,900.375,'2012-11-13 11:13:09','2012-11-13 11:13:09'),(810,3,42,7,900.437000036,'2012-11-13 11:13:11','2012-11-13 11:13:11'),(811,2,55,2,900.358999968,'2012-11-13 11:13:09','2012-11-13 11:13:09'),(812,4,54,4,900.375,'2012-11-13 11:13:09','2012-11-13 11:13:09'),(813,3,42,7,900.390999794,'2012-11-13 11:13:11','2012-11-13 11:13:11'),(814,2,55,2,900.375,'2012-11-13 11:13:09','2012-11-13 11:13:09'),(815,4,54,4,900.358999968,'2012-11-13 11:13:09','2012-11-13 11:13:09'),(816,3,42,7,900.42200017,'2012-11-13 11:13:11','2012-11-13 11:13:11'),(817,2,55,2,900.375,'2012-11-13 11:13:09','2012-11-13 11:13:09'),(818,4,54,4,900.25,'2012-11-13 11:13:09','2012-11-13 11:13:09'),(819,3,42,7,900.375,'2012-11-13 11:13:11','2012-11-13 11:13:11'),(820,4,54,4,473.405999899,'2012-11-13 11:13:09','2012-11-13 11:13:09'),(821,2,55,2,900.358999968,'2012-11-13 11:13:09','2012-11-13 11:13:09'),(822,4,53,7,408.890000105,'2012-11-13 11:13:09','2012-11-13 11:13:09'),(823,3,42,7,900.375,'2012-11-13 11:13:11','2012-11-13 11:13:11'),(824,4,53,7,491.109999895,'2012-11-13 11:13:09','2012-11-13 11:13:09'),(825,2,55,2,900.375,'2012-11-13 11:13:09','2012-11-13 11:13:09'),(826,4,53,7,409.296000004,'2012-11-13 11:13:09','2012-11-13 11:13:09'),(827,3,42,7,900.32799983,'2012-11-13 11:13:11','2012-11-13 11:13:11'),(828,4,53,7,491.094000101,'2012-11-13 11:13:09','2012-11-13 11:13:09'),(829,2,55,2,900.391000032,'2012-11-13 11:13:09','2012-11-13 11:13:09'),(830,4,53,7,409.125,'2012-11-13 11:13:09','2012-11-13 11:13:09'),(831,3,42,7,900.406000137,'2012-11-13 11:13:11','2012-11-13 11:13:11'),(832,4,53,7,491.25,'2012-11-13 11:13:09','2012-11-13 11:13:09'),(833,2,55,2,900.375,'2012-11-13 11:13:09','2012-11-13 11:13:09'),(834,4,53,7,409.155999899,'2012-11-13 11:13:09','2012-11-13 11:13:09'),(835,3,42,7,900.437999964,'2012-11-13 11:13:11','2012-11-13 11:13:11'),(836,4,53,7,491.25,'2012-11-13 11:13:09','2012-11-13 11:13:09'),(837,3,42,7,429.828000069,'2012-11-13 11:13:11','2012-11-13 11:13:11'),(838,2,55,2,654.719000101,'2012-11-13 11:13:09','2012-11-13 11:13:09'),(839,4,53,7,409.109999895,'2012-11-13 11:13:09','2012-11-13 11:13:09'),(840,4,53,7,491.234000206,'2012-11-13 11:13:09','2012-11-13 11:13:09'),(841,4,53,7,409.125,'2012-11-13 11:13:09','2012-11-13 11:13:09'),(842,4,53,7,491.312999964,'2012-11-13 11:13:09','2012-11-13 11:13:09'),(843,4,53,7,409.092999935,'2012-11-13 11:13:09','2012-11-13 11:13:09'),(844,4,53,7,270.594000101,'2012-11-13 11:13:09','2012-11-13 11:13:09'),(845,3,42,7,900.015000105,'2012-11-13 11:13:11','2012-11-13 11:13:11'),(846,2,55,2,900,'2012-11-13 11:13:09','2012-11-13 11:13:09'),(847,4,53,7,900.015999794,'2012-11-13 11:13:09','2012-11-13 11:13:09'),(848,3,42,7,900.45299983,'2012-11-13 11:13:11','2012-11-13 11:13:11'),(849,2,55,2,900.405999899,'2012-11-13 11:13:09','2012-11-13 11:13:09'),(850,4,53,7,900.344000101,'2012-11-13 11:13:09','2012-11-13 11:13:09'),(851,3,42,7,900.375,'2012-11-13 11:13:11','2012-11-13 11:13:11'),(852,2,55,2,900.406000137,'2012-11-13 11:13:09','2012-11-13 11:13:09'),(853,2,55,2,117.093999863,'2012-11-13 11:13:09','2012-11-13 11:13:09'),(854,4,53,7,900.421000004,'2012-11-13 11:13:09','2012-11-13 11:13:09'),(855,3,42,7,900.407000065,'2012-11-13 11:13:11','2012-11-13 11:13:11'),(856,2,57,5,770.95299983,'2012-11-13 11:13:10','2012-11-13 11:13:10'),(857,2,57,5,129.04700017,'2012-11-13 11:13:10','2012-11-13 11:13:10'),(858,4,53,7,900.359999895,'2012-11-13 11:13:09','2012-11-13 11:13:09'),(859,3,42,7,900.280999899,'2012-11-13 11:13:11','2012-11-13 11:13:11'),(860,2,57,5,771.32799983,'2012-11-13 11:13:10','2012-11-13 11:13:10'),(861,4,53,7,900.390000105,'2012-11-13 11:13:09','2012-11-13 11:13:09'),(862,2,57,5,129.04700017,'2012-11-13 11:13:10','2012-11-13 11:13:10'),(863,3,42,7,900.390000105,'2012-11-13 11:13:11','2012-11-13 11:13:11'),(864,2,57,5,771.312000036,'2012-11-13 11:13:10','2012-11-13 11:13:10'),(865,4,53,7,900.359999895,'2012-11-13 11:13:09','2012-11-13 11:13:09'),(866,2,57,5,129.046999931,'2012-11-13 11:13:10','2012-11-13 11:13:10'),(867,3,42,7,900.407000065,'2012-11-13 11:13:11','2012-11-13 11:13:11'),(868,2,57,5,771.218999863,'2012-11-13 11:13:10','2012-11-13 11:13:10'),(869,4,53,7,900.42200017,'2012-11-13 11:13:09','2012-11-13 11:13:09'),(870,2,57,5,129.17200017,'2012-11-13 11:13:10','2012-11-13 11:13:10'),(871,3,42,7,900.342999935,'2012-11-13 11:13:11','2012-11-13 11:13:11'),(872,2,57,5,771.092999935,'2012-11-13 11:13:10','2012-11-13 11:13:10'),(873,4,53,7,900.389999866,'2012-11-13 11:13:09','2012-11-13 11:13:09'),(874,2,57,5,129.282000065,'2012-11-13 11:13:10','2012-11-13 11:13:10'),(875,3,42,7,900.407000065,'2012-11-13 11:13:11','2012-11-13 11:13:11'),(876,2,57,5,771.07799983,'2012-11-13 11:13:10','2012-11-13 11:13:10'),(877,3,42,7,320.375,'2012-11-13 11:13:11','2012-11-13 11:13:11'),(878,4,53,7,900.42200017,'2012-11-13 11:13:09','2012-11-13 11:13:09'),(879,2,57,5,129.281000137,'2012-11-13 11:13:10','2012-11-13 11:13:10'),(880,3,32,7,545.609999895,'2012-11-13 11:13:09','2012-11-13 11:13:09'),(881,2,57,5,771.093999863,'2012-11-13 11:13:10','2012-11-13 11:13:10'),(882,3,32,7,354.390000105,'2012-11-13 11:13:09','2012-11-13 11:13:09'),(883,4,53,7,900.390999794,'2012-11-13 11:13:09','2012-11-13 11:13:09'),(884,2,57,5,129.281000137,'2012-11-13 11:13:10','2012-11-13 11:13:10'),(885,3,32,7,545.953999996,'2012-11-13 11:13:09','2012-11-13 11:13:09'),(886,2,57,5,771.078000069,'2012-11-13 11:13:10','2012-11-13 11:13:10'),(887,3,32,7,354.405999899,'2012-11-13 11:13:09','2012-11-13 11:13:09'),(888,4,53,7,900.265000105,'2012-11-13 11:13:09','2012-11-13 11:13:09'),(889,2,57,5,129.280999899,'2012-11-13 11:13:10','2012-11-13 11:13:10'),(890,3,32,7,436.078000069,'2012-11-13 11:13:09','2012-11-13 11:13:09'),(891,3,56,1,86,'2012-11-13 11:13:10','2012-11-13 11:13:10'),(892,2,57,5,771.078999996,'2012-11-13 11:13:10','2012-11-13 11:13:10'),(893,3,56,1,354.391000032,'2012-11-13 11:13:10','2012-11-13 11:13:10'),(894,4,53,7,900.344000101,'2012-11-13 11:13:09','2012-11-13 11:13:09'),(895,2,57,5,129.280999899,'2012-11-13 11:13:10','2012-11-13 11:13:10'),(896,3,56,1,459.608999968,'2012-11-13 11:13:10','2012-11-13 11:13:10'),(897,3,56,1,86.5469999313,'2012-11-13 11:13:10','2012-11-13 11:13:10'),(898,2,57,5,771.078000069,'2012-11-13 11:13:10','2012-11-13 11:13:10'),(899,3,56,1,354.25,'2012-11-13 11:13:10','2012-11-13 11:13:10'),(900,4,53,7,900.32799983,'2012-11-13 11:13:09','2012-11-13 11:13:09'),(901,2,57,5,129.281000137,'2012-11-13 11:13:10','2012-11-13 11:13:10'),(902,3,56,1,374.625,'2012-11-13 11:13:10','2012-11-13 11:13:10'),(903,3,32,8,46.7969999313,'2012-11-13 11:13:09','2012-11-13 11:13:09'),(904,3,32,8,86.5160000324,'2012-11-13 11:13:09','2012-11-13 11:13:09'),(905,2,57,5,771.07799983,'2012-11-13 11:13:10','2012-11-13 11:13:10'),(906,3,32,8,354.266000032,'2012-11-13 11:13:09','2012-11-13 11:13:09'),(907,4,53,7,900.344000101,'2012-11-13 11:13:09','2012-11-13 11:13:09'),(908,2,57,5,129.282000065,'2012-11-13 11:13:10','2012-11-13 11:13:10'),(909,3,32,8,412.421000004,'2012-11-13 11:13:09','2012-11-13 11:13:09'),(910,3,32,8,47.2039999962,'2012-11-13 11:13:09','2012-11-13 11:13:09'),(911,3,32,8,86.5150001049,'2012-11-13 11:13:09','2012-11-13 11:13:09'),(912,2,57,5,771.078000069,'2012-11-13 11:13:10','2012-11-13 11:13:10'),(913,3,32,8,354.265999794,'2012-11-13 11:13:09','2012-11-13 11:13:09'),(914,4,53,7,900.296999931,'2012-11-13 11:13:09','2012-11-13 11:13:09'),(915,2,57,5,129.280999899,'2012-11-13 11:13:10','2012-11-13 11:13:10'),(916,3,32,8,412.359000206,'2012-11-13 11:13:09','2012-11-13 11:13:09'),(917,3,32,8,47.25,'2012-11-13 11:13:09','2012-11-13 11:13:09'),(918,3,32,8,86.515999794,'2012-11-13 11:13:09','2012-11-13 11:13:09'),(919,2,57,5,771.078000069,'2012-11-13 11:13:10','2012-11-13 11:13:10'),(920,3,32,8,354.265000105,'2012-11-13 11:13:09','2012-11-13 11:13:09'),(921,4,53,7,900.281000137,'2012-11-13 11:13:09','2012-11-13 11:13:09'),(922,2,57,5,129.280999899,'2012-11-13 11:13:10','2012-11-13 11:13:10'),(923,3,32,8,412.359999895,'2012-11-13 11:13:09','2012-11-13 11:13:09'),(924,3,32,8,47.1400001049,'2012-11-13 11:13:09','2012-11-13 11:13:09'),(925,3,32,8,86.6410000324,'2012-11-13 11:13:09','2012-11-13 11:13:09'),(926,2,57,5,770.985000134,'2012-11-13 11:13:10','2012-11-13 11:13:10'),(927,3,32,8,354.155999899,'2012-11-13 11:13:09','2012-11-13 11:13:09'),(928,4,53,7,900.421999931,'2012-11-13 11:13:09','2012-11-13 11:13:09'),(929,2,57,5,129.405999899,'2012-11-13 11:13:10','2012-11-13 11:13:10'),(930,3,32,8,412.469000101,'2012-11-13 11:13:09','2012-11-13 11:13:09'),(931,3,32,8,47.0309998989,'2012-11-13 11:13:09','2012-11-13 11:13:09'),(932,3,32,8,45.3280000687,'2012-11-13 11:13:09','2012-11-13 11:13:09'),(933,3,56,1,12.2970001698,'2012-11-13 11:13:10','2012-11-13 11:13:10'),(934,2,57,5,770.969000101,'2012-11-13 11:13:10','2012-11-13 11:13:10'),(935,3,56,1,354.155999899,'2012-11-13 11:13:10','2012-11-13 11:13:10'),(936,4,53,7,900.405999899,'2012-11-13 11:13:09','2012-11-13 11:13:09'),(937,2,57,5,129.389999866,'2012-11-13 11:13:10','2012-11-13 11:13:10'),(938,3,56,1,412.406000137,'2012-11-13 11:13:10','2012-11-13 11:13:10'),(939,3,56,1,47.0469999313,'2012-11-13 11:13:10','2012-11-13 11:13:10'),(940,3,56,1,74.0939998627,'2012-11-13 11:13:10','2012-11-13 11:13:10'),(941,3,56,1,12.6560001373,'2012-11-13 11:13:10','2012-11-13 11:13:10'),(942,2,57,5,770.985000134,'2012-11-13 11:13:10','2012-11-13 11:13:10'),(943,3,56,1,354.171999931,'2012-11-13 11:13:10','2012-11-13 11:13:10'),(944,4,53,7,900.360000134,'2012-11-13 11:13:09','2012-11-13 11:13:09'),(945,2,57,5,129.375,'2012-11-13 11:13:10','2012-11-13 11:13:10'),(946,3,56,1,412.344000101,'2012-11-13 11:13:10','2012-11-13 11:13:10'),(947,3,56,1,47.1399998665,'2012-11-13 11:13:10','2012-11-13 11:13:10'),(948,3,56,1,74.0470001698,'2012-11-13 11:13:10','2012-11-13 11:13:10'),(949,3,56,1,12.6879999638,'2012-11-13 11:13:10','2012-11-13 11:13:10'),(950,2,57,5,770.983999968,'2012-11-13 11:13:10','2012-11-13 11:13:10'),(951,3,56,1,354.046999931,'2012-11-13 11:13:10','2012-11-13 11:13:10'),(952,4,53,7,900.358999968,'2012-11-13 11:13:09','2012-11-13 11:13:09'),(953,2,57,5,129.375,'2012-11-13 11:13:10','2012-11-13 11:13:10'),(954,3,56,1,412.453000069,'2012-11-13 11:13:10','2012-11-13 11:13:10'),(955,3,56,1,47.1559998989,'2012-11-13 11:13:10','2012-11-13 11:13:10'),(956,3,56,1,74.0620000362,'2012-11-13 11:13:10','2012-11-13 11:13:10'),(957,3,56,1,12.6879999638,'2012-11-13 11:13:10','2012-11-13 11:13:10'),(958,2,57,5,770.891000032,'2012-11-13 11:13:10','2012-11-13 11:13:10'),(959,3,56,1,354.078000069,'2012-11-13 11:13:10','2012-11-13 11:13:10'),(960,4,53,7,900.328000069,'2012-11-13 11:13:09','2012-11-13 11:13:09'),(961,2,57,5,129.5,'2012-11-13 11:13:10','2012-11-13 11:13:10'),(962,3,56,1,412.437999964,'2012-11-13 11:13:10','2012-11-13 11:13:10'),(963,3,56,1,47.1400001049,'2012-11-13 11:13:10','2012-11-13 11:13:10'),(964,3,56,1,74.0469999313,'2012-11-13 11:13:10','2012-11-13 11:13:10'),(965,3,56,1,12.6879999638,'2012-11-13 11:13:10','2012-11-13 11:13:10'),(966,2,57,5,771.171999931,'2012-11-13 11:13:10','2012-11-13 11:13:10'),(967,3,56,1,354.062000036,'2012-11-13 11:13:10','2012-11-13 11:13:10'),(968,4,53,7,900.375,'2012-11-13 11:13:09','2012-11-13 11:13:09'),(969,2,57,5,129.217999935,'2012-11-13 11:13:10','2012-11-13 11:13:10'),(970,3,56,1,412.453000069,'2012-11-13 11:13:10','2012-11-13 11:13:10'),(971,3,56,1,47.1559998989,'2012-11-13 11:13:10','2012-11-13 11:13:10'),(972,3,56,1,73.9379999638,'2012-11-13 11:13:10','2012-11-13 11:13:10'),(973,3,56,1,12.7969999313,'2012-11-13 11:13:10','2012-11-13 11:13:10'),(974,2,57,5,714.907000065,'2012-11-13 11:13:10','2012-11-13 11:13:10'),(975,2,55,2,46.7030000687,'2012-11-13 11:13:09','2012-11-13 11:13:09'),(976,3,56,1,354.04700017,'2012-11-13 11:13:10','2012-11-13 11:13:10'),(977,4,53,7,900.405999899,'2012-11-13 11:13:09','2012-11-13 11:13:09'),(978,2,55,2,128.375,'2012-11-13 11:13:09','2012-11-13 11:13:09'),(979,3,56,1,412.45299983,'2012-11-13 11:13:10','2012-11-13 11:13:10'),(980,3,56,1,47.1400001049,'2012-11-13 11:13:10','2012-11-13 11:13:10'),(981,3,56,1,73.9379999638,'2012-11-13 11:13:10','2012-11-13 11:13:10'),(982,3,56,1,12.7969999313,'2012-11-13 11:13:10','2012-11-13 11:13:10'),(983,2,55,2,724.921999931,'2012-11-13 11:13:09','2012-11-13 11:13:09'),(984,2,55,2,47.125,'2012-11-13 11:13:09','2012-11-13 11:13:09'),(985,3,56,1,354.109000206,'2012-11-13 11:13:10','2012-11-13 11:13:10'),(986,4,53,7,900.219000101,'2012-11-13 11:13:09','2012-11-13 11:13:09'),(987,2,55,2,128.358999968,'2012-11-13 11:13:09','2012-11-13 11:13:09'),(988,3,56,1,412.359999895,'2012-11-13 11:13:10','2012-11-13 11:13:10'),(989,3,56,1,47.1559998989,'2012-11-13 11:13:10','2012-11-13 11:13:10'),(990,3,56,1,73.9370000362,'2012-11-13 11:13:10','2012-11-13 11:13:10'),(991,3,56,1,12.7970001698,'2012-11-13 11:13:10','2012-11-13 11:13:10'),(992,2,55,2,724.953000069,'2012-11-13 11:13:09','2012-11-13 11:13:09'),(993,2,55,2,46.9219999313,'2012-11-13 11:13:09','2012-11-13 11:13:09'),(994,3,56,1,354.155999899,'2012-11-13 11:13:10','2012-11-13 11:13:10'),(995,4,53,7,900.390999794,'2012-11-13 11:13:09','2012-11-13 11:13:09'),(996,2,55,2,128.532000065,'2012-11-13 11:13:09','2012-11-13 11:13:09'),(997,3,56,1,412.359999895,'2012-11-13 11:13:10','2012-11-13 11:13:10'),(998,3,56,1,47.1400001049,'2012-11-13 11:13:10','2012-11-13 11:13:10'),(999,3,56,1,73.9379999638,'2012-11-13 11:13:10','2012-11-13 11:13:10'),(1000,3,56,1,12.7969999313,'2012-11-13 11:13:10','2012-11-13 11:13:10'),(1001,2,55,2,724.905999899,'2012-11-13 11:13:09','2012-11-13 11:13:09'),(1002,2,55,2,46.9220001698,'2012-11-13 11:13:09','2012-11-13 11:13:09'),(1003,3,56,1,354.04700017,'2012-11-13 11:13:10','2012-11-13 11:13:10'),(1004,4,53,7,900.359000206,'2012-11-13 11:13:09','2012-11-13 11:13:09'),(1005,2,55,2,128.405999899,'2012-11-13 11:13:09','2012-11-13 11:13:09'),(1006,3,56,1,412.483999968,'2012-11-13 11:13:10','2012-11-13 11:13:10'),(1007,3,56,1,47.0469999313,'2012-11-13 11:13:10','2012-11-13 11:13:10'),(1008,3,56,1,74.0310001373,'2012-11-13 11:13:10','2012-11-13 11:13:10'),(1009,3,56,1,12.7969999313,'2012-11-13 11:13:10','2012-11-13 11:13:10'),(1010,2,55,2,725.078000069,'2012-11-13 11:13:09','2012-11-13 11:13:09'),(1011,2,55,2,46.9219999313,'2012-11-13 11:13:09','2012-11-13 11:13:09'),(1012,3,56,1,354.062999964,'2012-11-13 11:13:10','2012-11-13 11:13:10'),(1013,4,53,7,900.405999899,'2012-11-13 11:13:09','2012-11-13 11:13:09'),(1014,2,55,2,128.421999931,'2012-11-13 11:13:09','2012-11-13 11:13:09'),(1015,3,56,1,412.467999935,'2012-11-13 11:13:10','2012-11-13 11:13:10'),(1016,3,56,1,47.0320000648,'2012-11-13 11:13:10','2012-11-13 11:13:10'),(1017,3,56,1,74.0460000038,'2012-11-13 11:13:10','2012-11-13 11:13:10'),(1018,3,56,1,12.7969999313,'2012-11-13 11:13:10','2012-11-13 11:13:10'),(1019,2,55,2,725.031000137,'2012-11-13 11:13:09','2012-11-13 11:13:09'),(1020,2,55,2,46.9219999313,'2012-11-13 11:13:09','2012-11-13 11:13:09'),(1021,3,56,1,354.062999964,'2012-11-13 11:13:10','2012-11-13 11:13:10'),(1022,4,53,7,900.359999895,'2012-11-13 11:13:09','2012-11-13 11:13:09'),(1023,2,55,2,128.406000137,'2012-11-13 11:13:09','2012-11-13 11:13:09'),(1024,3,56,1,412.453000069,'2012-11-13 11:13:10','2012-11-13 11:13:10'),(1025,3,56,1,47.0310001373,'2012-11-13 11:13:10','2012-11-13 11:13:10'),(1026,3,56,1,73.9379999638,'2012-11-13 11:13:10','2012-11-13 11:13:10'),(1027,3,56,1,12.7969999313,'2012-11-13 11:13:10','2012-11-13 11:13:10'),(1028,2,55,2,725.062999964,'2012-11-13 11:13:09','2012-11-13 11:13:09'),(1029,2,55,2,46.9059998989,'2012-11-13 11:13:09','2012-11-13 11:13:09'),(1030,3,56,1,354.187000036,'2012-11-13 11:13:10','2012-11-13 11:13:10'),(1031,4,53,7,900.437000036,'2012-11-13 11:13:09','2012-11-13 11:13:09'),(1032,2,55,2,128.406000137,'2012-11-13 11:13:09','2012-11-13 11:13:09'),(1033,3,56,1,412.266000032,'2012-11-13 11:13:10','2012-11-13 11:13:10'),(1034,3,56,1,47.1399998665,'2012-11-13 11:13:10','2012-11-13 11:13:10'),(1035,3,56,1,73.9379999638,'2012-11-13 11:13:10','2012-11-13 11:13:10'),(1036,3,56,1,12.7970001698,'2012-11-13 11:13:10','2012-11-13 11:13:10'),(1037,2,55,2,724.937999964,'2012-11-13 11:13:09','2012-11-13 11:13:09'),(1038,2,55,2,47.0309998989,'2012-11-13 11:13:09','2012-11-13 11:13:09'),(1039,3,56,1,354.264999866,'2012-11-13 11:13:10','2012-11-13 11:13:10'),(1040,4,53,7,900.42200017,'2012-11-13 11:13:09','2012-11-13 11:13:09'),(1041,2,55,2,128.406000137,'2012-11-13 11:13:09','2012-11-13 11:13:09'),(1042,3,56,1,412.25,'2012-11-13 11:13:10','2012-11-13 11:13:10'),(1043,3,56,1,47.1410000324,'2012-11-13 11:13:10','2012-11-13 11:13:10'),(1044,3,56,1,73.9530000687,'2012-11-13 11:13:10','2012-11-13 11:13:10'),(1045,3,56,1,12.7969999313,'2012-11-13 11:13:10','2012-11-13 11:13:10'),(1046,2,55,2,724.921999931,'2012-11-13 11:13:09','2012-11-13 11:13:09'),(1047,2,55,2,47.0309998989,'2012-11-13 11:13:09','2012-11-13 11:13:09'),(1048,3,56,1,354.25,'2012-11-13 11:13:10','2012-11-13 11:13:10'),(1049,4,53,7,900.375,'2012-11-13 11:13:09','2012-11-13 11:13:09'),(1050,2,55,2,128.407000065,'2012-11-13 11:13:09','2012-11-13 11:13:09'),(1051,3,56,1,412.25,'2012-11-13 11:13:10','2012-11-13 11:13:10'),(1052,3,56,1,47.0310001373,'2012-11-13 11:13:10','2012-11-13 11:13:10'),(1053,3,56,1,74.0629999638,'2012-11-13 11:13:10','2012-11-13 11:13:10'),(1054,3,56,1,12.7969999313,'2012-11-13 11:13:10','2012-11-13 11:13:10'),(1055,2,55,2,724.937000036,'2012-11-13 11:13:09','2012-11-13 11:13:09'),(1056,2,55,2,47.0309998989,'2012-11-13 11:13:09','2012-11-13 11:13:09'),(1057,3,56,1,354.280999899,'2012-11-13 11:13:10','2012-11-13 11:13:10'),(1058,4,53,7,830.20299983,'2012-11-13 11:13:09','2012-11-13 11:13:09'),(1059,2,55,2,128.42200017,'2012-11-13 11:13:09','2012-11-13 11:13:09'),(1060,2,55,2,172.671999931,'2012-11-13 11:13:09','2012-11-13 11:13:09'),(1061,4,53,7,303.92200017,'2012-11-13 11:13:09','2012-11-13 11:13:09'),(1062,3,56,1,412.25,'2012-11-13 11:13:10','2012-11-13 11:13:10'),(1063,3,56,1,47.0310001373,'2012-11-13 11:13:10','2012-11-13 11:13:10'),(1064,3,56,1,74.0469999313,'2012-11-13 11:13:10','2012-11-13 11:13:10'),(1065,3,56,1,12.7969999313,'2012-11-13 11:13:10','2012-11-13 11:13:10'),(1066,3,56,1,59.9690001011,'2012-11-13 11:13:10','2012-11-13 11:13:10'),(1067,4,53,7,900,'2012-11-13 11:13:09','2012-11-13 11:13:09'),(1068,3,56,1,900.016000032,'2012-11-13 11:13:10','2012-11-13 11:13:10'),(1069,4,53,7,900.405999899,'2012-11-13 11:13:09','2012-11-13 11:13:09'),(1070,2,55,2,900,'2012-11-13 11:13:09','2012-11-13 11:13:09'),(1071,3,56,1,900.405999899,'2012-11-13 11:13:10','2012-11-13 11:13:10'),(1072,4,53,7,900.375,'2012-11-13 11:13:09','2012-11-13 11:13:09'),(1073,2,55,2,900.421999931,'2012-11-13 11:13:09','2012-11-13 11:13:09'),(1074,3,56,1,900.407000065,'2012-11-13 11:13:10','2012-11-13 11:13:10'),(1075,4,53,7,900.375,'2012-11-13 11:13:09','2012-11-13 11:13:09'),(1076,2,55,2,900.265000105,'2012-11-13 11:13:09','2012-11-13 11:13:09'),(1077,3,56,1,900.312000036,'2012-11-13 11:13:10','2012-11-13 11:13:10'),(1078,4,53,7,900.328000069,'2012-11-13 11:13:09','2012-11-13 11:13:09'),(1079,2,55,2,900.265999794,'2012-11-13 11:13:09','2012-11-13 11:13:09'),(1080,3,56,1,900.343999863,'2012-11-13 11:13:10','2012-11-13 11:13:10'),(1081,4,53,7,900.344000101,'2012-11-13 11:13:09','2012-11-13 11:13:09'),(1082,2,55,2,900.359000206,'2012-11-13 11:13:09','2012-11-13 11:13:09'),(1083,3,56,1,900.344000101,'2012-11-13 11:13:10','2012-11-13 11:13:10'),(1084,4,53,7,900.375,'2012-11-13 11:13:09','2012-11-13 11:13:09'),(1085,2,55,2,900.375,'2012-11-13 11:13:09','2012-11-13 11:13:09'),(1086,3,56,1,900.405999899,'2012-11-13 11:13:10','2012-11-13 11:13:10'),(1087,4,53,7,900.343999863,'2012-11-13 11:13:09','2012-11-13 11:13:09'),(1088,2,55,2,900.359999895,'2012-11-13 11:13:09','2012-11-13 11:13:09'),(1089,3,56,1,900.453000069,'2012-11-13 11:13:10','2012-11-13 11:13:10'),(1090,4,53,7,900.421999931,'2012-11-13 11:13:09','2012-11-13 11:13:09'),(1091,2,55,2,900.375,'2012-11-13 11:13:09','2012-11-13 11:13:09'),(1092,3,56,1,900.328000069,'2012-11-13 11:13:10','2012-11-13 11:13:10'),(1093,4,53,7,900.390000105,'2012-11-13 11:13:09','2012-11-13 11:13:09'),(1094,2,55,2,900.342999935,'2012-11-13 11:13:09','2012-11-13 11:13:09'),(1095,3,56,1,900.421999931,'2012-11-13 11:13:10','2012-11-13 11:13:10'),(1096,4,53,7,900.421999931,'2012-11-13 11:13:09','2012-11-13 11:13:09'),(1097,2,55,2,900.360000134,'2012-11-13 11:13:09','2012-11-13 11:13:09'),(1098,3,56,1,900.437000036,'2012-11-13 11:13:10','2012-11-13 11:13:10'),(1099,4,53,7,900.328000069,'2012-11-13 11:13:09','2012-11-13 11:13:09'),(1100,2,55,2,900.389999866,'2012-11-13 11:13:09','2012-11-13 11:13:09'),(1101,3,56,1,900.421999931,'2012-11-13 11:13:10','2012-11-13 11:13:10'),(1102,4,53,7,900.282000065,'2012-11-13 11:13:09','2012-11-13 11:13:09'),(1103,2,55,2,900.375,'2012-11-13 11:13:09','2012-11-13 11:13:09'),(1104,3,56,1,900.42200017,'2012-11-13 11:13:10','2012-11-13 11:13:10'),(1105,4,53,7,900.342999935,'2012-11-13 11:13:09','2012-11-13 11:13:09'),(1106,2,55,2,900.375,'2012-11-13 11:13:09','2012-11-13 11:13:09'),(1107,3,56,1,900.390999794,'2012-11-13 11:13:10','2012-11-13 11:13:10'),(1108,4,53,7,900.359999895,'2012-11-13 11:13:09','2012-11-13 11:13:09'),(1109,2,55,2,900.235000134,'2012-11-13 11:13:09','2012-11-13 11:13:09'),(1110,3,56,1,900.406000137,'2012-11-13 11:13:10','2012-11-13 11:13:10'),(1111,4,53,7,900.390000105,'2012-11-13 11:13:09','2012-11-13 11:13:09'),(1112,2,55,2,900.358999968,'2012-11-13 11:13:09','2012-11-13 11:13:09'),(1113,3,56,1,900.421999931,'2012-11-13 11:13:10','2012-11-13 11:13:10'),(1114,4,53,7,828.391000032,'2012-11-13 11:13:09','2012-11-13 11:13:09'),(1115,2,55,2,900.358999968,'2012-11-13 11:13:09','2012-11-13 11:13:09'),(1116,3,56,1,900.375,'2012-11-13 11:13:10','2012-11-13 11:13:10'),(1117,4,53,7,900.358999968,'2012-11-13 11:13:09','2012-11-13 11:13:09'),(1118,2,55,2,900.25,'2012-11-13 11:13:09','2012-11-13 11:13:09'),(1119,3,56,1,900.421999931,'2012-11-13 11:13:10','2012-11-13 11:13:10'),(1120,4,53,7,900.359999895,'2012-11-13 11:13:09','2012-11-13 11:13:09'),(1121,2,55,2,900.469000101,'2012-11-13 11:13:09','2012-11-13 11:13:09'),(1122,3,56,1,900.406000137,'2012-11-13 11:13:10','2012-11-13 11:13:10'),(1123,4,53,7,900.359000206,'2012-11-13 11:13:09','2012-11-13 11:13:09'),(1124,2,55,2,901.875,'2012-11-13 11:13:09','2012-11-13 11:13:09'),(1125,3,56,1,900.421999931,'2012-11-13 11:13:10','2012-11-13 11:13:10'),(1126,4,53,7,900.405999899,'2012-11-13 11:13:09','2012-11-13 11:13:09'),(1127,2,55,2,900.45299983,'2012-11-13 11:13:09','2012-11-13 11:13:09'),(1128,3,56,1,900.437000036,'2012-11-13 11:13:10','2012-11-13 11:13:10'),(1129,4,53,7,900.344000101,'2012-11-13 11:13:09','2012-11-13 11:13:09'),(1130,2,55,2,900.391000032,'2012-11-13 11:13:09','2012-11-13 11:13:09'),(1131,3,56,1,900.219000101,'2012-11-13 11:13:10','2012-11-13 11:13:10'),(1132,4,53,7,900.32799983,'2012-11-13 11:13:09','2012-11-13 11:13:09'),(1133,2,55,2,900.391000032,'2012-11-13 11:13:09','2012-11-13 11:13:09'),(1134,3,56,1,900.390999794,'2012-11-13 11:13:10','2012-11-13 11:13:10'),(1135,4,53,7,900.360000134,'2012-11-13 11:13:09','2012-11-13 11:13:09'),(1136,2,55,2,900.375,'2012-11-13 11:13:09','2012-11-13 11:13:09'),(1137,3,56,1,900.359000206,'2012-11-13 11:13:10','2012-11-13 11:13:10'),(1138,4,53,7,900.32799983,'2012-11-13 11:13:09','2012-11-13 11:13:09'),(1139,2,55,2,900.342999935,'2012-11-13 11:13:09','2012-11-13 11:13:09'),(1140,3,56,1,900.359999895,'2012-11-13 11:13:10','2012-11-13 11:13:10'),(1141,4,53,7,900.219000101,'2012-11-13 11:13:09','2012-11-13 11:13:09'),(1142,2,55,2,900.219000101,'2012-11-13 11:13:09','2012-11-13 11:13:09'),(1143,3,56,1,900.405999899,'2012-11-13 11:13:10','2012-11-13 11:13:10'),(1144,4,53,7,900.342999935,'2012-11-13 11:13:09','2012-11-13 11:13:09'),(1145,2,55,2,900.328000069,'2012-11-13 11:13:09','2012-11-13 11:13:09'),(1146,3,56,1,900.328000069,'2012-11-13 11:13:10','2012-11-13 11:13:10'),(1147,4,53,7,900.360000134,'2012-11-13 11:13:09','2012-11-13 11:13:09'),(1148,2,55,2,900.421999931,'2012-11-13 11:13:09','2012-11-13 11:13:09'),(1149,3,56,1,900.25,'2012-11-13 11:13:10','2012-11-13 11:13:10'),(1150,4,53,7,827.358999968,'2012-11-13 11:13:09','2012-11-13 11:13:09'),(1151,2,55,2,900.421999931,'2012-11-13 11:13:09','2012-11-13 11:13:09'),(1152,3,56,1,900.328000069,'2012-11-13 11:13:10','2012-11-13 11:13:10'),(1153,4,53,7,900.233999968,'2012-11-13 11:13:09','2012-11-13 11:13:09'),(1154,2,55,2,900.358999968,'2012-11-13 11:13:09','2012-11-13 11:13:09'),(1155,3,56,1,900.405999899,'2012-11-13 11:13:10','2012-11-13 11:13:10'),(1156,4,53,7,900.391000032,'2012-11-13 11:13:09','2012-11-13 11:13:09'),(1157,2,55,2,900.42200017,'2012-11-13 11:13:09','2012-11-13 11:13:09'),(1158,3,56,1,900.344000101,'2012-11-13 11:13:10','2012-11-13 11:13:10'),(1159,4,53,7,900.233999968,'2012-11-13 11:13:09','2012-11-13 11:13:09'),(1160,2,55,2,534.5,'2012-11-13 11:13:09','2012-11-13 11:13:09'),(1161,2,55,17,357.375,'2012-11-13 11:13:09','2012-11-13 11:13:09'),(1162,3,56,1,900.358999968,'2012-11-13 11:13:10','2012-11-13 11:13:10'),(1163,3,56,1,346.907000065,'2012-11-13 11:13:10','2012-11-13 11:13:10'),(1164,4,53,7,900.421999931,'2012-11-13 11:13:09','2012-11-13 11:13:09'),(1165,2,55,17,542.625,'2012-11-13 11:13:09','2012-11-13 11:13:09'),(1166,4,53,7,298.578000069,'2012-11-13 11:13:09','2012-11-13 11:13:09'),(1167,2,55,17,357.703000069,'2012-11-13 11:13:09','2012-11-13 11:13:09'),(1168,2,55,17,542.719000101,'2012-11-13 11:13:09','2012-11-13 11:13:09'),(1169,2,55,17,357.609999895,'2012-11-13 11:13:09','2012-11-13 11:13:09'),(1170,2,55,17,542.703000069,'2012-11-13 11:13:09','2012-11-13 11:13:09'),(1171,2,55,17,357.671999931,'2012-11-13 11:13:09','2012-11-13 11:13:09'),(1172,2,55,17,542.703000069,'2012-11-13 11:13:09','2012-11-13 11:13:09'),(1173,2,55,17,357.639999866,'2012-11-13 11:13:09','2012-11-13 11:13:09'),(1174,2,55,17,542.703000069,'2012-11-13 11:13:09','2012-11-13 11:13:09'),(1175,2,55,17,357.657000065,'2012-11-13 11:13:09','2012-11-13 11:13:09'),(1176,2,55,17,542.717999935,'2012-11-13 11:13:09','2012-11-13 11:13:09'),(1177,2,55,17,357.562999964,'2012-11-13 11:13:09','2012-11-13 11:13:09'),(1178,2,55,17,542.844000101,'2012-11-13 11:13:09','2012-11-13 11:13:09'),(1179,2,55,17,357.437000036,'2012-11-13 11:13:09','2012-11-13 11:13:09'),(1180,2,55,17,542.921999931,'2012-11-13 11:13:09','2012-11-13 11:13:09'),(1181,2,55,17,357.421999931,'2012-11-13 11:13:09','2012-11-13 11:13:09'),(1182,2,55,17,542.828000069,'2012-11-13 11:13:09','2012-11-13 11:13:09'),(1183,2,55,17,357.546999931,'2012-11-13 11:13:09','2012-11-13 11:13:09'),(1184,2,55,17,542.812000036,'2012-11-13 11:13:09','2012-11-13 11:13:09'),(1185,2,55,17,357.437999964,'2012-11-13 11:13:09','2012-11-13 11:13:09'),(1186,2,55,17,542.937000036,'2012-11-13 11:13:09','2012-11-13 11:13:09'),(1187,2,55,17,357.421999931,'2012-11-13 11:13:09','2012-11-13 11:13:09'),(1188,2,55,17,542.828000069,'2012-11-13 11:13:09','2012-11-13 11:13:09'),(1189,2,55,17,357.546999931,'2012-11-13 11:13:09','2012-11-13 11:13:09'),(1190,2,55,17,542.79700017,'2012-11-13 11:13:09','2012-11-13 11:13:09'),(1191,2,55,17,357.57799983,'2012-11-13 11:13:09','2012-11-13 11:13:09'),(1192,2,55,17,542.79700017,'2012-11-13 11:13:09','2012-11-13 11:13:09'),(1193,2,55,17,357.546999931,'2012-11-13 11:13:09','2012-11-13 11:13:09'),(1194,2,55,17,542.828000069,'2012-11-13 11:13:09','2012-11-13 11:13:09'),(1195,2,55,17,357.530999899,'2012-11-13 11:13:09','2012-11-13 11:13:09'),(1196,2,55,17,542.844000101,'2012-11-13 11:13:09','2012-11-13 11:13:09'),(1197,2,55,17,357.530999899,'2012-11-13 11:13:09','2012-11-13 11:13:09'),(1198,2,55,17,542.719000101,'2012-11-13 11:13:09','2012-11-13 11:13:09'),(1199,2,55,17,357.655999899,'2012-11-13 11:13:09','2012-11-13 11:13:09'),(1200,2,55,17,542.609999895,'2012-11-13 11:13:09','2012-11-13 11:13:09'),(1201,2,55,17,357.765000105,'2012-11-13 11:13:09','2012-11-13 11:13:09'),(1202,2,55,17,542.594000101,'2012-11-13 11:13:09','2012-11-13 11:13:09'),(1203,2,55,17,357.780999899,'2012-11-13 11:13:09','2012-11-13 11:13:09'),(1204,2,55,17,542.594000101,'2012-11-13 11:13:09','2012-11-13 11:13:09'),(1205,2,55,17,357.765999794,'2012-11-13 11:13:09','2012-11-13 11:13:09'),(1206,2,55,17,542.594000101,'2012-11-13 11:13:09','2012-11-13 11:13:09'),(1207,2,55,17,357.796000004,'2012-11-13 11:13:09','2012-11-13 11:13:09'),(1208,2,55,17,542.594000101,'2012-11-13 11:13:09','2012-11-13 11:13:09'),(1209,2,55,17,357.655999899,'2012-11-13 11:13:09','2012-11-13 11:13:09'),(1210,2,55,17,542.719000101,'2012-11-13 11:13:09','2012-11-13 11:13:09'),(1211,2,55,17,357.655999899,'2012-11-13 11:13:09','2012-11-13 11:13:09'),(1212,2,55,17,542.625,'2012-11-13 11:13:09','2012-11-13 11:13:09'),(1213,2,55,17,357.766000032,'2012-11-13 11:13:09','2012-11-13 11:13:09'),(1214,2,55,17,542.625,'2012-11-13 11:13:09','2012-11-13 11:13:09'),(1215,2,55,17,357.75,'2012-11-13 11:13:09','2012-11-13 11:13:09'),(1216,2,55,17,542.608999968,'2012-11-13 11:13:09','2012-11-13 11:13:09'),(1217,2,55,17,357.75,'2012-11-13 11:13:09','2012-11-13 11:13:09'),(1218,2,55,17,542.625,'2012-11-13 11:13:09','2012-11-13 11:13:09'),(1219,2,55,17,357.734999895,'2012-11-13 11:13:09','2012-11-13 11:13:09'),(1220,2,55,17,542.640000105,'2012-11-13 11:13:09','2012-11-13 11:13:09'),(1221,2,55,17,357.641000032,'2012-11-13 11:13:09','2012-11-13 11:13:09'),(1222,2,55,17,542.703000069,'2012-11-13 11:13:09','2012-11-13 11:13:09'),(1223,2,55,17,357.655999899,'2012-11-13 11:13:09','2012-11-13 11:13:09'),(1224,2,55,17,542.594000101,'2012-11-13 11:13:09','2012-11-13 11:13:09'),(1225,2,55,17,357.765999794,'2012-11-13 11:13:09','2012-11-13 11:13:09'),(1226,2,55,17,542.594000101,'2012-11-13 11:13:09','2012-11-13 11:13:09'),(1227,2,55,17,357.765000105,'2012-11-13 11:13:09','2012-11-13 11:13:09'),(1228,2,55,17,542.625,'2012-11-13 11:13:09','2012-11-13 11:13:09'),(1229,2,55,17,357.75,'2012-11-13 11:13:09','2012-11-13 11:13:09'),(1230,2,55,17,542.625,'2012-11-13 11:13:09','2012-11-13 11:13:09'),(1231,2,55,17,357.655999899,'2012-11-13 11:13:09','2012-11-13 11:13:09'),(1232,2,55,17,542.703999996,'2012-11-13 11:13:09','2012-11-13 11:13:09'),(1233,2,55,17,357.640000105,'2012-11-13 11:13:09','2012-11-13 11:13:09'),(1234,2,55,17,542.609999895,'2012-11-13 11:13:09','2012-11-13 11:13:09'),(1235,2,55,17,357.75,'2012-11-13 11:13:09','2012-11-13 11:13:09'),(1236,2,55,17,542.608999968,'2012-11-13 11:13:09','2012-11-13 11:13:09'),(1237,2,55,17,357.75,'2012-11-13 11:13:09','2012-11-13 11:13:09'),(1238,2,55,17,542.625,'2012-11-13 11:13:09','2012-11-13 11:13:09'),(1239,2,55,17,357.656000137,'2012-11-13 11:13:09','2012-11-13 11:13:09'),(1240,2,55,17,542.70299983,'2012-11-13 11:13:09','2012-11-13 11:13:09'),(1241,2,55,17,357.67200017,'2012-11-13 11:13:09','2012-11-13 11:13:09'),(1242,2,55,17,542.609999895,'2012-11-13 11:13:09','2012-11-13 11:13:09'),(1243,2,55,17,357.765000105,'2012-11-13 11:13:09','2012-11-13 11:13:09'),(1244,2,55,17,542.5,'2012-11-13 11:13:09','2012-11-13 11:13:09'),(1245,2,55,17,357.875,'2012-11-13 11:13:09','2012-11-13 11:13:09'),(1246,2,55,17,542.484999895,'2012-11-13 11:13:09','2012-11-13 11:13:09'),(1247,2,55,17,357.875,'2012-11-13 11:13:09','2012-11-13 11:13:09'),(1248,2,55,17,542.467999935,'2012-11-13 11:13:09','2012-11-13 11:13:09'),(1249,2,55,17,357.766000032,'2012-11-13 11:13:09','2012-11-13 11:13:09'),(1250,2,55,17,542.608999968,'2012-11-13 11:13:09','2012-11-13 11:13:09'),(1251,2,55,17,357.75,'2012-11-13 11:13:09','2012-11-13 11:13:09'),(1252,2,55,17,542.625,'2012-11-13 11:13:09','2012-11-13 11:13:09'),(1253,2,55,17,357.75,'2012-11-13 11:13:09','2012-11-13 11:13:09'),(1254,2,55,17,542.594000101,'2012-11-13 11:13:09','2012-11-13 11:13:09'),(1255,2,55,17,357.75,'2012-11-13 11:13:09','2012-11-13 11:13:09'),(1256,2,55,17,542.608999968,'2012-11-13 11:13:09','2012-11-13 11:13:09'),(1257,2,55,17,357.75,'2012-11-13 11:13:09','2012-11-13 11:13:09'),(1258,2,55,17,542.625,'2012-11-13 11:13:09','2012-11-13 11:13:09'),(1259,2,55,17,357.75,'2012-11-13 11:13:09','2012-11-13 11:13:09'),(1260,2,55,17,542.594000101,'2012-11-13 11:13:09','2012-11-13 11:13:09'),(1261,2,55,17,357.780999899,'2012-11-13 11:13:10','2012-11-13 11:13:10'),(1262,2,55,17,542.594000101,'2012-11-13 11:13:10','2012-11-13 11:13:10'),(1263,2,55,17,357.75,'2012-11-13 11:13:10','2012-11-13 11:13:10'),(1264,2,55,17,542.593999863,'2012-11-13 11:13:10','2012-11-13 11:13:10'),(1265,2,55,17,357.766000032,'2012-11-13 11:13:10','2012-11-13 11:13:10'),(1266,2,55,17,542.5,'2012-11-13 11:13:10','2012-11-13 11:13:10'),(1267,2,55,17,357.765000105,'2012-11-13 11:13:10','2012-11-13 11:13:10'),(1268,2,55,17,542.609999895,'2012-11-13 11:13:10','2012-11-13 11:13:10'),(1269,2,55,17,357.75,'2012-11-13 11:13:10','2012-11-13 11:13:10'),(1270,2,55,17,542.625,'2012-11-13 11:13:10','2012-11-13 11:13:10'),(1271,2,55,17,357.733999968,'2012-11-13 11:13:10','2012-11-13 11:13:10'),(1272,2,55,17,542.608999968,'2012-11-13 11:13:10','2012-11-13 11:13:10'),(1273,2,55,17,357.641000032,'2012-11-13 11:13:10','2012-11-13 11:13:10'),(1274,2,55,17,542.719000101,'2012-11-13 11:13:10','2012-11-13 11:13:10'),(1275,2,55,17,357.639999866,'2012-11-13 11:13:10','2012-11-13 11:13:10'),(1276,2,55,17,542.625,'2012-11-13 11:13:10','2012-11-13 11:13:10'),(1277,2,55,17,357.75,'2012-11-13 11:13:10','2012-11-13 11:13:10'),(1278,2,55,17,542.610000134,'2012-11-13 11:13:10','2012-11-13 11:13:10'),(1279,2,55,17,357.764999866,'2012-11-13 11:13:10','2012-11-13 11:13:10'),(1280,2,55,17,542.610000134,'2012-11-13 11:13:10','2012-11-13 11:13:10'),(1281,2,55,17,357.639999866,'2012-11-13 11:13:10','2012-11-13 11:13:10'),(1282,2,55,17,542.703000069,'2012-11-13 11:13:10','2012-11-13 11:13:10'),(1283,2,55,17,357.671999931,'2012-11-13 11:13:10','2012-11-13 11:13:10'),(1284,2,55,17,542.735000134,'2012-11-13 11:13:10','2012-11-13 11:13:10'),(1285,2,55,17,357.608999968,'2012-11-13 11:13:10','2012-11-13 11:13:10'),(1286,2,55,17,542.828000069,'2012-11-13 11:13:10','2012-11-13 11:13:10'),(1287,2,55,17,357.546999931,'2012-11-13 11:13:10','2012-11-13 11:13:10'),(1288,2,55,17,542.718999863,'2012-11-13 11:13:10','2012-11-13 11:13:10'),(1289,2,55,17,357.656000137,'2012-11-13 11:13:10','2012-11-13 11:13:10'),(1290,2,55,17,542.718999863,'2012-11-13 11:13:10','2012-11-13 11:13:10'),(1291,2,55,17,357.54700017,'2012-11-13 11:13:10','2012-11-13 11:13:10'),(1292,2,55,17,542.812000036,'2012-11-13 11:13:10','2012-11-13 11:13:10'),(1293,2,55,17,357.530999899,'2012-11-13 11:13:10','2012-11-13 11:13:10'),(1294,2,55,17,542.844000101,'2012-11-13 11:13:10','2012-11-13 11:13:10'),(1295,2,55,17,357.530999899,'2012-11-13 11:13:10','2012-11-13 11:13:10'),(1296,2,55,17,490.407000065,'2012-11-13 11:13:10','2012-11-13 11:13:10'),(1297,2,55,17,48.7660000324,'2012-11-13 11:13:10','2012-11-13 11:13:10'),(1298,2,55,17,357.437000036,'2012-11-13 11:13:10','2012-11-13 11:13:10'),(1299,4,53,7,900,'2012-11-13 11:13:09','2012-11-13 11:13:09'),(1300,3,56,1,900,'2012-11-13 11:13:10','2012-11-13 11:13:10'),(1301,2,55,17,493.796999931,'2012-11-13 11:13:10','2012-11-13 11:13:10'),(1302,2,55,17,49.0310001373,'2012-11-13 11:13:10','2012-11-13 11:13:10'),(1303,2,55,17,357.515999794,'2012-11-13 11:13:10','2012-11-13 11:13:10'),(1304,4,53,7,900.375,'2012-11-13 11:13:09','2012-11-13 11:13:09'),(1305,3,56,1,900.45299983,'2012-11-13 11:13:10','2012-11-13 11:13:10'),(1306,2,55,17,493.781000137,'2012-11-13 11:13:10','2012-11-13 11:13:10'),(1307,2,55,17,49.1089999676,'2012-11-13 11:13:10','2012-11-13 11:13:10'),(1308,2,55,17,274.187999964,'2012-11-13 11:13:10','2012-11-13 11:13:10'),(1309,4,53,7,900.421999931,'2012-11-13 11:13:09','2012-11-13 11:13:09'),(1310,3,56,1,900.406000137,'2012-11-13 11:13:10','2012-11-13 11:13:10'),(1311,2,55,17,493.875,'2012-11-13 11:13:10','2012-11-13 11:13:10'),(1312,2,55,17,49.1719999313,'2012-11-13 11:13:10','2012-11-13 11:13:10'),(1313,2,55,17,290.453000069,'2012-11-13 11:13:10','2012-11-13 11:13:10'),(1314,2,55,2,57.4530000687,'2012-11-13 11:13:10','2012-11-13 11:13:10'),(1315,4,53,7,900.453000069,'2012-11-13 11:13:09','2012-11-13 11:13:09'),(1316,3,56,1,900.343999863,'2012-11-13 11:13:10','2012-11-13 11:13:10'),(1317,2,55,2,493.875,'2012-11-13 11:13:10','2012-11-13 11:13:10'),(1318,2,55,2,49.1559998989,'2012-11-13 11:13:10','2012-11-13 11:13:10'),(1319,2,55,2,299.516000032,'2012-11-13 11:13:10','2012-11-13 11:13:10'),(1320,2,55,2,57.7969999313,'2012-11-13 11:13:10','2012-11-13 11:13:10'),(1321,4,53,7,900.32799983,'2012-11-13 11:13:09','2012-11-13 11:13:09'),(1322,3,56,1,900.375,'2012-11-13 11:13:10','2012-11-13 11:13:10'),(1323,2,55,2,493.921999931,'2012-11-13 11:13:10','2012-11-13 11:13:10'),(1324,2,55,2,49.0940001011,'2012-11-13 11:13:10','2012-11-13 11:13:10'),(1325,2,55,2,299.592999935,'2012-11-13 11:13:10','2012-11-13 11:13:10'),(1326,2,55,2,57.6410000324,'2012-11-13 11:13:10','2012-11-13 11:13:10'),(1327,4,53,7,900.360000134,'2012-11-13 11:13:09','2012-11-13 11:13:09'),(1328,3,56,1,900.328000069,'2012-11-13 11:13:10','2012-11-13 11:13:10'),(1329,2,55,2,494.062000036,'2012-11-13 11:13:10','2012-11-13 11:13:10'),(1330,2,55,2,49.0789999962,'2012-11-13 11:13:10','2012-11-13 11:13:10'),(1331,2,55,2,299.640000105,'2012-11-13 11:13:10','2012-11-13 11:13:10'),(1332,2,55,2,57.5309998989,'2012-11-13 11:13:10','2012-11-13 11:13:10'),(1333,4,53,7,900.342999935,'2012-11-13 11:13:09','2012-11-13 11:13:09'),(1334,3,56,1,900.358999968,'2012-11-13 11:13:10','2012-11-13 11:13:10'),(1335,2,55,2,494.141000032,'2012-11-13 11:13:10','2012-11-13 11:13:10'),(1336,2,55,2,49.1089999676,'2012-11-13 11:13:10','2012-11-13 11:13:10'),(1337,2,55,2,299.578999996,'2012-11-13 11:13:10','2012-11-13 11:13:10'),(1338,2,55,2,57.5309998989,'2012-11-13 11:13:10','2012-11-13 11:13:10'),(1339,4,53,7,900.359999895,'2012-11-13 11:13:09','2012-11-13 11:13:09'),(1340,3,56,1,900.375,'2012-11-13 11:13:10','2012-11-13 11:13:10'),(1341,2,55,2,494.156000137,'2012-11-13 11:13:10','2012-11-13 11:13:10'),(1342,2,55,2,49.0939998627,'2012-11-13 11:13:10','2012-11-13 11:13:10'),(1343,2,55,2,299.578000069,'2012-11-13 11:13:10','2012-11-13 11:13:10'),(1344,2,55,2,57.5310001373,'2012-11-13 11:13:10','2012-11-13 11:13:10'),(1345,4,53,7,900.375,'2012-11-13 11:13:09','2012-11-13 11:13:09'),(1346,3,56,1,900.391000032,'2012-11-13 11:13:10','2012-11-13 11:13:10'),(1347,2,55,2,494.155999899,'2012-11-13 11:13:10','2012-11-13 11:13:10'),(1348,2,55,2,49.125,'2012-11-13 11:13:10','2012-11-13 11:13:10'),(1349,2,55,2,299.562999964,'2012-11-13 11:13:10','2012-11-13 11:13:10'),(1350,2,55,2,57.5310001373,'2012-11-13 11:13:10','2012-11-13 11:13:10'),(1351,4,53,7,900.359000206,'2012-11-13 11:13:09','2012-11-13 11:13:09'),(1352,3,56,1,900.296999931,'2012-11-13 11:13:10','2012-11-13 11:13:10'),(1353,2,55,2,494.155999899,'2012-11-13 11:13:10','2012-11-13 11:13:10'),(1354,2,55,2,49.1099998951,'2012-11-13 11:13:10','2012-11-13 11:13:10'),(1355,2,55,2,299.562000036,'2012-11-13 11:13:10','2012-11-13 11:13:10'),(1356,2,55,2,57.5320000648,'2012-11-13 11:13:10','2012-11-13 11:13:10'),(1357,4,53,7,900.390999794,'2012-11-13 11:13:09','2012-11-13 11:13:09'),(1358,3,56,1,900.390000105,'2012-11-13 11:13:10','2012-11-13 11:13:10'),(1359,2,55,2,494.155999899,'2012-11-13 11:13:10','2012-11-13 11:13:10'),(1360,2,55,2,49.109000206,'2012-11-13 11:13:10','2012-11-13 11:13:10'),(1361,2,55,2,299.562999964,'2012-11-13 11:13:10','2012-11-13 11:13:10'),(1362,2,55,2,57.4219999313,'2012-11-13 11:13:10','2012-11-13 11:13:10'),(1363,4,53,7,900.406000137,'2012-11-13 11:13:09','2012-11-13 11:13:09'),(1364,3,56,1,900.328999996,'2012-11-13 11:13:10','2012-11-13 11:13:10'),(1365,2,55,2,494.265000105,'2012-11-13 11:13:10','2012-11-13 11:13:10'),(1366,2,55,2,49.1099998951,'2012-11-13 11:13:10','2012-11-13 11:13:10'),(1367,2,55,2,299.562000036,'2012-11-13 11:13:10','2012-11-13 11:13:10'),(1368,2,55,2,57.4219999313,'2012-11-13 11:13:10','2012-11-13 11:13:10'),(1369,4,53,7,900.405999899,'2012-11-13 11:13:09','2012-11-13 11:13:09'),(1370,3,56,1,900.280999899,'2012-11-13 11:13:10','2012-11-13 11:13:10'),(1371,2,55,2,494.266000032,'2012-11-13 11:13:10','2012-11-13 11:13:10'),(1372,2,55,2,49.1089999676,'2012-11-13 11:13:10','2012-11-13 11:13:10'),(1373,2,55,2,299.469000101,'2012-11-13 11:13:10','2012-11-13 11:13:10'),(1374,2,55,2,57.5309998989,'2012-11-13 11:13:10','2012-11-13 11:13:10'),(1375,4,53,7,900.42200017,'2012-11-13 11:13:09','2012-11-13 11:13:09'),(1376,3,56,1,900.328000069,'2012-11-13 11:13:10','2012-11-13 11:13:10'),(1377,2,55,2,494.25,'2012-11-13 11:13:10','2012-11-13 11:13:10'),(1378,2,55,2,49.1089999676,'2012-11-13 11:13:10','2012-11-13 11:13:10'),(1379,2,55,2,299.469000101,'2012-11-13 11:13:10','2012-11-13 11:13:10'),(1380,2,55,2,57.5309998989,'2012-11-13 11:13:10','2012-11-13 11:13:10'),(1381,4,53,7,900.218999863,'2012-11-13 11:13:09','2012-11-13 11:13:09'),(1382,3,56,1,900.358999968,'2012-11-13 11:13:10','2012-11-13 11:13:10'),(1383,2,55,2,494.25,'2012-11-13 11:13:10','2012-11-13 11:13:10'),(1384,2,55,2,49.1100001335,'2012-11-13 11:13:10','2012-11-13 11:13:10'),(1385,2,55,2,299.467999935,'2012-11-13 11:13:10','2012-11-13 11:13:10'),(1386,2,55,2,57.5320000648,'2012-11-13 11:13:10','2012-11-13 11:13:10'),(1387,4,53,7,900.219000101,'2012-11-13 11:13:09','2012-11-13 11:13:09'),(1388,3,56,1,900.282000065,'2012-11-13 11:13:10','2012-11-13 11:13:10'),(1389,2,55,2,494.25,'2012-11-13 11:13:10','2012-11-13 11:13:10'),(1390,2,55,2,49.1089999676,'2012-11-13 11:13:10','2012-11-13 11:13:10'),(1391,2,55,2,299.468999863,'2012-11-13 11:13:10','2012-11-13 11:13:10'),(1392,2,55,2,57.5310001373,'2012-11-13 11:13:10','2012-11-13 11:13:10'),(1393,4,53,7,901.625,'2012-11-13 11:13:09','2012-11-13 11:13:09'),(1394,3,56,1,900.515000105,'2012-11-13 11:13:10','2012-11-13 11:13:10'),(1395,2,55,2,494.25,'2012-11-13 11:13:10','2012-11-13 11:13:10'),(1396,2,55,2,49.1089999676,'2012-11-13 11:13:10','2012-11-13 11:13:10'),(1397,2,55,2,299.469000101,'2012-11-13 11:13:10','2012-11-13 11:13:10'),(1398,2,55,2,57.5309998989,'2012-11-13 11:13:10','2012-11-13 11:13:10'),(1399,4,53,7,900.342999935,'2012-11-13 11:13:09','2012-11-13 11:13:09'),(1400,3,56,1,900.437999964,'2012-11-13 11:13:10','2012-11-13 11:13:10'),(1401,2,55,2,494.266000032,'2012-11-13 11:13:10','2012-11-13 11:13:10'),(1402,2,55,2,48.9839999676,'2012-11-13 11:13:10','2012-11-13 11:13:10'),(1403,2,55,2,299.578999996,'2012-11-13 11:13:10','2012-11-13 11:13:10'),(1404,2,55,2,57.5309998989,'2012-11-13 11:13:10','2012-11-13 11:13:10'),(1405,4,53,7,900.407000065,'2012-11-13 11:13:09','2012-11-13 11:13:09'),(1406,3,56,1,900.375,'2012-11-13 11:13:10','2012-11-13 11:13:10'),(1407,2,55,2,488.344000101,'2012-11-13 11:13:10','2012-11-13 11:13:10'),(1408,4,53,7,374.405999899,'2012-11-13 11:13:09','2012-11-13 11:13:09'),(1409,2,55,2,147.516000032,'2012-11-13 11:13:10','2012-11-13 11:13:10'),(1410,2,55,2,57.5310001373,'2012-11-13 11:13:10','2012-11-13 11:13:10'),(1411,4,53,17,512.671000004,'2012-11-13 11:13:09','2012-11-13 11:13:09'),(1412,3,56,1,900.296999931,'2012-11-13 11:13:10','2012-11-13 11:13:10'),(1413,4,53,17,387.344000101,'2012-11-13 11:13:09','2012-11-13 11:13:09'),(1414,2,55,2,694.95299983,'2012-11-13 11:13:10','2012-11-13 11:13:10'),(1415,2,55,2,147.875,'2012-11-13 11:13:10','2012-11-13 11:13:10'),(1416,2,55,2,57.5320000648,'2012-11-13 11:13:10','2012-11-13 11:13:10'),(1417,4,53,17,513.109999895,'2012-11-13 11:13:09','2012-11-13 11:13:09'),(1418,3,56,1,900.421000004,'2012-11-13 11:13:10','2012-11-13 11:13:10'),(1419,4,53,17,387.265000105,'2012-11-13 11:13:09','2012-11-13 11:13:09'),(1420,2,55,2,694.967999935,'2012-11-13 11:13:10','2012-11-13 11:13:10'),(1421,2,55,2,147.875,'2012-11-13 11:13:10','2012-11-13 11:13:10'),(1422,2,55,2,57.5320000648,'2012-11-13 11:13:10','2012-11-13 11:13:10'),(1423,4,53,17,513.07799983,'2012-11-13 11:13:09','2012-11-13 11:13:09'),(1424,3,56,1,900.421999931,'2012-11-13 11:13:10','2012-11-13 11:13:10'),(1425,4,53,17,387.282000065,'2012-11-13 11:13:09','2012-11-13 11:13:09'),(1426,2,55,2,694.967999935,'2012-11-13 11:13:10','2012-11-13 11:13:10'),(1427,2,55,2,147.766000032,'2012-11-13 11:13:10','2012-11-13 11:13:10'),(1428,2,55,2,57.625,'2012-11-13 11:13:10','2012-11-13 11:13:10'),(1429,4,53,17,513.125,'2012-11-13 11:13:09','2012-11-13 11:13:09'),(1430,3,56,1,900.407000065,'2012-11-13 11:13:10','2012-11-13 11:13:10'),(1431,4,53,17,310.030999899,'2012-11-13 11:13:09','2012-11-13 11:13:09'),(1432,2,55,2,694.969000101,'2012-11-13 11:13:10','2012-11-13 11:13:10'),(1433,2,55,2,147.842999935,'2012-11-13 11:13:10','2012-11-13 11:13:10'),(1434,2,55,2,57.6099998951,'2012-11-13 11:13:10','2012-11-13 11:13:10'),(1435,4,53,17,513.234000206,'2012-11-13 11:13:09','2012-11-13 11:13:09'),(1436,3,56,1,900.390000105,'2012-11-13 11:13:10','2012-11-13 11:13:10'),(1437,4,53,17,387.07799983,'2012-11-13 11:13:09','2012-11-13 11:13:09'),(1438,2,55,2,694.953000069,'2012-11-13 11:13:10','2012-11-13 11:13:10'),(1439,2,55,2,147.656000137,'2012-11-13 11:13:10','2012-11-13 11:13:10'),(1440,2,55,2,57.75,'2012-11-13 11:13:10','2012-11-13 11:13:10'),(1441,4,53,17,513.282000065,'2012-11-13 11:13:09','2012-11-13 11:13:09'),(1442,3,56,1,900.375,'2012-11-13 11:13:10','2012-11-13 11:13:10'),(1443,4,53,17,387.092999935,'2012-11-13 11:13:09','2012-11-13 11:13:09'),(1444,2,55,2,695.030999899,'2012-11-13 11:13:10','2012-11-13 11:13:10'),(1445,2,55,2,147.641000032,'2012-11-13 11:13:10','2012-11-13 11:13:10'),(1446,2,55,2,57.6410000324,'2012-11-13 11:13:10','2012-11-13 11:13:10'),(1447,4,53,17,513.282000065,'2012-11-13 11:13:09','2012-11-13 11:13:09'),(1448,3,56,1,900.421999931,'2012-11-13 11:13:10','2012-11-13 11:13:10'),(1449,4,53,17,387.078000069,'2012-11-13 11:13:09','2012-11-13 11:13:09'),(1450,2,55,2,695.07799983,'2012-11-13 11:13:10','2012-11-13 11:13:10'),(1451,2,55,2,147.656000137,'2012-11-13 11:13:10','2012-11-13 11:13:10'),(1452,2,55,2,57.6410000324,'2012-11-13 11:13:10','2012-11-13 11:13:10'),(1453,4,53,17,513.296999931,'2012-11-13 11:13:09','2012-11-13 11:13:09'),(1454,3,56,1,900.328000069,'2012-11-13 11:13:10','2012-11-13 11:13:10'),(1455,4,53,17,387.092999935,'2012-11-13 11:13:09','2012-11-13 11:13:09'),(1456,2,55,2,695.07799983,'2012-11-13 11:13:10','2012-11-13 11:13:10'),(1457,2,55,2,147.625,'2012-11-13 11:13:10','2012-11-13 11:13:10'),(1458,2,55,2,57.6720001698,'2012-11-13 11:13:10','2012-11-13 11:13:10'),(1459,4,53,17,513.328000069,'2012-11-13 11:13:09','2012-11-13 11:13:09'),(1460,3,56,1,900.421999931,'2012-11-13 11:13:10','2012-11-13 11:13:10'),(1461,4,53,17,387.046999931,'2012-11-13 11:13:09','2012-11-13 11:13:09'),(1462,2,55,2,695.092999935,'2012-11-13 11:13:10','2012-11-13 11:13:10'),(1463,2,55,2,147.657000065,'2012-11-13 11:13:10','2012-11-13 11:13:10'),(1464,2,55,2,57.6399998665,'2012-11-13 11:13:10','2012-11-13 11:13:10'),(1465,4,53,17,513.25,'2012-11-13 11:13:09','2012-11-13 11:13:09'),(1466,3,56,1,900.405999899,'2012-11-13 11:13:10','2012-11-13 11:13:10'),(1467,4,53,17,387.157000065,'2012-11-13 11:13:09','2012-11-13 11:13:09'),(1468,2,55,2,695.078000069,'2012-11-13 11:13:10','2012-11-13 11:13:10'),(1469,2,55,2,147.641000032,'2012-11-13 11:13:10','2012-11-13 11:13:10'),(1470,2,55,2,57.6410000324,'2012-11-13 11:13:10','2012-11-13 11:13:10'),(1471,4,53,17,513.187000036,'2012-11-13 11:13:09','2012-11-13 11:13:09'),(1472,3,56,1,900.375,'2012-11-13 11:13:10','2012-11-13 11:13:10'),(1473,4,53,17,387.203000069,'2012-11-13 11:13:09','2012-11-13 11:13:09'),(1474,2,55,2,695.07799983,'2012-11-13 11:13:10','2012-11-13 11:13:10'),(1475,2,55,2,147.640000105,'2012-11-13 11:13:10','2012-11-13 11:13:10'),(1476,2,55,2,57.5469999313,'2012-11-13 11:13:10','2012-11-13 11:13:10'),(1477,4,53,17,513.218999863,'2012-11-13 11:13:09','2012-11-13 11:13:09'),(1478,3,56,1,900.312999964,'2012-11-13 11:13:10','2012-11-13 11:13:10'),(1479,4,53,17,387.141000032,'2012-11-13 11:13:09','2012-11-13 11:13:09'),(1480,2,55,2,695.203000069,'2012-11-13 11:13:10','2012-11-13 11:13:10'),(1481,2,55,2,80.0469999313,'2012-11-13 11:13:10','2012-11-13 11:13:10'),(1482,3,56,1,613.312000036,'2012-11-13 11:13:10','2012-11-13 11:13:10'),(1483,4,53,17,513.155999899,'2012-11-13 11:13:09','2012-11-13 11:13:09'),(1484,4,53,17,387.17200017,'2012-11-13 11:13:09','2012-11-13 11:13:09'),(1485,4,53,17,513.233999968,'2012-11-13 11:13:09','2012-11-13 11:13:09'),(1486,4,53,17,91.1089999676,'2012-11-13 11:13:09','2012-11-13 11:13:09'),(1487,4,53,17,91.4059998989,'2012-11-13 11:13:09','2012-11-13 11:13:09'),(1488,3,56,1,900,'2012-11-13 11:13:10','2012-11-13 11:13:10'),(1489,4,53,7,900,'2012-11-13 11:13:09','2012-11-13 11:13:09'),(1490,3,56,1,900.375,'2012-11-13 11:13:10','2012-11-13 11:13:10'),(1491,4,53,7,900.29700017,'2012-11-13 11:13:09','2012-11-13 11:13:09'),(1492,3,56,1,900.375,'2012-11-13 11:13:10','2012-11-13 11:13:10'),(1493,4,53,7,900.45299983,'2012-11-13 11:13:09','2012-11-13 11:13:09'),(1494,3,56,1,900.390999794,'2012-11-13 11:13:10','2012-11-13 11:13:10'),(1495,4,53,7,900.375,'2012-11-13 11:13:09','2012-11-13 11:13:09'),(1496,3,56,1,900.406000137,'2012-11-13 11:13:10','2012-11-13 11:13:10'),(1497,4,53,7,900.391000032,'2012-11-13 11:13:09','2012-11-13 11:13:09'),(1498,3,56,1,900.280999899,'2012-11-13 11:13:10','2012-11-13 11:13:10'),(1499,4,53,7,900.296999931,'2012-11-13 11:13:09','2012-11-13 11:13:09'),(1500,3,56,1,900.391000032,'2012-11-13 11:13:10','2012-11-13 11:13:10'),(1501,4,53,7,900.42200017,'2012-11-13 11:13:09','2012-11-13 11:13:09'),(1502,3,56,1,900.375,'2012-11-13 11:13:10','2012-11-13 11:13:10'),(1503,4,53,7,900.389999866,'2012-11-13 11:13:09','2012-11-13 11:13:09'),(1504,3,56,1,900.406000137,'2012-11-13 11:13:10','2012-11-13 11:13:10'),(1505,4,53,7,900.328000069,'2012-11-13 11:13:09','2012-11-13 11:13:09'),(1506,3,56,1,900.296999931,'2012-11-13 11:13:10','2012-11-13 11:13:10'),(1507,4,53,7,900.375,'2012-11-13 11:13:09','2012-11-13 11:13:09'),(1508,3,56,1,900.405999899,'2012-11-13 11:13:10','2012-11-13 11:13:10'),(1509,4,53,7,900.375,'2012-11-13 11:13:09','2012-11-13 11:13:09'),(1510,4,53,7,339.844000101,'2012-11-13 11:13:09','2012-11-13 11:13:09'),(1511,3,56,1,900.391000032,'2012-11-13 11:13:10','2012-11-13 11:13:10'),(1512,4,58,2,503.062000036,'2012-11-13 11:13:10','2012-11-13 11:13:10'),(1513,4,58,2,396.937999964,'2012-11-13 11:13:10','2012-11-13 11:13:10'),(1514,3,56,1,900.375,'2012-11-13 11:13:10','2012-11-13 11:13:10'),(1515,4,58,2,503.483999968,'2012-11-13 11:13:10','2012-11-13 11:13:10'),(1516,4,58,2,396.860000134,'2012-11-13 11:13:10','2012-11-13 11:13:10'),(1517,3,56,1,900.391000032,'2012-11-13 11:13:10','2012-11-13 11:13:10'),(1518,4,58,2,503.5,'2012-11-13 11:13:10','2012-11-13 11:13:10'),(1519,4,58,2,396.921999931,'2012-11-13 11:13:10','2012-11-13 11:13:10'),(1520,3,56,1,900.390000105,'2012-11-13 11:13:10','2012-11-13 11:13:10'),(1521,4,58,2,503.405999899,'2012-11-13 11:13:10','2012-11-13 11:13:10'),(1522,4,58,2,396.937000036,'2012-11-13 11:13:10','2012-11-13 11:13:10'),(1523,3,56,1,900.421999931,'2012-11-13 11:13:10','2012-11-13 11:13:10'),(1524,4,58,2,503.5,'2012-11-13 11:13:10','2012-11-13 11:13:10'),(1525,4,58,2,396.92200017,'2012-11-13 11:13:10','2012-11-13 11:13:10'),(1526,3,56,1,900.391000032,'2012-11-13 11:13:10','2012-11-13 11:13:10'),(1527,4,58,2,503.45299983,'2012-11-13 11:13:10','2012-11-13 11:13:10'),(1528,4,58,2,396.953000069,'2012-11-13 11:13:10','2012-11-13 11:13:10'),(1529,3,56,1,900.389999866,'2012-11-13 11:13:10','2012-11-13 11:13:10'),(1530,4,58,2,503.375,'2012-11-13 11:13:10','2012-11-13 11:13:10'),(1531,4,58,2,397.016000032,'2012-11-13 11:13:10','2012-11-13 11:13:10'),(1532,3,56,1,900.282000065,'2012-11-13 11:13:10','2012-11-13 11:13:10'),(1533,4,58,2,503.421999931,'2012-11-13 11:13:10','2012-11-13 11:13:10'),(1534,4,58,2,396.983999968,'2012-11-13 11:13:10','2012-11-13 11:13:10'),(1535,3,56,1,900.342999935,'2012-11-13 11:13:10','2012-11-13 11:13:10'),(1536,4,58,2,503.453000069,'2012-11-13 11:13:10','2012-11-13 11:13:10'),(1537,4,58,2,396.921999931,'2012-11-13 11:13:10','2012-11-13 11:13:10'),(1538,3,56,1,900.391000032,'2012-11-13 11:13:10','2012-11-13 11:13:10'),(1539,4,58,2,503.407000065,'2012-11-13 11:13:10','2012-11-13 11:13:10'),(1540,4,58,2,396.967999935,'2012-11-13 11:13:10','2012-11-13 11:13:10'),(1541,3,56,1,900.391000032,'2012-11-13 11:13:10','2012-11-13 11:13:10'),(1542,4,58,2,503.469000101,'2012-11-13 11:13:10','2012-11-13 11:13:10'),(1543,4,58,2,396.843999863,'2012-11-13 11:13:10','2012-11-13 11:13:10'),(1544,3,56,1,900.375,'2012-11-13 11:13:10','2012-11-13 11:13:10'),(1545,4,58,2,503.515000105,'2012-11-13 11:13:10','2012-11-13 11:13:10'),(1546,4,58,2,396.828999996,'2012-11-13 11:13:10','2012-11-13 11:13:10'),(1547,3,56,1,900.390000105,'2012-11-13 11:13:10','2012-11-13 11:13:10'),(1548,4,58,2,503.467999935,'2012-11-13 11:13:10','2012-11-13 11:13:10'),(1549,4,58,2,396.828000069,'2012-11-13 11:13:10','2012-11-13 11:13:10'),(1550,3,56,1,900.390999794,'2012-11-13 11:13:10','2012-11-13 11:13:10'),(1551,4,58,2,503.546999931,'2012-11-13 11:13:10','2012-11-13 11:13:10'),(1552,4,58,2,396.79700017,'2012-11-13 11:13:10','2012-11-13 11:13:10'),(1553,3,56,1,900.390000105,'2012-11-13 11:13:10','2012-11-13 11:13:10'),(1554,4,58,2,503.562999964,'2012-11-13 11:13:10','2012-11-13 11:13:10'),(1555,4,58,2,396.717999935,'2012-11-13 11:13:10','2012-11-13 11:13:10'),(1556,3,56,1,900.344000101,'2012-11-13 11:13:10','2012-11-13 11:13:10'),(1557,4,58,2,503.703999996,'2012-11-13 11:13:10','2012-11-13 11:13:10'),(1558,4,58,2,396.717999935,'2012-11-13 11:13:10','2012-11-13 11:13:10'),(1559,3,56,1,900.296999931,'2012-11-13 11:13:10','2012-11-13 11:13:10'),(1560,4,58,2,503.657000065,'2012-11-13 11:13:10','2012-11-13 11:13:10'),(1561,4,58,2,396.75,'2012-11-13 11:13:10','2012-11-13 11:13:10'),(1562,3,56,1,900.343999863,'2012-11-13 11:13:10','2012-11-13 11:13:10'),(1563,4,58,2,503.625,'2012-11-13 11:13:10','2012-11-13 11:13:10'),(1564,4,58,2,396.796000004,'2012-11-13 11:13:10','2012-11-13 11:13:10'),(1565,3,56,1,900.390000105,'2012-11-13 11:13:10','2012-11-13 11:13:10'),(1566,4,58,2,503.625,'2012-11-13 11:13:10','2012-11-13 11:13:10'),(1567,4,58,2,396.734999895,'2012-11-13 11:13:10','2012-11-13 11:13:10'),(1568,3,56,1,900.421999931,'2012-11-13 11:13:10','2012-11-13 11:13:10'),(1569,4,58,2,503.687000036,'2012-11-13 11:13:10','2012-11-13 11:13:10'),(1570,4,58,2,396.657000065,'2012-11-13 11:13:10','2012-11-13 11:13:10'),(1571,3,56,1,900.42200017,'2012-11-13 11:13:10','2012-11-13 11:13:10'),(1572,4,58,2,503.703000069,'2012-11-13 11:13:10','2012-11-13 11:13:10'),(1573,4,58,2,396.655999899,'2012-11-13 11:13:10','2012-11-13 11:13:10'),(1574,3,56,1,836.687999964,'2012-11-13 11:13:10','2012-11-13 11:13:10'),(1575,4,58,2,503.687000036,'2012-11-13 11:13:10','2012-11-13 11:13:10'),(1576,4,58,2,396.75,'2012-11-13 11:13:10','2012-11-13 11:13:10'),(1577,4,58,2,34.9070000648,'2012-11-13 11:13:10','2012-11-13 11:13:10'),(1578,4,58,2,900.016000032,'2012-11-13 11:13:10','2012-11-13 11:13:10'),(1579,3,56,1,900,'2012-11-13 11:13:10','2012-11-13 11:13:10'),(1580,4,58,2,900.328000069,'2012-11-13 11:13:10','2012-11-13 11:13:10'),(1581,2,55,2,900,'2012-11-13 11:13:10','2012-11-13 11:13:10'),(1582,3,56,1,900.265000105,'2012-11-13 11:13:10','2012-11-13 11:13:10'),(1583,4,58,2,900.265999794,'2012-11-13 11:13:10','2012-11-13 11:13:10'),(1584,2,55,2,900.407000065,'2012-11-13 11:13:10','2012-11-13 11:13:10'),(1585,3,56,1,900.344000101,'2012-11-13 11:13:10','2012-11-13 11:13:10'),(1586,4,58,2,900.390000105,'2012-11-13 11:13:10','2012-11-13 11:13:10'),(1587,2,55,2,900.421000004,'2012-11-13 11:13:10','2012-11-13 11:13:10'),(1588,3,56,1,900.32799983,'2012-11-13 11:13:10','2012-11-13 11:13:10'),(1589,4,58,2,900.359999895,'2012-11-13 11:13:10','2012-11-13 11:13:10'),(1590,2,55,2,900.344000101,'2012-11-13 11:13:10','2012-11-13 11:13:10'),(1591,3,56,1,900.312999964,'2012-11-13 11:13:10','2012-11-13 11:13:10'),(1592,4,58,2,900.344000101,'2012-11-13 11:13:10','2012-11-13 11:13:10'),(1593,2,55,2,900.405999899,'2012-11-13 11:13:10','2012-11-13 11:13:10'),(1594,3,56,1,900.375,'2012-11-13 11:13:10','2012-11-13 11:13:10'),(1595,4,58,2,900.328000069,'2012-11-13 11:13:10','2012-11-13 11:13:10'),(1596,2,55,2,900.266000032,'2012-11-13 11:13:10','2012-11-13 11:13:10'),(1597,3,56,1,900.406000137,'2012-11-13 11:13:10','2012-11-13 11:13:10'),(1598,4,58,2,900.233999968,'2012-11-13 11:13:10','2012-11-13 11:13:10'),(1599,2,55,2,900.328000069,'2012-11-13 11:13:10','2012-11-13 11:13:10'),(1600,3,56,1,900.405999899,'2012-11-13 11:13:10','2012-11-13 11:13:10'),(1601,4,58,2,900.343999863,'2012-11-13 11:13:10','2012-11-13 11:13:10'),(1602,2,55,2,900.32799983,'2012-11-13 11:13:10','2012-11-13 11:13:10'),(1603,3,56,1,900.437999964,'2012-11-13 11:13:10','2012-11-13 11:13:10'),(1604,4,58,2,900.328000069,'2012-11-13 11:13:10','2012-11-13 11:13:10'),(1605,2,55,2,900.391000032,'2012-11-13 11:13:10','2012-11-13 11:13:10'),(1606,3,56,1,900.390000105,'2012-11-13 11:13:10','2012-11-13 11:13:10'),(1607,4,58,2,900.421999931,'2012-11-13 11:13:10','2012-11-13 11:13:10'),(1608,2,55,2,900.344000101,'2012-11-13 11:13:10','2012-11-13 11:13:10'),(1609,3,56,1,900.407000065,'2012-11-13 11:13:10','2012-11-13 11:13:10'),(1610,4,58,2,900.406000137,'2012-11-13 11:13:10','2012-11-13 11:13:10'),(1611,2,55,2,900.437000036,'2012-11-13 11:13:10','2012-11-13 11:13:10'),(1612,3,56,1,900.358999968,'2012-11-13 11:13:10','2012-11-13 11:13:10'),(1613,4,58,2,900.343999863,'2012-11-13 11:13:10','2012-11-13 11:13:10'),(1614,2,55,2,900.375,'2012-11-13 11:13:10','2012-11-13 11:13:10'),(1615,3,56,1,900.391000032,'2012-11-13 11:13:10','2012-11-13 11:13:10'),(1616,4,58,2,900.437000036,'2012-11-13 11:13:10','2012-11-13 11:13:10'),(1617,2,55,2,900.359999895,'2012-11-13 11:13:10','2012-11-13 11:13:10'),(1618,3,56,1,900.421999931,'2012-11-13 11:13:10','2012-11-13 11:13:10'),(1619,4,58,2,900.25,'2012-11-13 11:13:10','2012-11-13 11:13:10'),(1620,2,55,2,900.421000004,'2012-11-13 11:13:10','2012-11-13 11:13:10'),(1621,3,56,1,900.437000036,'2012-11-13 11:13:10','2012-11-13 11:13:10'),(1622,4,58,2,900.42200017,'2012-11-13 11:13:10','2012-11-13 11:13:10'),(1623,2,55,2,900.407000065,'2012-11-13 11:13:10','2012-11-13 11:13:10'),(1624,3,56,1,900.437999964,'2012-11-13 11:13:10','2012-11-13 11:13:10'),(1625,4,58,2,900.405999899,'2012-11-13 11:13:10','2012-11-13 11:13:10'),(1626,2,55,2,900.342999935,'2012-11-13 11:13:10','2012-11-13 11:13:10'),(1627,3,56,1,900.421000004,'2012-11-13 11:13:10','2012-11-13 11:13:10'),(1628,4,58,2,900.391000032,'2012-11-13 11:13:10','2012-11-13 11:13:10'),(1629,2,55,2,900.375,'2012-11-13 11:13:10','2012-11-13 11:13:10'),(1630,3,56,1,900.328999996,'2012-11-13 11:13:10','2012-11-13 11:13:10'),(1631,4,58,2,900.405999899,'2012-11-13 11:13:10','2012-11-13 11:13:10'),(1632,2,55,2,900.421999931,'2012-11-13 11:13:10','2012-11-13 11:13:10'),(1633,3,56,1,900.405999899,'2012-11-13 11:13:10','2012-11-13 11:13:10'),(1634,4,58,2,900.29700017,'2012-11-13 11:13:10','2012-11-13 11:13:10'),(1635,2,55,2,900.360000134,'2012-11-13 11:13:10','2012-11-13 11:13:10'),(1636,3,56,1,900.42200017,'2012-11-13 11:13:10','2012-11-13 11:13:10'),(1637,4,58,2,900.359999895,'2012-11-13 11:13:10','2012-11-13 11:13:10'),(1638,2,55,2,900.421999931,'2012-11-13 11:13:10','2012-11-13 11:13:10'),(1639,3,56,1,900.296999931,'2012-11-13 11:13:10','2012-11-13 11:13:10'),(1640,4,58,2,900.405999899,'2012-11-13 11:13:10','2012-11-13 11:13:10'),(1641,2,55,2,900.342999935,'2012-11-13 11:13:10','2012-11-13 11:13:10'),(1642,3,56,1,900.437000036,'2012-11-13 11:13:10','2012-11-13 11:13:10'),(1643,4,58,2,900.29700017,'2012-11-13 11:13:10','2012-11-13 11:13:10'),(1644,2,55,2,900.375,'2012-11-13 11:13:10','2012-11-13 11:13:10'),(1645,3,56,1,900.391000032,'2012-11-13 11:13:10','2012-11-13 11:13:10'),(1646,4,58,2,900.358999968,'2012-11-13 11:13:10','2012-11-13 11:13:10'),(1647,2,55,2,900.360000134,'2012-11-13 11:13:10','2012-11-13 11:13:10'),(1648,3,56,1,900.421999931,'2012-11-13 11:13:10','2012-11-13 11:13:10'),(1649,4,58,2,900.296999931,'2012-11-13 11:13:10','2012-11-13 11:13:10'),(1650,2,55,2,900.437000036,'2012-11-13 11:13:10','2012-11-13 11:13:10'),(1651,3,56,1,900.390000105,'2012-11-13 11:13:10','2012-11-13 11:13:10'),(1652,4,58,2,900.358999968,'2012-11-13 11:13:10','2012-11-13 11:13:10'),(1653,2,55,2,900.343999863,'2012-11-13 11:13:10','2012-11-13 11:13:10'),(1654,3,56,1,900.343999863,'2012-11-13 11:13:10','2012-11-13 11:13:10'),(1655,4,58,2,900.42200017,'2012-11-13 11:13:10','2012-11-13 11:13:10'),(1656,2,55,2,900.358999968,'2012-11-13 11:13:10','2012-11-13 11:13:10'),(1657,3,56,1,900.406000137,'2012-11-13 11:13:10','2012-11-13 11:13:10'),(1658,4,58,2,900.390999794,'2012-11-13 11:13:10','2012-11-13 11:13:10'),(1659,2,55,2,900.391000032,'2012-11-13 11:13:10','2012-11-13 11:13:10'),(1660,3,56,1,900.405999899,'2012-11-13 11:13:10','2012-11-13 11:13:10'),(1661,4,58,2,900.42200017,'2012-11-13 11:13:10','2012-11-13 11:13:10'),(1662,2,55,2,900.344000101,'2012-11-13 11:13:10','2012-11-13 11:13:10'),(1663,3,56,1,900.375,'2012-11-13 11:13:10','2012-11-13 11:13:10'),(1664,4,58,2,900.358999968,'2012-11-13 11:13:10','2012-11-13 11:13:10'),(1665,2,55,2,900.217999935,'2012-11-13 11:13:10','2012-11-13 11:13:10'),(1666,3,56,1,900.344000101,'2012-11-13 11:13:10','2012-11-13 11:13:10'),(1667,4,58,2,900.483999968,'2012-11-13 11:13:10','2012-11-13 11:13:10'),(1668,2,55,2,900.375,'2012-11-13 11:13:10','2012-11-13 11:13:10'),(1669,3,56,1,900.390999794,'2012-11-13 11:13:10','2012-11-13 11:13:10'),(1670,4,58,2,900.25,'2012-11-13 11:13:10','2012-11-13 11:13:10'),(1671,2,55,2,900.407000065,'2012-11-13 11:13:10','2012-11-13 11:13:10'),(1672,3,56,1,900.359000206,'2012-11-13 11:13:10','2012-11-13 11:13:10'),(1673,4,58,2,900.391000032,'2012-11-13 11:13:10','2012-11-13 11:13:10'),(1674,3,56,1,287.140999794,'2012-11-13 11:13:10','2012-11-13 11:13:10'),(1675,2,55,2,551.796999931,'2012-11-13 11:13:10','2012-11-13 11:13:10'),(1676,4,58,2,644.141000032,'2012-11-13 11:13:10','2012-11-13 11:13:10'),(1677,2,55,2,900,'2012-11-13 11:13:10','2012-11-13 11:13:10'),(1678,4,58,2,900,'2012-11-13 11:13:10','2012-11-13 11:13:10'),(1679,3,56,1,900,'2012-11-13 11:13:10','2012-11-13 11:13:10'),(1680,2,55,2,900.342999935,'2012-11-13 11:13:10','2012-11-13 11:13:10'),(1681,4,58,2,900.375,'2012-11-13 11:13:10','2012-11-13 11:13:10'),(1682,3,56,1,900.406000137,'2012-11-13 11:13:10','2012-11-13 11:13:10'),(1683,2,55,2,900.344000101,'2012-11-13 11:13:10','2012-11-13 11:13:10'),(1684,4,58,2,900.360000134,'2012-11-13 11:13:10','2012-11-13 11:13:10'),(1685,3,56,1,900.343999863,'2012-11-13 11:13:10','2012-11-13 11:13:10'),(1686,2,55,2,900.390999794,'2012-11-13 11:13:10','2012-11-13 11:13:10'),(1687,4,58,2,900.32799983,'2012-11-13 11:13:10','2012-11-13 11:13:10'),(1688,3,56,1,900.406000137,'2012-11-13 11:13:10','2012-11-13 11:13:10'),(1689,2,55,2,839.203000069,'2012-11-13 11:13:10','2012-11-13 11:13:10'),(1690,4,58,2,900.344000101,'2012-11-13 11:13:10','2012-11-13 11:13:10'),(1691,3,56,1,900.218999863,'2012-11-13 11:13:10','2012-11-13 11:13:10'),(1692,2,55,2,900.421999931,'2012-11-13 11:13:10','2012-11-13 11:13:10'),(1693,4,58,2,900.421000004,'2012-11-13 11:13:10','2012-11-13 11:13:10'),(1694,3,56,1,900.359000206,'2012-11-13 11:13:10','2012-11-13 11:13:10'),(1695,2,55,2,900.42200017,'2012-11-13 11:13:10','2012-11-13 11:13:10'),(1696,4,58,2,900.328999996,'2012-11-13 11:13:10','2012-11-13 11:13:10'),(1697,3,56,1,900.405999899,'2012-11-13 11:13:10','2012-11-13 11:13:10'),(1698,2,55,2,900.25,'2012-11-13 11:13:10','2012-11-13 11:13:10'),(1699,4,58,2,900.358999968,'2012-11-13 11:13:10','2012-11-13 11:13:10'),(1700,3,56,1,900.328999996,'2012-11-13 11:13:10','2012-11-13 11:13:10'),(1701,2,55,2,900.375,'2012-11-13 11:13:10','2012-11-13 11:13:10'),(1702,4,58,2,900.437000036,'2012-11-13 11:13:10','2012-11-13 11:13:10'),(1703,3,56,1,900.328000069,'2012-11-13 11:13:10','2012-11-13 11:13:10'),(1704,2,55,2,900.405999899,'2012-11-13 11:13:10','2012-11-13 11:13:10'),(1705,4,58,2,-31621500.015,'2012-11-13 11:13:10','2012-11-13 11:13:10'),(1706,3,56,1,900.405999899,'2012-11-13 11:13:10','2012-11-13 11:13:10'),(1707,2,55,2,900.391000032,'2012-11-13 11:13:10','2012-11-13 11:13:10'),(1708,4,58,2,900.375,'2012-11-13 11:13:10','2012-11-13 11:13:10'),(1709,3,56,1,900.421999931,'2012-11-13 11:13:10','2012-11-13 11:13:10'),(1710,2,55,2,900.265000105,'2012-11-13 11:13:10','2012-11-13 11:13:10'),(1711,4,58,2,900.375,'2012-11-13 11:13:10','2012-11-13 11:13:10'),(1712,3,56,1,900.390000105,'2012-11-13 11:13:10','2012-11-13 11:13:10'),(1713,2,55,2,900.390999794,'2012-11-13 11:13:10','2012-11-13 11:13:10'),(1714,4,58,2,900.344000101,'2012-11-13 11:13:10','2012-11-13 11:13:10'),(1715,3,56,1,900.328999996,'2012-11-13 11:13:10','2012-11-13 11:13:10'),(1716,2,55,2,900.42200017,'2012-11-13 11:13:10','2012-11-13 11:13:10'),(1717,4,58,2,900.342999935,'2012-11-13 11:13:10','2012-11-13 11:13:10'),(1718,3,56,1,900.405999899,'2012-11-13 11:13:10','2012-11-13 11:13:10'),(1719,2,55,2,900.389999866,'2012-11-13 11:13:10','2012-11-13 11:13:10'),(1720,4,58,2,900.407000065,'2012-11-13 11:13:10','2012-11-13 11:13:10'),(1721,3,56,1,900.344000101,'2012-11-13 11:13:10','2012-11-13 11:13:10'),(1722,2,55,2,900.407000065,'2012-11-13 11:13:10','2012-11-13 11:13:10'),(1723,4,58,2,900.421000004,'2012-11-13 11:13:10','2012-11-13 11:13:10'),(1724,3,56,1,900.390000105,'2012-11-13 11:13:10','2012-11-13 11:13:10'),(1725,2,55,2,900.328000069,'2012-11-13 11:13:10','2012-11-13 11:13:10'),(1726,4,58,2,900.421999931,'2012-11-13 11:13:10','2012-11-13 11:13:10'),(1727,3,56,1,900.421999931,'2012-11-13 11:13:10','2012-11-13 11:13:10'),(1728,2,55,2,900.375,'2012-11-13 11:13:10','2012-11-13 11:13:10'),(1729,4,58,2,900.42200017,'2012-11-13 11:13:10','2012-11-13 11:13:10'),(1730,3,56,1,900.358999968,'2012-11-13 11:13:10','2012-11-13 11:13:10'),(1731,2,55,2,900.358999968,'2012-11-13 11:13:10','2012-11-13 11:13:10'),(1732,4,58,2,900.421999931,'2012-11-13 11:13:10','2012-11-13 11:13:10'),(1733,3,56,1,900.421999931,'2012-11-13 11:13:10','2012-11-13 11:13:10'),(1734,2,55,2,900.375,'2012-11-13 11:13:10','2012-11-13 11:13:10'),(1735,4,58,2,900.266000032,'2012-11-13 11:13:10','2012-11-13 11:13:10'),(1736,3,56,1,900.328000069,'2012-11-13 11:13:10','2012-11-13 11:13:10'),(1737,2,55,2,900.391000032,'2012-11-13 11:13:10','2012-11-13 11:13:10'),(1738,4,58,2,900.32799983,'2012-11-13 11:13:10','2012-11-13 11:13:10'),(1739,3,56,1,900.421999931,'2012-11-13 11:13:10','2012-11-13 11:13:10'),(1740,2,55,2,900.421999931,'2012-11-13 11:13:10','2012-11-13 11:13:10'),(1741,4,58,2,900.390000105,'2012-11-13 11:13:10','2012-11-13 11:13:10'),(1742,3,56,1,900.219000101,'2012-11-13 11:13:10','2012-11-13 11:13:10'),(1743,2,55,2,900.375,'2012-11-13 11:13:10','2012-11-13 11:13:10'),(1744,4,58,2,900.421999931,'2012-11-13 11:13:10','2012-11-13 11:13:10'),(1745,3,56,1,900.358999968,'2012-11-13 11:13:10','2012-11-13 11:13:10'),(1746,2,55,2,900.328000069,'2012-11-13 11:13:10','2012-11-13 11:13:10'),(1747,4,58,2,900.360000134,'2012-11-13 11:13:10','2012-11-13 11:13:10'),(1748,3,56,1,900.359999895,'2012-11-13 11:13:10','2012-11-13 11:13:10'),(1749,2,55,2,900.312000036,'2012-11-13 11:13:10','2012-11-13 11:13:10'),(1750,4,58,2,900.264999866,'2012-11-13 11:13:10','2012-11-13 11:13:10'),(1751,3,56,1,900.375,'2012-11-13 11:13:10','2012-11-13 11:13:10'),(1752,2,55,2,900.405999899,'2012-11-13 11:13:10','2012-11-13 11:13:10'),(1753,4,58,2,900.375,'2012-11-13 11:13:10','2012-11-13 11:13:10'),(1754,3,56,1,900.375,'2012-11-13 11:13:10','2012-11-13 11:13:10'),(1755,2,55,2,900.407000065,'2012-11-13 11:13:10','2012-11-13 11:13:10'),(1756,4,58,2,900.407000065,'2012-11-13 11:13:10','2012-11-13 11:13:10'),(1757,2,55,2,474.312000036,'2012-11-13 11:13:10','2012-11-13 11:13:10'),(1758,3,56,1,900.359000206,'2012-11-13 11:13:10','2012-11-13 11:13:10'),(1759,2,55,2,400.515000105,'2012-11-13 11:13:10','2012-11-13 11:13:10'),(1760,4,58,2,900.390000105,'2012-11-13 11:13:10','2012-11-13 11:13:10'),(1761,2,55,2,499.484999895,'2012-11-13 11:13:10','2012-11-13 11:13:10'),(1762,3,56,1,900.343999863,'2012-11-13 11:13:10','2012-11-13 11:13:10'),(1763,2,55,2,400.921000004,'2012-11-13 11:13:10','2012-11-13 11:13:10'),(1764,4,58,2,31623211.578,'2012-11-13 11:13:10','2012-11-13 11:13:10'),(1765,4,58,2,82.2650001049,'2012-11-13 11:13:10','2012-11-13 11:13:10'),(1766,2,55,2,499.407000065,'2012-11-13 11:13:10','2012-11-13 11:13:10'),(1767,3,56,1,900.421999931,'2012-11-13 11:13:10','2012-11-13 11:13:10'),(1768,2,55,2,400.967999935,'2012-11-13 11:13:10','2012-11-13 11:13:10'),(1769,4,58,2,817.734999895,'2012-11-13 11:13:10','2012-11-13 11:13:10'),(1770,4,58,2,82.625,'2012-11-13 11:13:10','2012-11-13 11:13:10'),(1771,2,55,2,499.391000032,'2012-11-13 11:13:10','2012-11-13 11:13:10'),(1772,3,56,1,900.437000036,'2012-11-13 11:13:10','2012-11-13 11:13:10'),(1773,2,55,2,400.953000069,'2012-11-13 11:13:10','2012-11-13 11:13:10'),(1774,4,58,2,817.765000105,'2012-11-13 11:13:10','2012-11-13 11:13:10'),(1775,4,58,2,82.6879999638,'2012-11-13 11:13:10','2012-11-13 11:13:10'),(1776,2,55,2,499.375,'2012-11-13 11:13:10','2012-11-13 11:13:10'),(1777,3,56,1,900.344000101,'2012-11-13 11:13:10','2012-11-13 11:13:10'),(1778,2,55,2,400.95299983,'2012-11-13 11:13:10','2012-11-13 11:13:10'),(1779,4,58,2,817.655999899,'2012-11-13 11:13:10','2012-11-13 11:13:10'),(1780,4,58,2,82.6870000362,'2012-11-13 11:13:10','2012-11-13 11:13:10'),(1781,2,55,2,499.407000065,'2012-11-13 11:13:10','2012-11-13 11:13:10'),(1782,3,56,1,900.358999968,'2012-11-13 11:13:10','2012-11-13 11:13:10'),(1783,3,56,1,110.125,'2012-11-13 11:13:10','2012-11-13 11:13:10'),(1784,2,55,2,401.030999899,'2012-11-13 11:13:10','2012-11-13 11:13:10'),(1785,2,55,2,132.844000101,'2012-11-13 11:13:10','2012-11-13 11:13:10'),(1786,4,58,2,817.532000065,'2012-11-13 11:13:10','2012-11-13 11:13:10'),(1787,4,58,2,7.38999986649,'2012-11-13 11:13:10','2012-11-13 11:13:10'),(1788,4,58,2,900.016000032,'2012-11-13 11:13:10','2012-11-13 11:13:10'),(1789,3,56,1,900,'2012-11-13 11:13:10','2012-11-13 11:13:10'),(1790,4,58,2,900.264999866,'2012-11-13 11:13:10','2012-11-13 11:13:10'),(1791,3,56,1,900.233999968,'2012-11-13 11:13:10','2012-11-13 11:13:10'),(1792,2,55,2,900,'2012-11-13 11:13:10','2012-11-13 11:13:10'),(1793,4,58,2,900.391000032,'2012-11-13 11:13:10','2012-11-13 11:13:10'),(1794,4,58,2,245.406000137,'2012-11-13 11:13:10','2012-11-13 11:13:10'),(1795,3,56,1,900.391000032,'2012-11-13 11:13:10','2012-11-13 11:13:10'),(1796,2,55,2,900.42200017,'2012-11-13 11:13:10','2012-11-13 11:13:10'),(1797,4,28,8,623.625,'2012-11-13 11:13:09','2012-11-13 11:13:09'),(1798,4,28,8,276.375,'2012-11-13 11:13:09','2012-11-13 11:13:09'),(1799,3,56,1,900.342999935,'2012-11-13 11:13:10','2012-11-13 11:13:10'),(1800,2,55,2,900.375,'2012-11-13 11:13:10','2012-11-13 11:13:10'),(1801,4,28,8,624,'2012-11-13 11:13:09','2012-11-13 11:13:09'),(1802,4,28,8,276.281000137,'2012-11-13 11:13:09','2012-11-13 11:13:09'),(1803,3,56,1,900.407000065,'2012-11-13 11:13:10','2012-11-13 11:13:10'),(1804,2,55,2,900.342999935,'2012-11-13 11:13:10','2012-11-13 11:13:10'),(1805,4,28,8,624.093999863,'2012-11-13 11:13:09','2012-11-13 11:13:09'),(1806,4,28,8,276.312000036,'2012-11-13 11:13:09','2012-11-13 11:13:09'),(1807,3,56,1,900.421999931,'2012-11-13 11:13:10','2012-11-13 11:13:10'),(1808,2,55,2,900.437999964,'2012-11-13 11:13:10','2012-11-13 11:13:10'),(1809,4,28,8,624.032000065,'2012-11-13 11:13:09','2012-11-13 11:13:09'),(1810,4,28,8,276.375,'2012-11-13 11:13:09','2012-11-13 11:13:09'),(1811,3,56,1,900.342999935,'2012-11-13 11:13:10','2012-11-13 11:13:10'),(1812,2,55,2,900.328000069,'2012-11-13 11:13:10','2012-11-13 11:13:10'),(1813,4,28,8,398.046999931,'2012-11-13 11:13:09','2012-11-13 11:13:09'),(1814,4,58,2,48.8440001011,'2012-11-13 11:13:10','2012-11-13 11:13:10'),(1815,4,58,4,89.125,'2012-11-13 11:13:10','2012-11-13 11:13:10'),(1816,4,58,4,276.407000065,'2012-11-13 11:13:10','2012-11-13 11:13:10'),(1817,3,56,1,900.437999964,'2012-11-13 11:13:10','2012-11-13 11:13:10'),(1818,2,55,2,900.391000032,'2012-11-13 11:13:10','2012-11-13 11:13:10'),(1819,4,58,4,470.405999899,'2012-11-13 11:13:10','2012-11-13 11:13:10'),(1820,4,58,4,64.0620000362,'2012-11-13 11:13:10','2012-11-13 11:13:10'),(1821,4,58,4,89.4690001011,'2012-11-13 11:13:10','2012-11-13 11:13:10'),(1822,4,58,4,276.468999863,'2012-11-13 11:13:10','2012-11-13 11:13:10'),(1823,3,56,1,900.359000206,'2012-11-13 11:13:10','2012-11-13 11:13:10'),(1824,2,55,2,900.25,'2012-11-13 11:13:10','2012-11-13 11:13:10'),(1825,4,58,4,470.437000036,'2012-11-13 11:13:10','2012-11-13 11:13:10'),(1826,4,58,4,63.9849998951,'2012-11-13 11:13:10','2012-11-13 11:13:10'),(1827,4,58,4,89.5,'2012-11-13 11:13:10','2012-11-13 11:13:10'),(1828,4,58,4,276.515000105,'2012-11-13 11:13:10','2012-11-13 11:13:10'),(1829,3,56,1,900.32799983,'2012-11-13 11:13:10','2012-11-13 11:13:10'),(1830,2,55,2,900.389999866,'2012-11-13 11:13:10','2012-11-13 11:13:10'),(1831,4,58,4,470.328999996,'2012-11-13 11:13:10','2012-11-13 11:13:10'),(1832,4,58,4,63.9839999676,'2012-11-13 11:13:10','2012-11-13 11:13:10'),(1833,4,58,4,89.5780000687,'2012-11-13 11:13:10','2012-11-13 11:13:10'),(1834,4,58,4,276.468999863,'2012-11-13 11:13:10','2012-11-13 11:13:10'),(1835,3,56,1,900.25,'2012-11-13 11:13:10','2012-11-13 11:13:10'),(1836,2,55,2,900.437999964,'2012-11-13 11:13:10','2012-11-13 11:13:10'),(1837,4,58,4,470.29700017,'2012-11-13 11:13:10','2012-11-13 11:13:10'),(1838,4,58,4,64.0620000362,'2012-11-13 11:13:10','2012-11-13 11:13:10'),(1839,4,58,4,89.5629999638,'2012-11-13 11:13:10','2012-11-13 11:13:10'),(1840,4,58,4,276.296999931,'2012-11-13 11:13:10','2012-11-13 11:13:10'),(1841,3,56,1,900.42200017,'2012-11-13 11:13:10','2012-11-13 11:13:10'),(1842,2,55,2,900.406000137,'2012-11-13 11:13:10','2012-11-13 11:13:10'),(1843,4,58,4,470.405999899,'2012-11-13 11:13:10','2012-11-13 11:13:10'),(1844,4,58,4,64.0940001011,'2012-11-13 11:13:10','2012-11-13 11:13:10'),(1845,4,58,4,89.5780000687,'2012-11-13 11:13:10','2012-11-13 11:13:10'),(1846,4,58,4,276.375,'2012-11-13 11:13:10','2012-11-13 11:13:10'),(1847,3,56,1,900.32799983,'2012-11-13 11:13:10','2012-11-13 11:13:10'),(1848,2,55,2,900.391000032,'2012-11-13 11:13:10','2012-11-13 11:13:10'),(1849,4,58,4,470.375,'2012-11-13 11:13:10','2012-11-13 11:13:10'),(1850,4,58,4,64.0929999352,'2012-11-13 11:13:10','2012-11-13 11:13:10'),(1851,4,58,4,89.4849998951,'2012-11-13 11:13:10','2012-11-13 11:13:10'),(1852,4,58,4,276.265000105,'2012-11-13 11:13:10','2012-11-13 11:13:10'),(1853,3,56,1,900.282000065,'2012-11-13 11:13:10','2012-11-13 11:13:10'),(1854,2,55,2,900.421999931,'2012-11-13 11:13:10','2012-11-13 11:13:10'),(1855,4,58,4,470.594000101,'2012-11-13 11:13:10','2012-11-13 11:13:10'),(1856,4,58,4,64.0939998627,'2012-11-13 11:13:10','2012-11-13 11:13:10'),(1857,4,58,4,89.375,'2012-11-13 11:13:10','2012-11-13 11:13:10'),(1858,4,58,4,276.344000101,'2012-11-13 11:13:10','2012-11-13 11:13:10'),(1859,3,56,1,900.405999899,'2012-11-13 11:13:10','2012-11-13 11:13:10'),(1860,2,55,2,900.421000004,'2012-11-13 11:13:10','2012-11-13 11:13:10'),(1861,4,58,4,470.546999931,'2012-11-13 11:13:10','2012-11-13 11:13:10'),(1862,4,58,4,64.0780000687,'2012-11-13 11:13:10','2012-11-13 11:13:10'),(1863,4,58,4,89.4529998302,'2012-11-13 11:13:10','2012-11-13 11:13:10'),(1864,4,58,4,276.312000036,'2012-11-13 11:13:10','2012-11-13 11:13:10'),(1865,3,56,1,900.375,'2012-11-13 11:13:10','2012-11-13 11:13:10'),(1866,2,55,2,900.25,'2012-11-13 11:13:10','2012-11-13 11:13:10'),(1867,4,58,4,470.5,'2012-11-13 11:13:10','2012-11-13 11:13:10'),(1868,4,58,4,64.0629999638,'2012-11-13 11:13:10','2012-11-13 11:13:10'),(1869,4,58,4,89.4530000687,'2012-11-13 11:13:10','2012-11-13 11:13:10'),(1870,4,58,4,276.406000137,'2012-11-13 11:13:10','2012-11-13 11:13:10'),(1871,3,56,1,900.390000105,'2012-11-13 11:13:10','2012-11-13 11:13:10'),(1872,2,55,2,900.453999996,'2012-11-13 11:13:10','2012-11-13 11:13:10'),(1873,4,58,4,470.5,'2012-11-13 11:13:10','2012-11-13 11:13:10'),(1874,4,58,4,63.8599998951,'2012-11-13 11:13:10','2012-11-13 11:13:10'),(1875,4,58,4,89.5780000687,'2012-11-13 11:13:10','2012-11-13 11:13:10'),(1876,4,58,4,276.421999931,'2012-11-13 11:13:10','2012-11-13 11:13:10'),(1877,3,56,1,900.421999931,'2012-11-13 11:13:10','2012-11-13 11:13:10'),(1878,2,55,2,900.342999935,'2012-11-13 11:13:10','2012-11-13 11:13:10'),(1879,4,58,4,470.546000004,'2012-11-13 11:13:10','2012-11-13 11:13:10'),(1880,4,58,4,63.7969999313,'2012-11-13 11:13:10','2012-11-13 11:13:10'),(1881,4,58,4,89.4850001335,'2012-11-13 11:13:10','2012-11-13 11:13:10'),(1882,4,58,4,276.57799983,'2012-11-13 11:13:10','2012-11-13 11:13:10'),(1883,3,56,1,900.391000032,'2012-11-13 11:13:10','2012-11-13 11:13:10'),(1884,2,55,2,900.407000065,'2012-11-13 11:13:10','2012-11-13 11:13:10'),(1885,4,58,4,470.54700017,'2012-11-13 11:13:10','2012-11-13 11:13:10'),(1886,4,58,4,63.8120000362,'2012-11-13 11:13:10','2012-11-13 11:13:10'),(1887,4,58,4,89.4849998951,'2012-11-13 11:13:10','2012-11-13 11:13:10'),(1888,4,58,4,276.467999935,'2012-11-13 11:13:10','2012-11-13 11:13:10'),(1889,3,56,1,900.406000137,'2012-11-13 11:13:10','2012-11-13 11:13:10'),(1890,4,58,4,179.860000134,'2012-11-13 11:13:10','2012-11-13 11:13:10'),(1891,2,55,2,900.265000105,'2012-11-13 11:13:10','2012-11-13 11:13:10'),(1892,4,2,8,267.82799983,'2012-11-13 11:13:09','2012-11-13 11:13:09'),(1893,4,2,8,63.7820000648,'2012-11-13 11:13:09','2012-11-13 11:13:09'),(1894,4,2,8,89.5150001049,'2012-11-13 11:13:09','2012-11-13 11:13:09'),(1895,4,2,8,276.45299983,'2012-11-13 11:13:09','2012-11-13 11:13:09'),(1896,3,56,1,900.265999794,'2012-11-13 11:13:10','2012-11-13 11:13:10'),(1897,4,2,8,202.42200017,'2012-11-13 11:13:09','2012-11-13 11:13:09'),(1898,2,55,2,900.359999895,'2012-11-13 11:13:10','2012-11-13 11:13:10'),(1899,4,2,8,268.265999794,'2012-11-13 11:13:09','2012-11-13 11:13:09'),(1900,4,2,8,63.7970001698,'2012-11-13 11:13:09','2012-11-13 11:13:09'),(1901,4,2,8,89.4529998302,'2012-11-13 11:13:09','2012-11-13 11:13:09'),(1902,4,2,8,276.5,'2012-11-13 11:13:09','2012-11-13 11:13:09'),(1903,3,56,1,900.406000137,'2012-11-13 11:13:10','2012-11-13 11:13:10'),(1904,4,2,8,202.29700017,'2012-11-13 11:13:09','2012-11-13 11:13:09'),(1905,2,55,2,900.358999968,'2012-11-13 11:13:10','2012-11-13 11:13:10'),(1906,4,2,8,268.32799983,'2012-11-13 11:13:09','2012-11-13 11:13:09'),(1907,4,2,8,63.8280000687,'2012-11-13 11:13:09','2012-11-13 11:13:09'),(1908,4,2,8,89.4690001011,'2012-11-13 11:13:09','2012-11-13 11:13:09'),(1909,4,2,8,276.5,'2012-11-13 11:13:09','2012-11-13 11:13:09'),(1910,3,56,1,900.391000032,'2012-11-13 11:13:10','2012-11-13 11:13:10'),(1911,4,2,8,202.264999866,'2012-11-13 11:13:09','2012-11-13 11:13:09'),(1912,2,55,2,900.406000137,'2012-11-13 11:13:10','2012-11-13 11:13:10'),(1913,4,2,8,268.328000069,'2012-11-13 11:13:09','2012-11-13 11:13:09'),(1914,4,2,8,63.8910000324,'2012-11-13 11:13:09','2012-11-13 11:13:09'),(1915,4,2,8,89.4059998989,'2012-11-13 11:13:09','2012-11-13 11:13:09'),(1916,4,2,8,212.391000032,'2012-11-13 11:13:09','2012-11-13 11:13:09'),(1917,3,56,1,900.233999968,'2012-11-13 11:13:10','2012-11-13 11:13:10'),(1918,4,2,8,202.094000101,'2012-11-13 11:13:09','2012-11-13 11:13:09'),(1919,2,55,2,900.32799983,'2012-11-13 11:13:10','2012-11-13 11:13:10'),(1920,4,2,8,268.483999968,'2012-11-13 11:13:09','2012-11-13 11:13:09'),(1921,4,2,8,63.8439998627,'2012-11-13 11:13:09','2012-11-13 11:13:09'),(1922,4,2,8,89.4530000687,'2012-11-13 11:13:09','2012-11-13 11:13:09'),(1923,4,2,8,276.453000069,'2012-11-13 11:13:09','2012-11-13 11:13:09'),(1924,3,56,1,900.343999863,'2012-11-13 11:13:10','2012-11-13 11:13:10'),(1925,4,2,8,202.171999931,'2012-11-13 11:13:09','2012-11-13 11:13:09'),(1926,2,55,2,900.391000032,'2012-11-13 11:13:10','2012-11-13 11:13:10'),(1927,4,2,8,268.469000101,'2012-11-13 11:13:09','2012-11-13 11:13:09'),(1928,4,2,8,63.8120000362,'2012-11-13 11:13:09','2012-11-13 11:13:09'),(1929,4,2,8,89.4529998302,'2012-11-13 11:13:09','2012-11-13 11:13:09'),(1930,4,2,8,276.485000134,'2012-11-13 11:13:09','2012-11-13 11:13:09'),(1931,3,56,1,900.359000206,'2012-11-13 11:13:10','2012-11-13 11:13:10'),(1932,4,2,8,202.171999931,'2012-11-13 11:13:09','2012-11-13 11:13:09'),(1933,2,55,2,900.375,'2012-11-13 11:13:10','2012-11-13 11:13:10'),(1934,4,2,8,268.453000069,'2012-11-13 11:13:09','2012-11-13 11:13:09'),(1935,4,2,8,63.7649998665,'2012-11-13 11:13:09','2012-11-13 11:13:09'),(1936,4,2,8,89.4690001011,'2012-11-13 11:13:09','2012-11-13 11:13:09'),(1937,4,2,8,276.530999899,'2012-11-13 11:13:09','2012-11-13 11:13:09'),(1938,3,56,1,900.405999899,'2012-11-13 11:13:10','2012-11-13 11:13:10'),(1939,4,2,8,202.17200017,'2012-11-13 11:13:09','2012-11-13 11:13:09'),(1940,2,55,2,900.233999968,'2012-11-13 11:13:10','2012-11-13 11:13:10'),(1941,4,2,8,268.45299983,'2012-11-13 11:13:09','2012-11-13 11:13:09'),(1942,4,2,8,63.6570000648,'2012-11-13 11:13:09','2012-11-13 11:13:09'),(1943,4,2,8,89.5780000687,'2012-11-13 11:13:09','2012-11-13 11:13:09'),(1944,4,2,8,276.5,'2012-11-13 11:13:09','2012-11-13 11:13:09'),(1945,3,56,1,900.391000032,'2012-11-13 11:13:10','2012-11-13 11:13:10'),(1946,4,2,8,202.217999935,'2012-11-13 11:13:09','2012-11-13 11:13:09'),(1947,2,55,2,900.437999964,'2012-11-13 11:13:10','2012-11-13 11:13:10'),(1948,4,2,8,268.469000101,'2012-11-13 11:13:09','2012-11-13 11:13:09'),(1949,4,2,8,63.5469999313,'2012-11-13 11:13:09','2012-11-13 11:13:09'),(1950,4,2,8,89.5780000687,'2012-11-13 11:13:09','2012-11-13 11:13:09'),(1951,4,2,8,7.6099998951,'2012-11-13 11:13:09','2012-11-13 11:13:09'),(1952,3,56,1,900.437999964,'2012-11-13 11:13:10','2012-11-13 11:13:10'),(1953,2,55,2,900.375,'2012-11-13 11:13:10','2012-11-13 11:13:10'),(1954,3,56,1,900.390000105,'2012-11-13 11:13:10','2012-11-13 11:13:10'),(1955,2,55,2,900.359000206,'2012-11-13 11:13:10','2012-11-13 11:13:10'),(1956,3,56,1,900.390999794,'2012-11-13 11:13:10','2012-11-13 11:13:10'),(1957,2,55,2,900.359999895,'2012-11-13 11:13:10','2012-11-13 11:13:10'),(1958,3,56,1,900.406000137,'2012-11-13 11:13:10','2012-11-13 11:13:10'),(1959,2,55,2,900.405999899,'2012-11-13 11:13:10','2012-11-13 11:13:10'),(1960,3,56,1,644.891000032,'2012-11-13 11:13:10','2012-11-13 11:13:10'),(1961,2,55,2,541.781000137,'2012-11-13 11:13:10','2012-11-13 11:13:10'),(1962,4,2,8,900,'2012-11-13 11:13:09','2012-11-13 11:13:09'),(1963,3,56,1,900,'2012-11-13 11:13:10','2012-11-13 11:13:10'),(1964,2,55,2,900,'2012-11-13 11:13:10','2012-11-13 11:13:10'),(1965,4,2,8,900.328000069,'2012-11-13 11:13:09','2012-11-13 11:13:09'),(1966,3,56,1,900.358999968,'2012-11-13 11:13:10','2012-11-13 11:13:10'),(1967,2,55,2,900.407000065,'2012-11-13 11:13:10','2012-11-13 11:13:10'),(1968,4,2,8,900.375,'2012-11-13 11:13:09','2012-11-13 11:13:09'),(1969,3,56,1,900.421999931,'2012-11-13 11:13:10','2012-11-13 11:13:10'),(1970,2,55,2,900.375,'2012-11-13 11:13:10','2012-11-13 11:13:10'),(1971,4,2,8,900.375,'2012-11-13 11:13:09','2012-11-13 11:13:09'),(1972,3,56,1,900.421999931,'2012-11-13 11:13:10','2012-11-13 11:13:10'),(1973,2,55,2,900.375,'2012-11-13 11:13:10','2012-11-13 11:13:10'),(1974,4,2,8,900.391000032,'2012-11-13 11:13:09','2012-11-13 11:13:09'),(1975,3,56,1,900.390000105,'2012-11-13 11:13:10','2012-11-13 11:13:10'),(1976,2,55,2,900.437000036,'2012-11-13 11:13:10','2012-11-13 11:13:10'),(1977,4,2,8,900.358999968,'2012-11-13 11:13:09','2012-11-13 11:13:09'),(1978,3,56,1,900.359999895,'2012-11-13 11:13:10','2012-11-13 11:13:10'),(1979,2,55,2,900.358999968,'2012-11-13 11:13:10','2012-11-13 11:13:10'),(1980,4,2,8,900.358999968,'2012-11-13 11:13:09','2012-11-13 11:13:09'),(1981,3,56,1,900.234000206,'2012-11-13 11:13:10','2012-11-13 11:13:10'),(1982,2,55,2,900.344000101,'2012-11-13 11:13:10','2012-11-13 11:13:10'),(1983,4,2,8,900.437999964,'2012-11-13 11:13:09','2012-11-13 11:13:09'),(1984,3,56,1,900.32799983,'2012-11-13 11:13:10','2012-11-13 11:13:10'),(1985,2,55,2,900.32799983,'2012-11-13 11:13:10','2012-11-13 11:13:10'),(1986,4,2,8,900.406000137,'2012-11-13 11:13:09','2012-11-13 11:13:09'),(1987,4,2,8,377.687999964,'2012-11-13 11:13:09','2012-11-13 11:13:09'),(1988,3,56,1,900.42200017,'2012-11-13 11:13:10','2012-11-13 11:13:10'),(1989,2,55,2,900.344000101,'2012-11-13 11:13:10','2012-11-13 11:13:10'),(1990,4,58,2,503.312999964,'2012-11-13 11:13:10','2012-11-13 11:13:10'),(1991,4,58,2,396.687000036,'2012-11-13 11:13:10','2012-11-13 11:13:10'),(1992,3,56,1,900.405999899,'2012-11-13 11:13:10','2012-11-13 11:13:10'),(1993,2,55,2,900.391000032,'2012-11-13 11:13:10','2012-11-13 11:13:10'),(1994,4,58,2,503.75,'2012-11-13 11:13:10','2012-11-13 11:13:10'),(1995,4,58,2,396.609999895,'2012-11-13 11:13:10','2012-11-13 11:13:10'),(1996,3,56,1,900.25,'2012-11-13 11:13:10','2012-11-13 11:13:10'),(1997,2,55,2,900.421999931,'2012-11-13 11:13:10','2012-11-13 11:13:10'),(1998,4,58,2,503.79700017,'2012-11-13 11:13:10','2012-11-13 11:13:10'),(1999,4,58,2,396.57799983,'2012-11-13 11:13:10','2012-11-13 11:13:10'),(2000,3,56,1,900.437999964,'2012-11-13 11:13:10','2012-11-13 11:13:10'),(2001,2,55,2,900.421000004,'2012-11-13 11:13:10','2012-11-13 11:13:10'),(2002,4,58,2,503.844000101,'2012-11-13 11:13:10','2012-11-13 11:13:10'),(2003,4,58,2,396.453000069,'2012-11-13 11:13:10','2012-11-13 11:13:10'),(2004,3,56,1,900.421999931,'2012-11-13 11:13:10','2012-11-13 11:13:10'),(2005,2,55,2,900.437999964,'2012-11-13 11:13:10','2012-11-13 11:13:10'),(2006,4,58,2,504,'2012-11-13 11:13:10','2012-11-13 11:13:10'),(2007,4,58,2,396.405999899,'2012-11-13 11:13:10','2012-11-13 11:13:10'),(2008,3,56,1,900.328000069,'2012-11-13 11:13:10','2012-11-13 11:13:10'),(2009,2,55,2,900.344000101,'2012-11-13 11:13:10','2012-11-13 11:13:10'),(2010,4,58,2,503.875,'2012-11-13 11:13:10','2012-11-13 11:13:10'),(2011,4,58,2,396.469000101,'2012-11-13 11:13:10','2012-11-13 11:13:10'),(2012,3,56,1,900.391000032,'2012-11-13 11:13:10','2012-11-13 11:13:10'),(2013,2,55,2,900.32799983,'2012-11-13 11:13:10','2012-11-13 11:13:10'),(2014,4,58,2,503.905999899,'2012-11-13 11:13:10','2012-11-13 11:13:10'),(2015,4,58,2,396.516000032,'2012-11-13 11:13:10','2012-11-13 11:13:10'),(2016,3,56,1,900.358999968,'2012-11-13 11:13:10','2012-11-13 11:13:10'),(2017,2,55,2,830.187000036,'2012-11-13 11:13:10','2012-11-13 11:13:10'),(2018,4,58,2,503.812000036,'2012-11-13 11:13:10','2012-11-13 11:13:10'),(2019,4,58,2,396.516000032,'2012-11-13 11:13:10','2012-11-13 11:13:10'),(2020,3,56,1,900.406000137,'2012-11-13 11:13:10','2012-11-13 11:13:10'),(2021,2,55,2,900.344000101,'2012-11-13 11:13:10','2012-11-13 11:13:10'),(2022,4,58,2,503.937000036,'2012-11-13 11:13:10','2012-11-13 11:13:10'),(2023,4,58,2,396.468999863,'2012-11-13 11:13:10','2012-11-13 11:13:10'),(2024,3,56,1,900.390999794,'2012-11-13 11:13:10','2012-11-13 11:13:10'),(2025,2,55,2,900.375,'2012-11-13 11:13:10','2012-11-13 11:13:10'),(2026,4,58,2,503.921999931,'2012-11-13 11:13:10','2012-11-13 11:13:10'),(2027,4,58,2,396.5,'2012-11-13 11:13:10','2012-11-13 11:13:10'),(2028,3,56,1,900.390000105,'2012-11-13 11:13:10','2012-11-13 11:13:10'),(2029,2,55,2,900.405999899,'2012-11-13 11:13:10','2012-11-13 11:13:10'),(2030,4,58,2,503.906000137,'2012-11-13 11:13:10','2012-11-13 11:13:10'),(2031,4,58,2,396.468999863,'2012-11-13 11:13:10','2012-11-13 11:13:10'),(2032,3,56,1,900.437999964,'2012-11-13 11:13:10','2012-11-13 11:13:10'),(2033,2,55,2,900.375,'2012-11-13 11:13:10','2012-11-13 11:13:10'),(2034,4,58,2,503.969000101,'2012-11-13 11:13:10','2012-11-13 11:13:10'),(2035,4,58,2,396.405999899,'2012-11-13 11:13:10','2012-11-13 11:13:10'),(2036,3,56,1,900.406000137,'2012-11-13 11:13:10','2012-11-13 11:13:10'),(2037,2,55,2,900.375,'2012-11-13 11:13:10','2012-11-13 11:13:10'),(2038,4,58,2,503.828000069,'2012-11-13 11:13:10','2012-11-13 11:13:10'),(2039,4,58,2,396.483999968,'2012-11-13 11:13:10','2012-11-13 11:13:10'),(2040,3,56,1,900.296999931,'2012-11-13 11:13:10','2012-11-13 11:13:10'),(2041,2,55,2,900.328000069,'2012-11-13 11:13:10','2012-11-13 11:13:10'),(2042,4,58,2,503.875,'2012-11-13 11:13:10','2012-11-13 11:13:10'),(2043,4,58,2,396.5,'2012-11-13 11:13:10','2012-11-13 11:13:10'),(2044,3,56,1,900.421999931,'2012-11-13 11:13:10','2012-11-13 11:13:10'),(2045,2,55,2,900.359999895,'2012-11-13 11:13:10','2012-11-13 11:13:10'),(2046,4,58,2,503.860000134,'2012-11-13 11:13:10','2012-11-13 11:13:10'),(2047,4,58,2,396.467999935,'2012-11-13 11:13:10','2012-11-13 11:13:10'),(2048,3,56,1,900.421999931,'2012-11-13 11:13:10','2012-11-13 11:13:10'),(2049,2,55,2,900.25,'2012-11-13 11:13:10','2012-11-13 11:13:10'),(2050,4,58,2,503.921999931,'2012-11-13 11:13:10','2012-11-13 11:13:10'),(2051,4,58,2,396.485000134,'2012-11-13 11:13:10','2012-11-13 11:13:10'),(2052,3,56,1,900.375,'2012-11-13 11:13:10','2012-11-13 11:13:10'),(2053,2,55,2,900.390000105,'2012-11-13 11:13:10','2012-11-13 11:13:10'),(2054,4,58,2,503.764999866,'2012-11-13 11:13:10','2012-11-13 11:13:10'),(2055,4,58,2,396.54700017,'2012-11-13 11:13:10','2012-11-13 11:13:10'),(2056,3,56,1,900.281000137,'2012-11-13 11:13:10','2012-11-13 11:13:10'),(2057,2,55,2,900.421999931,'2012-11-13 11:13:10','2012-11-13 11:13:10'),(2058,4,58,2,503.812999964,'2012-11-13 11:13:10','2012-11-13 11:13:10'),(2059,4,58,2,396.530999899,'2012-11-13 11:13:10','2012-11-13 11:13:10'),(2060,3,56,1,900.312999964,'2012-11-13 11:13:10','2012-11-13 11:13:10'),(2061,2,55,2,900.42200017,'2012-11-13 11:13:10','2012-11-13 11:13:10'),(2062,4,58,2,503.875,'2012-11-13 11:13:10','2012-11-13 11:13:10'),(2063,4,58,2,396.546999931,'2012-11-13 11:13:10','2012-11-13 11:13:10'),(2064,3,56,1,900.328000069,'2012-11-13 11:13:10','2012-11-13 11:13:10'),(2065,2,55,2,900.421999931,'2012-11-13 11:13:10','2012-11-13 11:13:10'),(2066,4,58,2,503.844000101,'2012-11-13 11:13:10','2012-11-13 11:13:10'),(2067,2,55,2,465.671999931,'2012-11-13 11:13:10','2012-11-13 11:13:10'),(2068,4,58,2,396.562000036,'2012-11-13 11:13:10','2012-11-13 11:13:10'),(2069,3,56,1,900.437000036,'2012-11-13 11:13:10','2012-11-13 11:13:10'),(2070,4,58,2,503.655999899,'2012-11-13 11:13:10','2012-11-13 11:13:10'),(2071,4,58,2,396.562999964,'2012-11-13 11:13:10','2012-11-13 11:13:10'),(2072,3,56,1,900.280999899,'2012-11-13 11:13:10','2012-11-13 11:13:10'),(2073,4,58,2,503.781000137,'2012-11-13 11:13:10','2012-11-13 11:13:10'),(2074,4,58,2,396.593999863,'2012-11-13 11:13:10','2012-11-13 11:13:10'),(2075,3,56,1,900.421999931,'2012-11-13 11:13:10','2012-11-13 11:13:10'),(2076,4,58,2,503.781000137,'2012-11-13 11:13:10','2012-11-13 11:13:10'),(2077,4,58,2,396.641000032,'2012-11-13 11:13:10','2012-11-13 11:13:10'),(2078,3,56,1,694.391000032,'2012-11-13 11:13:10','2012-11-13 11:13:10'),(2079,4,58,2,503.764999866,'2012-11-13 11:13:10','2012-11-13 11:13:10'),(2080,4,58,2,383.907000065,'2012-11-13 11:13:10','2012-11-13 11:13:10'),(2081,2,55,2,900,'2012-11-13 11:13:10','2012-11-13 11:13:10'),(2082,4,58,2,900,'2012-11-13 11:13:10','2012-11-13 11:13:10'),(2083,3,56,1,900,'2012-11-13 11:13:10','2012-11-13 11:13:10'),(2084,2,55,2,900.358999968,'2012-11-13 11:13:10','2012-11-13 11:13:10'),(2085,4,58,2,900.358999968,'2012-11-13 11:13:10','2012-11-13 11:13:10'),(2086,3,56,1,900.389999866,'2012-11-13 11:13:10','2012-11-13 11:13:10'),(2087,2,55,2,900.375,'2012-11-13 11:13:10','2012-11-13 11:13:10'),(2088,4,58,2,900.391000032,'2012-11-13 11:13:10','2012-11-13 11:13:10'),(2089,3,56,1,900.407000065,'2012-11-13 11:13:10','2012-11-13 11:13:10'),(2090,2,55,2,900.42200017,'2012-11-13 11:13:10','2012-11-13 11:13:10'),(2091,4,58,2,900.358999968,'2012-11-13 11:13:10','2012-11-13 11:13:10'),(2092,3,56,1,900.421000004,'2012-11-13 11:13:10','2012-11-13 11:13:10'),(2093,2,55,2,900.405999899,'2012-11-13 11:13:10','2012-11-13 11:13:10'),(2094,4,58,2,900.358999968,'2012-11-13 11:13:10','2012-11-13 11:13:10'),(2095,3,56,1,900.266000032,'2012-11-13 11:13:10','2012-11-13 11:13:10'),(2096,2,55,2,900.344000101,'2012-11-13 11:13:10','2012-11-13 11:13:10'),(2097,4,58,2,900.391000032,'2012-11-13 11:13:10','2012-11-13 11:13:10'),(2098,3,56,1,900.421999931,'2012-11-13 11:13:10','2012-11-13 11:13:10'),(2099,2,55,2,900.359999895,'2012-11-13 11:13:10','2012-11-13 11:13:10'),(2100,4,58,2,900.280999899,'2012-11-13 11:13:10','2012-11-13 11:13:10'),(2101,3,56,1,900.328000069,'2012-11-13 11:13:10','2012-11-13 11:13:10'),(2102,2,55,2,900.342999935,'2012-11-13 11:13:10','2012-11-13 11:13:10'),(2103,4,58,2,900.391000032,'2012-11-13 11:13:10','2012-11-13 11:13:10'),(2104,3,56,1,900.391000032,'2012-11-13 11:13:10','2012-11-13 11:13:10'),(2105,2,55,2,900.391000032,'2012-11-13 11:13:10','2012-11-13 11:13:10'),(2106,4,58,2,900.406000137,'2012-11-13 11:13:10','2012-11-13 11:13:10'),(2107,3,56,1,900.389999866,'2012-11-13 11:13:10','2012-11-13 11:13:10'),(2108,2,55,2,900.406000137,'2012-11-13 11:13:10','2012-11-13 11:13:10'),(2109,4,58,2,900.32799983,'2012-11-13 11:13:10','2012-11-13 11:13:10'),(2110,3,56,1,900.360000134,'2012-11-13 11:13:10','2012-11-13 11:13:10'),(2111,2,55,2,900.343999863,'2012-11-13 11:13:10','2012-11-13 11:13:10'),(2112,4,58,2,900.328000069,'2012-11-13 11:13:10','2012-11-13 11:13:10'),(2113,3,56,1,900.342999935,'2012-11-13 11:13:10','2012-11-13 11:13:10'),(2114,2,55,2,900.344000101,'2012-11-13 11:13:10','2012-11-13 11:13:10'),(2115,4,58,2,900.375,'2012-11-13 11:13:10','2012-11-13 11:13:10'),(2116,3,56,1,900.391000032,'2012-11-13 11:13:10','2012-11-13 11:13:10'),(2117,2,55,2,900.342999935,'2012-11-13 11:13:10','2012-11-13 11:13:10'),(2118,4,58,2,900.234999895,'2012-11-13 11:13:10','2012-11-13 11:13:10'),(2119,3,56,1,900.405999899,'2012-11-13 11:13:10','2012-11-13 11:13:10'),(2120,2,55,2,900.375,'2012-11-13 11:13:10','2012-11-13 11:13:10'),(2121,4,58,2,900.359000206,'2012-11-13 11:13:10','2012-11-13 11:13:10'),(2122,3,56,1,900.391000032,'2012-11-13 11:13:10','2012-11-13 11:13:10'),(2123,2,55,2,900.344000101,'2012-11-13 11:13:10','2012-11-13 11:13:10'),(2124,4,58,2,900.390999794,'2012-11-13 11:13:10','2012-11-13 11:13:10'),(2125,3,56,1,900.296999931,'2012-11-13 11:13:10','2012-11-13 11:13:10'),(2126,2,55,2,900.45299983,'2012-11-13 11:13:10','2012-11-13 11:13:10'),(2127,4,58,2,900.25,'2012-11-13 11:13:10','2012-11-13 11:13:10'),(2128,3,56,1,900.406000137,'2012-11-13 11:13:10','2012-11-13 11:13:10'),(2129,2,55,2,900.42200017,'2012-11-13 11:13:10','2012-11-13 11:13:10'),(2130,4,58,2,904.937000036,'2012-11-13 11:13:10','2012-11-13 11:13:10'),(2131,3,56,1,900.391000032,'2012-11-13 11:13:10','2012-11-13 11:13:10'),(2132,2,55,2,900.25,'2012-11-13 11:13:10','2012-11-13 11:13:10'),(2133,4,58,2,900.391000032,'2012-11-13 11:13:10','2012-11-13 11:13:10'),(2134,3,56,1,900.389999866,'2012-11-13 11:13:10','2012-11-13 11:13:10'),(2135,2,55,2,900.296999931,'2012-11-13 11:13:10','2012-11-13 11:13:10'),(2136,4,58,2,900.233999968,'2012-11-13 11:13:10','2012-11-13 11:13:10'),(2137,3,56,1,900.42200017,'2012-11-13 11:13:10','2012-11-13 11:13:10'),(2138,2,55,2,900.358999968,'2012-11-13 11:13:10','2012-11-13 11:13:10'),(2139,4,58,2,900.407000065,'2012-11-13 11:13:10','2012-11-13 11:13:10'),(2140,3,56,1,900.280999899,'2012-11-13 11:13:10','2012-11-13 11:13:10'),(2141,2,55,2,900.421999931,'2012-11-13 11:13:10','2012-11-13 11:13:10'),(2142,4,58,2,900.405999899,'2012-11-13 11:13:10','2012-11-13 11:13:10'),(2143,3,56,1,900.407000065,'2012-11-13 11:13:10','2012-11-13 11:13:10'),(2144,2,55,2,900.360000134,'2012-11-13 11:13:10','2012-11-13 11:13:10'),(2145,4,58,2,900.375,'2012-11-13 11:13:10','2012-11-13 11:13:10'),(2146,3,56,1,900.405999899,'2012-11-13 11:13:10','2012-11-13 11:13:10'),(2147,2,55,2,900.264999866,'2012-11-13 11:13:10','2012-11-13 11:13:10'),(2148,4,58,2,900.219000101,'2012-11-13 11:13:10','2012-11-13 11:13:10'),(2149,3,56,1,900.406000137,'2012-11-13 11:13:10','2012-11-13 11:13:10'),(2150,2,55,2,900.375,'2012-11-13 11:13:10','2012-11-13 11:13:10'),(2151,4,58,2,900.405999899,'2012-11-13 11:13:10','2012-11-13 11:13:10'),(2152,3,56,1,900.390999794,'2012-11-13 11:13:10','2012-11-13 11:13:10'),(2153,2,55,2,900.375,'2012-11-13 11:13:10','2012-11-13 11:13:10'),(2154,4,58,2,900.344000101,'2012-11-13 11:13:10','2012-11-13 11:13:10'),(2155,3,56,1,900.406000137,'2012-11-13 11:13:10','2012-11-13 11:13:10'),(2156,2,55,2,900.328000069,'2012-11-13 11:13:10','2012-11-13 11:13:10'),(2157,4,58,2,900.358999968,'2012-11-13 11:13:10','2012-11-13 11:13:10'),(2158,3,56,1,900.280999899,'2012-11-13 11:13:10','2012-11-13 11:13:10'),(2159,2,55,2,900.375,'2012-11-13 11:13:10','2012-11-13 11:13:10'),(2160,4,58,2,900.358999968,'2012-11-13 11:13:10','2012-11-13 11:13:10'),(2161,3,56,1,900.391000032,'2012-11-13 11:13:10','2012-11-13 11:13:10'),(2162,2,55,2,900.375,'2012-11-13 11:13:10','2012-11-13 11:13:10'),(2163,4,58,2,900.328000069,'2012-11-13 11:13:10','2012-11-13 11:13:10'),(2164,3,56,1,900.406000137,'2012-11-13 11:13:10','2012-11-13 11:13:10'),(2165,2,55,2,900.437999964,'2012-11-13 11:13:10','2012-11-13 11:13:10'),(2166,4,58,2,900.407000065,'2012-11-13 11:13:10','2012-11-13 11:13:10'),(2167,3,56,1,900.375,'2012-11-13 11:13:10','2012-11-13 11:13:10'),(2168,2,55,2,900.437000036,'2012-11-13 11:13:10','2012-11-13 11:13:10'),(2169,4,58,2,900.421999931,'2012-11-13 11:13:10','2012-11-13 11:13:10'),(2170,3,56,1,900.265999794,'2012-11-13 11:13:10','2012-11-13 11:13:10'),(2171,2,55,2,900.328999996,'2012-11-13 11:13:10','2012-11-13 11:13:10'),(2172,4,58,2,900.342999935,'2012-11-13 11:13:10','2012-11-13 11:13:10'),(2173,2,55,2,422.905999899,'2012-11-13 11:13:10','2012-11-13 11:13:10'),(2174,3,56,1,900.29700017,'2012-11-13 11:13:10','2012-11-13 11:13:10'),(2175,3,56,1,20.1559998989,'2012-11-13 11:13:10','2012-11-13 11:13:10'),(2176,4,58,2,735.078000069,'2012-11-13 11:13:10','2012-11-13 11:13:10'),(2177,4,58,2,900,'2012-11-13 11:13:10','2012-11-13 11:13:10'),(2178,2,55,2,900,'2012-11-13 11:13:10','2012-11-13 11:13:10'),(2179,4,58,2,900.280999899,'2012-11-13 11:13:10','2012-11-13 11:13:10'),(2180,3,56,1,900.016000032,'2012-11-13 11:13:10','2012-11-13 11:13:10'),(2181,2,55,2,900.375,'2012-11-13 11:13:10','2012-11-13 11:13:10'),(2182,4,58,2,900.421999931,'2012-11-13 11:13:10','2012-11-13 11:13:10'),(2183,3,56,1,900.312999964,'2012-11-13 11:13:10','2012-11-13 11:13:10'),(2184,2,55,2,900.358999968,'2012-11-13 11:13:10','2012-11-13 11:13:10'),(2185,4,58,2,900.344000101,'2012-11-13 11:13:10','2012-11-13 11:13:10'),(2186,3,56,1,900.358999968,'2012-11-13 11:13:10','2012-11-13 11:13:10'),(2187,2,55,2,900.328999996,'2012-11-13 11:13:10','2012-11-13 11:13:10'),(2188,4,58,2,900.421999931,'2012-11-13 11:13:10','2012-11-13 11:13:10'),(2189,3,56,1,900.358999968,'2012-11-13 11:13:10','2012-11-13 11:13:10'),(2190,2,55,2,900.342999935,'2012-11-13 11:13:10','2012-11-13 11:13:10'),(2191,4,58,2,900.328000069,'2012-11-13 11:13:10','2012-11-13 11:13:10'),(2192,3,56,1,900.375,'2012-11-13 11:13:10','2012-11-13 11:13:10'),(2193,2,55,2,900.360000134,'2012-11-13 11:13:10','2012-11-13 11:13:10'),(2194,4,58,2,900.437999964,'2012-11-13 11:13:10','2012-11-13 11:13:10'),(2195,3,56,1,900.407000065,'2012-11-13 11:13:10','2012-11-13 11:13:10'),(2196,2,55,2,900.32799983,'2012-11-13 11:13:10','2012-11-13 11:13:10'),(2197,4,58,2,900.421000004,'2012-11-13 11:13:10','2012-11-13 11:13:10'),(2198,3,56,1,900.390000105,'2012-11-13 11:13:10','2012-11-13 11:13:10'),(2199,2,55,2,900.359000206,'2012-11-13 11:13:10','2012-11-13 11:13:10'),(2200,4,58,2,900.328999996,'2012-11-13 11:13:10','2012-11-13 11:13:10'),(2201,3,56,1,900.390999794,'2012-11-13 11:13:10','2012-11-13 11:13:10'),(2202,2,55,2,900.421999931,'2012-11-13 11:13:10','2012-11-13 11:13:10'),(2203,4,58,2,900.405999899,'2012-11-13 11:13:10','2012-11-13 11:13:10'),(2204,3,56,1,900.42200017,'2012-11-13 11:13:10','2012-11-13 11:13:10'),(2205,3,56,1,240.764999866,'2012-11-13 11:13:10','2012-11-13 11:13:10'),(2206,2,55,2,900.391000032,'2012-11-13 11:13:10','2012-11-13 11:13:10'),(2207,4,58,2,900.359000206,'2012-11-13 11:13:10','2012-11-13 11:13:10'),(2208,3,49,1,526.42200017,'2012-11-13 11:13:11','2012-11-13 11:13:11'),(2209,3,49,1,373.57799983,'2012-11-13 11:13:11','2012-11-13 11:13:11'),(2210,2,55,2,900.389999866,'2012-11-13 11:13:10','2012-11-13 11:13:10'),(2211,4,58,2,900.390999794,'2012-11-13 11:13:10','2012-11-13 11:13:10'),(2212,3,49,1,526.828000069,'2012-11-13 11:13:11','2012-11-13 11:13:11'),(2213,3,49,1,373.531000137,'2012-11-13 11:13:11','2012-11-13 11:13:11'),(2214,2,55,2,900.42200017,'2012-11-13 11:13:10','2012-11-13 11:13:10'),(2215,4,58,2,900.265000105,'2012-11-13 11:13:10','2012-11-13 11:13:10'),(2216,3,49,1,526.875,'2012-11-13 11:13:11','2012-11-13 11:13:11'),(2217,2,55,2,608.390999794,'2012-11-13 11:13:10','2012-11-13 11:13:10'),(2218,3,49,1,242.046999931,'2012-11-13 11:13:11','2012-11-13 11:13:11'),(2219,4,58,2,437.078999996,'2012-11-13 11:13:10','2012-11-13 11:13:10'),(2220,2,57,1,1.39000010490417,'2012-11-13 11:52:08','2012-11-13 11:52:08'),(2221,2,57,1,0.797000169754028,'2012-11-13 11:59:02','2012-11-13 11:59:02'),(2222,2,55,2,900,'2012-11-13 12:20:43','2012-11-13 12:20:43'),(2223,3,50,1,900.03200006485,'2012-11-13 12:23:54','2012-11-13 12:23:54'),(2224,4,58,2,900,'2012-11-13 12:27:46','2012-11-13 12:27:46'),(2225,2,55,2,900.953000068665,'2012-11-13 12:35:44','2012-11-13 12:35:44'),(2226,3,50,1,901.171999931335,'2012-11-13 12:38:55','2012-11-13 12:38:55'),(2227,4,58,2,900.46799993515,'2012-11-13 12:42:46','2012-11-13 12:42:46'),(2228,2,55,2,900.358999967575,'2012-11-13 12:50:44','2012-11-13 12:50:44'),(2229,3,50,1,900.25,'2012-11-13 12:53:55','2012-11-13 12:53:55');
/*!40000 ALTER TABLE `entries` ENABLE KEYS */;
UNLOCK TABLES;
/*!50003 SET @saved_cs_client      = @@character_set_client */ ;
/*!50003 SET @saved_cs_results     = @@character_set_results */ ;
/*!50003 SET @saved_col_connection = @@collation_connection */ ;
/*!50003 SET character_set_client  = latin1 */ ;
/*!50003 SET character_set_results = latin1 */ ;
/*!50003 SET collation_connection  = latin1_swedish_ci */ ;
/*!50003 SET @saved_sql_mode       = @@sql_mode */ ;
/*!50003 SET sql_mode              = 'STRICT_TRANS_TABLES,NO_AUTO_CREATE_USER,NO_ENGINE_SUBSTITUTION' */ ;
DELIMITER ;;
/*!50003 CREATE*/ /*!50017 DEFINER=`root`@`localhost`*/ /*!50003 TRIGGER Entry_INSERT BEFORE INSERT ON Entries
for each row begin
	set new.creation_time = now();
	set new.update_time = now();
end */;;
DELIMITER ;
/*!50003 SET sql_mode              = @saved_sql_mode */ ;
/*!50003 SET character_set_client  = @saved_cs_client */ ;
/*!50003 SET character_set_results = @saved_cs_results */ ;
/*!50003 SET collation_connection  = @saved_col_connection */ ;
/*!50003 SET @saved_cs_client      = @@character_set_client */ ;
/*!50003 SET @saved_cs_results     = @@character_set_results */ ;
/*!50003 SET @saved_col_connection = @@collation_connection */ ;
/*!50003 SET character_set_client  = latin1 */ ;
/*!50003 SET character_set_results = latin1 */ ;
/*!50003 SET collation_connection  = latin1_swedish_ci */ ;
/*!50003 SET @saved_sql_mode       = @@sql_mode */ ;
/*!50003 SET sql_mode              = 'STRICT_TRANS_TABLES,NO_AUTO_CREATE_USER,NO_ENGINE_SUBSTITUTION' */ ;
DELIMITER ;;
/*!50003 CREATE*/ /*!50017 DEFINER=`root`@`localhost`*/ /*!50003 TRIGGER Entry_UPDATE BEFORE UPDATE ON Entries
for each row begin
	set new.update_time = now();
end */;;
DELIMITER ;
/*!50003 SET sql_mode              = @saved_sql_mode */ ;
/*!50003 SET character_set_client  = @saved_cs_client */ ;
/*!50003 SET character_set_results = @saved_cs_results */ ;
/*!50003 SET collation_connection  = @saved_col_connection */ ;

--
-- Table structure for table `projects`
--

DROP TABLE IF EXISTS `projects`;
/*!40101 SET @saved_cs_client     = @@character_set_client */;
/*!40101 SET character_set_client = utf8 */;
CREATE TABLE `projects` (
  `IdProject` int(11) NOT NULL AUTO_INCREMENT,
  `IdProjectParent` int(11) DEFAULT NULL,
  `lft` int(11) DEFAULT NULL,
  `rgt` int(11) DEFAULT NULL,
  `Code` char(5) NOT NULL,
  `Description` varchar(150) NOT NULL,
  PRIMARY KEY (`IdProject`),
  KEY `IdProjectParent` (`IdProjectParent`),
  CONSTRAINT `projects_ibfk_1` FOREIGN KEY (`IdProjectParent`) REFERENCES `projects` (`IdProject`) ON DELETE CASCADE ON UPDATE CASCADE
) ENGINE=InnoDB AUTO_INCREMENT=74 DEFAULT CHARSET=utf8;
/*!40101 SET character_set_client = @saved_cs_client */;

--
-- Dumping data for table `projects`
--

LOCK TABLES `projects` WRITE;
/*!40000 ALTER TABLE `projects` DISABLE KEYS */;
INSERT INTO `projects` VALUES (1,NULL,1,130,'','Proyectos'),(2,1,2,7,'PR001','Torre InNOVa S'),(3,1,8,9,'PR002','Tanques InTEGA 60 m3 de bet칰n'),(4,1,10,11,'PR003','Criba 260 estilo Intrame'),(5,1,12,13,'PR004','Mezcladores 120/160/200 tn'),(6,1,14,15,'PR005','Parque de ligantes KPRD kielce'),(7,1,16,17,'PR006','Criba InCAR 3320/3316/3312'),(8,1,18,19,'PR007','Parque de ligantes Instalacion Podlaski'),(9,1,20,21,'PR008','Silos para torre InNOVA S'),(10,1,22,23,'PR009','Criba 200 InMASS'),(11,1,24,25,'PR010','Parque de ligantes kielce 2'),(12,1,26,27,'PR011','Planta piloto '),(13,1,28,29,'PR012','Criba 280 y 350'),(14,1,30,31,'PR014','Mezcladores > 200 t/h'),(15,1,32,33,'PR015','Parque de ligantes planta Eiffage Sevilla'),(16,1,34,35,'PR016','Lecho fluidizado VFB-10C'),(17,1,36,37,'PR017','Planta Bet칰n Caucho'),(18,1,38,43,'PR018','Torre InNOVa G'),(19,1,44,45,'PR019','Sistema Reciclado en Frio InNOVA S InRAF'),(20,1,46,47,'PR020','Sistema transporte reciclado neum치ticos'),(21,1,48,49,'PR021','Sistema Reciclado en Frio InNOVA G InRAF'),(22,1,50,51,'PR022','Torre Francesa canaleta 2 tolvas'),(23,1,52,53,'PR023','Parque de ligantes Eiffage Albacete'),(24,1,54,55,'PR024','Silos para torre InNOVA G'),(25,1,56,57,'PR025','Tanques InTEGA 40 m3 de bet칰n'),(26,1,58,59,'PR026','Parque de ligantes para Budimex y Mostostal'),(27,1,60,61,'PR027','Planta piloto de espumado de bet칰n (InFOAM)'),(28,1,62,63,'PR028','Isomix (torre en containers)'),(29,1,64,65,'PR029','Planta en frio movil InCold 100'),(30,1,66,67,'PR030','Tanques InTEGA 80 m3 de betun'),(31,1,68,69,'PR031','Tuberias Torre Lannemezan InNova G'),(32,1,70,71,'PR032','Tanque emulsion de 30-35 m3'),(33,1,72,73,'PR033','Parque de ligantes de EIFFAGE Estr칠es Saint Denis.'),(34,1,74,83,'PR034','Planta continua movil caliente Flowmix 100'),(35,1,84,85,'PR035','Sistema de espuma Bitfoam'),(36,1,86,87,'PR036','Planta en frio movil continua 100 t/h'),(37,1,88,89,'PR037','Torre Francesa canaleta 3 tolvas'),(38,1,90,91,'PR038','Toma de muestras bet칰n'),(39,1,92,93,'PR039','Secadero Rm-260'),(40,1,94,95,'PR555','COJAL(Calentamiento electrico emulsion)'),(41,1,96,97,'PR600','Instalacion reciclado en frio en Paexba'),(42,1,98,99,'PR601','Instalacion reciclado en frio (fomento-torre Irlanda)'),(43,1,100,101,'PR602','Reciclado en fr칤o InNOVA S Matas InRAF.'),(44,1,102,103,'PR666','Instalacion mezclador planta Sisocia'),(45,1,104,105,'PR777','LanzaGrava'),(46,1,106,107,'PR800','Soporte muelle cribas InNOVA'),(47,1,108,109,'PR900','Maqueta de secadero'),(48,1,110,111,'PR991','Mac(para eiffage) modulo alto'),(49,1,112,113,'PR999','MaChacadora  CRS-800'),(50,1,114,115,'PR040','Parque ligantes S.E.M.E.'),(51,2,3,6,'PR001','Tarea 1'),(52,51,4,5,'PR001','Bascula de betun'),(53,18,39,42,'PR018','UPM'),(54,53,40,41,'PR018','B맙cula de Bet춲n'),(55,34,75,78,'PR034','Unidad Principal'),(56,34,79,82,'PR034','Unidad secundaria.'),(57,55,76,77,'PR034','Elevador de Rastras'),(58,56,80,81,'PR034','Filtro de mangas');
/*!40000 ALTER TABLE `projects` ENABLE KEYS */;
UNLOCK TABLES;

--
-- Table structure for table `resources`
--

DROP TABLE IF EXISTS `resources`;
/*!40101 SET @saved_cs_client     = @@character_set_client */;
/*!40101 SET character_set_client = utf8 */;
CREATE TABLE `resources` (
  `IdResource` int(11) NOT NULL AUTO_INCREMENT,
  `Name` varchar(50) NOT NULL,
  `Cost` double DEFAULT NULL,
  PRIMARY KEY (`IdResource`)
) ENGINE=InnoDB AUTO_INCREMENT=5 DEFAULT CHARSET=utf8;
/*!40101 SET character_set_client = @saved_cs_client */;

--
-- Dumping data for table `resources`
--

LOCK TABLES `resources` WRITE;
/*!40000 ALTER TABLE `resources` DISABLE KEYS */;
INSERT INTO `resources` VALUES (1,'Diego Peinado Mart칤n',35.2),(2,'Israel Dur치n Carl칤n',21.3),(3,'Ismael Ba침os Benavides',20.4),(4,'Iv치n Rego D칤az',20.4);
/*!40000 ALTER TABLE `resources` ENABLE KEYS */;
UNLOCK TABLES;
/*!40103 SET TIME_ZONE=@OLD_TIME_ZONE */;

/*!40101 SET SQL_MODE=@OLD_SQL_MODE */;
/*!40014 SET FOREIGN_KEY_CHECKS=@OLD_FOREIGN_KEY_CHECKS */;
/*!40014 SET UNIQUE_CHECKS=@OLD_UNIQUE_CHECKS */;
/*!40101 SET CHARACTER_SET_CLIENT=@OLD_CHARACTER_SET_CLIENT */;
/*!40101 SET CHARACTER_SET_RESULTS=@OLD_CHARACTER_SET_RESULTS */;
/*!40101 SET COLLATION_CONNECTION=@OLD_COLLATION_CONNECTION */;
/*!40111 SET SQL_NOTES=@OLD_SQL_NOTES */;

-- Dump completed on 2012-11-13 12:56:58
