-- MySQL dump 10.13  Distrib 5.5.28, for Win32 (x86)
--
-- Host: localhost    Database: projects
-- ------------------------------------------------------
-- Server version	5.5.28

/*!40101 SET @OLD_CHARACTER_SET_CLIENT=@@CHARACTER_SET_CLIENT */;
/*!40101 SET @OLD_CHARACTER_SET_RESULTS=@@CHARACTER_SET_RESULTS */;
/*!40101 SET @OLD_COLLATION_CONNECTION=@@COLLATION_CONNECTION */;
/*!40101 SET NAMES utf8 */;
/*!40103 SET @OLD_TIME_ZONE=@@TIME_ZONE */;
/*!40103 SET TIME_ZONE='+00:00' */;
/*!40014 SET @OLD_UNIQUE_CHECKS=@@UNIQUE_CHECKS, UNIQUE_CHECKS=0 */;
/*!40014 SET @OLD_FOREIGN_KEY_CHECKS=@@FOREIGN_KEY_CHECKS, FOREIGN_KEY_CHECKS=0 */;
/*!40101 SET @OLD_SQL_MODE=@@SQL_MODE, SQL_MODE='NO_AUTO_VALUE_ON_ZERO' */;
/*!40111 SET @OLD_SQL_NOTES=@@SQL_NOTES, SQL_NOTES=0 */;

--
-- Table structure for table `activities`
--

DROP TABLE IF EXISTS `activities`;
/*!40101 SET @saved_cs_client     = @@character_set_client */;
/*!40101 SET character_set_client = utf8 */;
CREATE TABLE `activities` (
  `IdActivity` int(11) NOT NULL AUTO_INCREMENT,
  `Activity` varchar(45) NOT NULL,
  PRIMARY KEY (`IdActivity`)
) ENGINE=InnoDB AUTO_INCREMENT=19 DEFAULT CHARSET=utf8;
/*!40101 SET character_set_client = @saved_cs_client */;

--
-- Dumping data for table `activities`
--

LOCK TABLES `activities` WRITE;
/*!40000 ALTER TABLE `activities` DISABLE KEYS */;
INSERT INTO `activities` VALUES (1,'Dise침o Preliminar'),(2,'Modelado 3D'),(3,'Listados y DXFs'),(4,'Planos'),(5,'C치lculos'),(6,'Manuales'),(7,'Revisi칩n-Cambios'),(8,'Interfaz con Fabricaci칩n'),(16,'Comercial'),(17,'Problemas de Infraestructura'),(18,'I + D');
/*!40000 ALTER TABLE `activities` ENABLE KEYS */;
UNLOCK TABLES;

--
-- Table structure for table `entries`
--

DROP TABLE IF EXISTS `entries`;
/*!40101 SET @saved_cs_client     = @@character_set_client */;
/*!40101 SET character_set_client = utf8 */;
CREATE TABLE `entries` (
  `IdEntry` int(11) NOT NULL AUTO_INCREMENT,
  `IdResource` int(11) NOT NULL,
  `IdProject` int(11) NOT NULL,
  `IdTask` int(11) DEFAULT NULL,
  `IdActivity` int(11) NOT NULL,
  `Tsec` double NOT NULL,
  `creation_time` datetime DEFAULT NULL,
  `update_time` datetime DEFAULT NULL,
  PRIMARY KEY (`IdEntry`),
  KEY `IdResource` (`IdResource`),
  KEY `IdProject` (`IdProject`),
  KEY `IdActivity` (`IdActivity`),
  CONSTRAINT `entries_ibfk_1` FOREIGN KEY (`IdResource`) REFERENCES `resources` (`IdResource`) ON DELETE CASCADE ON UPDATE CASCADE,
  CONSTRAINT `entries_ibfk_2` FOREIGN KEY (`IdProject`) REFERENCES `projects` (`IdProject`) ON DELETE CASCADE ON UPDATE CASCADE,
  CONSTRAINT `entries_ibfk_3` FOREIGN KEY (`IdActivity`) REFERENCES `activities` (`IdActivity`) ON DELETE CASCADE ON UPDATE CASCADE
) ENGINE=InnoDB AUTO_INCREMENT=1948 DEFAULT CHARSET=utf8;
/*!40101 SET character_set_client = @saved_cs_client */;

--
-- Dumping data for table `entries`
--

LOCK TABLES `entries` WRITE;
/*!40000 ALTER TABLE `entries` DISABLE KEYS */;
INSERT INTO `entries` VALUES (91,2,33,7,1,900,'2012-10-19 12:36:39','2012-10-19 12:36:39'),(92,2,33,7,1,900.233999967575,'2012-10-19 12:51:38','2012-10-19 12:51:38'),(93,2,33,7,1,900.328999996185,'2012-10-19 13:06:32','2012-10-19 13:06:32'),(94,2,33,7,1,900.233999967575,'2012-10-19 13:21:30','2012-10-19 13:21:30'),(95,2,33,7,1,150.625,'2012-10-19 13:24:01','2012-10-19 13:24:01'),(96,2,33,7,1,544.391000032425,'2012-10-19 13:39:15','2012-10-19 13:39:15'),(97,3,42,NULL,2,51.8120000362396,'2012-10-19 13:39:28','2012-10-19 13:39:28'),(98,2,33,7,1,320.81299996376,'2012-10-19 13:54:12','2012-10-19 13:54:12'),(99,2,33,6,1,573.344000101089,'2012-10-19 14:03:51','2012-10-19 14:03:51'),(100,3,42,NULL,2,900,'2012-10-19 14:09:05','2012-10-19 14:09:05'),(101,2,33,6,1,326.655999898911,'2012-10-19 14:09:18','2012-10-19 14:09:18'),(102,4,17,14,7,900,'2012-10-19 14:13:12','2012-10-19 14:13:12'),(103,2,33,6,1,573.75,'2012-10-19 14:18:50','2012-10-19 14:18:50'),(104,3,42,NULL,2,900.266000032425,'2012-10-19 14:24:06','2012-10-19 14:24:06'),(105,2,33,6,1,326.672000169754,'2012-10-19 14:24:17','2012-10-19 14:24:17'),(106,4,17,14,7,900.43799996376,'2012-10-19 14:28:09','2012-10-19 14:28:09'),(107,2,33,6,1,573.655999898911,'2012-10-19 14:33:48','2012-10-19 14:33:48'),(108,3,42,NULL,2,900.296999931335,'2012-10-19 14:39:06','2012-10-19 14:39:06'),(109,2,33,6,1,326.671999931335,'2012-10-19 14:39:15','2012-10-19 14:39:15'),(110,4,17,14,7,900.421000003815,'2012-10-19 14:43:04','2012-10-19 14:43:04'),(111,2,33,6,1,573.672000169754,'2012-10-19 14:48:49','2012-10-19 14:48:49'),(112,3,42,NULL,2,900.405999898911,'2012-10-19 14:54:06','2012-10-19 14:54:06'),(113,2,33,6,1,326.671999931335,'2012-10-19 14:54:15','2012-10-19 14:54:15'),(114,4,17,14,7,900.375,'2012-10-19 14:58:03','2012-10-19 14:58:03'),(115,2,33,6,1,387.891000032425,'2012-10-19 15:00:43','2012-10-19 15:00:43'),(116,2,33,6,1,53.875,'2012-10-19 15:01:51','2012-10-19 15:01:51'),(117,2,33,6,1,95.6719999313354,'2012-10-19 15:03:49','2012-10-19 15:03:49'),(118,2,33,6,1,31.2340002059937,'2012-10-19 15:04:20','2012-10-19 15:04:20'),(119,3,42,NULL,2,900.406000137329,'2012-10-19 15:09:07','2012-10-19 15:09:07'),(120,2,33,6,1,261.5,'2012-10-19 15:09:15','2012-10-19 15:09:15'),(121,3,42,NULL,2,104.093999862671,'2012-10-19 15:10:51','2012-10-19 15:10:51'),(122,3,42,NULL,2,7.90700006484985,'2012-10-19 15:12:31','2012-10-19 15:12:31'),(123,4,17,14,7,900.359999895096,'2012-10-19 15:13:03','2012-10-19 15:13:03'),(124,2,33,6,1,266.391000032425,'2012-10-19 15:13:41','2012-10-19 15:13:41'),(125,4,17,14,7,46.2030000686646,'2012-10-19 15:13:49','2012-10-19 15:13:49'),(126,4,17,14,7,18.327999830246,'2012-10-19 15:15:14','2012-10-19 15:15:14'),(127,3,42,NULL,2,100.609999895096,'2012-10-19 15:15:14','2012-10-19 15:15:14'),(128,2,33,6,17,90.5940001010895,'2012-10-19 15:15:20','2012-10-19 15:15:20'),(129,2,33,6,17,209.358999967575,'2012-10-19 15:19:38','2012-10-19 15:19:38'),(130,2,33,6,17,871.766000032425,'2012-10-22 07:46:50','2012-10-22 07:46:50'),(131,2,33,6,1,22.3129999637604,'2012-10-22 07:47:18','2012-10-22 07:47:18'),(132,4,17,14,7,900,'2012-10-22 07:49:35','2012-10-22 07:49:35'),(133,2,33,6,1,328.155999898911,'2012-10-22 07:52:46','2012-10-22 07:52:46'),(134,2,33,6,17,487.34299993515,'2012-10-22 08:00:58','2012-10-22 08:00:58'),(135,2,33,6,17,0.671999931335449,'2012-10-22 08:01:00','2012-10-22 08:01:00'),(136,2,33,6,1,49.6560001373291,'2012-10-22 08:01:55','2012-10-22 08:01:55'),(137,2,33,6,1,22.6879999637604,'2012-10-22 08:02:18','2012-10-22 08:02:18'),(138,4,17,14,7,900.43700003624,'2012-10-22 08:04:35','2012-10-22 08:04:35'),(139,2,33,6,1,332.421999931335,'2012-10-22 08:07:50','2012-10-22 08:07:50'),(140,2,33,6,1,488.421000003815,'2012-10-22 08:15:57','2012-10-22 08:15:57'),(141,2,33,6,1,6.81299996376038,'2012-10-22 08:16:04','2012-10-22 08:16:04'),(142,2,33,6,1,50.0620000362396,'2012-10-22 08:16:54','2012-10-22 08:16:54'),(143,2,33,6,1,22.6410000324249,'2012-10-22 08:17:17','2012-10-22 08:17:17'),(144,4,17,14,7,900.43799996376,'2012-10-22 08:19:33','2012-10-22 08:19:33'),(145,2,33,6,1,332.296999931335,'2012-10-22 08:22:48','2012-10-22 08:22:48'),(146,2,33,6,1,488.531000137329,'2012-10-22 08:30:55','2012-10-22 08:30:55'),(147,2,33,6,1,6.78099989891052,'2012-10-22 08:31:02','2012-10-22 08:31:02'),(148,2,33,6,1,50.0940001010895,'2012-10-22 08:31:52','2012-10-22 08:31:52'),(149,2,33,6,1,22.6409997940063,'2012-10-22 08:32:14','2012-10-22 08:32:14'),(150,4,17,14,7,900.25,'2012-10-22 08:34:30','2012-10-22 08:34:30'),(151,2,33,6,1,332.390000104904,'2012-10-22 08:37:46','2012-10-22 08:37:46'),(152,2,33,6,1,488.43799996376,'2012-10-22 08:45:51','2012-10-22 08:45:51'),(153,2,33,6,1,6.81200003623962,'2012-10-22 08:45:58','2012-10-22 08:45:58'),(154,2,33,6,1,50.1099998950958,'2012-10-22 08:46:47','2012-10-22 08:46:47'),(155,2,33,6,1,22.6400001049042,'2012-10-22 08:47:10','2012-10-22 08:47:10'),(156,4,17,14,7,900.25,'2012-10-22 08:49:30','2012-10-22 08:49:30'),(157,2,33,6,1,332.391000032425,'2012-10-22 08:52:42','2012-10-22 08:52:42'),(158,2,33,6,1,488.405999898911,'2012-10-22 09:00:50','2012-10-22 09:00:50'),(159,2,33,6,1,6.82800006866455,'2012-10-22 09:00:57','2012-10-22 09:00:57'),(160,2,33,6,1,50.1099998950958,'2012-10-22 09:01:47','2012-10-22 09:01:47'),(161,2,33,6,1,22.6090002059937,'2012-10-22 09:02:10','2012-10-22 09:02:10'),(162,4,17,14,7,900.344000101089,'2012-10-22 09:04:30','2012-10-22 09:04:30'),(163,2,33,6,1,332.375,'2012-10-22 09:07:42','2012-10-22 09:07:42'),(164,2,33,6,1,488.452999830246,'2012-10-22 09:15:51','2012-10-22 09:15:51'),(165,2,33,6,1,6.79700016975403,'2012-10-22 09:15:57','2012-10-22 09:15:57'),(166,2,33,6,1,50.202999830246,'2012-10-22 09:16:47','2012-10-22 09:16:47'),(167,2,33,6,1,22.5320000648499,'2012-10-22 09:17:10','2012-10-22 09:17:10'),(168,3,42,NULL,2,900,'2012-10-22 09:18:38','2012-10-22 09:18:38'),(169,4,17,14,7,900.389999866486,'2012-10-22 09:19:29','2012-10-22 09:19:29'),(170,2,33,6,1,236.68700003624,'2012-10-22 09:21:07','2012-10-22 09:21:07'),(171,2,33,7,1,84.8120000362396,'2012-10-22 09:22:42','2012-10-22 09:22:42'),(172,2,33,7,1,488.421999931335,'2012-10-22 09:30:51','2012-10-22 09:30:51'),(173,2,33,7,1,6.78099989891052,'2012-10-22 09:30:57','2012-10-22 09:30:57'),(174,2,33,7,1,50.2030000686646,'2012-10-22 09:31:48','2012-10-22 09:31:48'),(175,2,33,7,1,22.5320000648499,'2012-10-22 09:32:10','2012-10-22 09:32:10'),(176,3,42,NULL,2,900.296000003815,'2012-10-22 09:33:38','2012-10-22 09:33:38'),(177,4,17,14,7,900.40700006485,'2012-10-22 09:34:29','2012-10-22 09:34:29'),(178,2,33,7,1,247.264999866486,'2012-10-22 09:36:17','2012-10-22 09:36:17'),(179,2,33,7,1,85.1570000648499,'2012-10-22 09:37:43','2012-10-22 09:37:43'),(180,2,33,7,1,488.46799993515,'2012-10-22 09:45:51','2012-10-22 09:45:51'),(181,2,33,7,1,6.78200006484985,'2012-10-22 09:45:58','2012-10-22 09:45:58'),(182,2,33,7,1,50.2030000686646,'2012-10-22 09:46:48','2012-10-22 09:46:48'),(183,2,33,7,1,22.4219999313354,'2012-10-22 09:47:10','2012-10-22 09:47:10'),(184,3,42,NULL,2,900.31299996376,'2012-10-22 09:48:38','2012-10-22 09:48:38'),(185,4,17,14,7,900.375,'2012-10-22 09:49:27','2012-10-22 09:49:27'),(186,2,33,7,1,247.296000003815,'2012-10-22 09:51:18','2012-10-22 09:51:18'),(187,2,33,7,1,85.2190001010895,'2012-10-22 09:52:43','2012-10-22 09:52:43'),(188,2,33,7,1,488.452999830246,'2012-10-22 10:00:51','2012-10-22 10:00:51'),(189,2,33,7,1,6.76600003242493,'2012-10-22 10:00:57','2012-10-22 10:00:57'),(190,2,33,7,1,50.2190001010895,'2012-10-22 10:01:48','2012-10-22 10:01:48'),(191,2,33,7,1,22.4219999313354,'2012-10-22 10:02:10','2012-10-22 10:02:10'),(192,3,42,NULL,2,900.391000032425,'2012-10-22 10:03:39','2012-10-22 10:03:39'),(193,4,17,14,7,900.296000003815,'2012-10-22 10:04:27','2012-10-22 10:04:27'),(194,2,33,7,1,247.296000003815,'2012-10-22 10:06:17','2012-10-22 10:06:17'),(195,2,33,7,1,85.1879999637604,'2012-10-22 10:07:42','2012-10-22 10:07:42'),(196,2,33,7,1,488.43700003624,'2012-10-22 10:15:51','2012-10-22 10:15:51'),(197,2,33,7,1,6.78200006484985,'2012-10-22 10:15:58','2012-10-22 10:15:58'),(198,2,33,7,1,50.202999830246,'2012-10-22 10:16:48','2012-10-22 10:16:48'),(199,2,33,7,1,22.4370000362396,'2012-10-22 10:17:10','2012-10-22 10:17:10'),(200,3,42,NULL,2,900.405999898911,'2012-10-22 10:18:39','2012-10-22 10:18:39'),(201,4,17,14,7,900.359999895096,'2012-10-22 10:19:26','2012-10-22 10:19:26'),(202,2,33,7,1,247.28200006485,'2012-10-22 10:21:17','2012-10-22 10:21:17'),(203,2,33,7,1,85.25,'2012-10-22 10:22:43','2012-10-22 10:22:43'),(204,2,33,7,1,488.46799993515,'2012-10-22 10:30:51','2012-10-22 10:30:51'),(205,2,33,7,1,6.78200006484985,'2012-10-22 10:30:58','2012-10-22 10:30:58'),(206,2,33,7,1,50.2030000686646,'2012-10-22 10:31:48','2012-10-22 10:31:48'),(207,2,33,7,1,22.4219999313354,'2012-10-22 10:32:10','2012-10-22 10:32:10'),(208,3,42,NULL,2,900.390000104904,'2012-10-22 10:33:39','2012-10-22 10:33:39'),(209,4,17,14,7,900.375,'2012-10-22 10:34:26','2012-10-22 10:34:26'),(210,2,33,7,1,247.296000003815,'2012-10-22 10:36:17','2012-10-22 10:36:17'),(211,2,33,7,1,85.2039999961853,'2012-10-22 10:37:43','2012-10-22 10:37:43'),(212,3,42,NULL,2,705.90700006485,'2012-10-22 10:45:25','2012-10-22 10:45:25'),(213,2,33,7,1,488.31200003624,'2012-10-22 10:45:51','2012-10-22 10:45:51'),(214,2,33,7,1,6.90599989891052,'2012-10-22 10:45:58','2012-10-22 10:45:58'),(215,2,33,7,1,50.2030000686646,'2012-10-22 10:46:48','2012-10-22 10:46:48'),(216,2,33,7,1,22.4379999637604,'2012-10-22 10:47:10','2012-10-22 10:47:10'),(217,3,42,NULL,4,177.06299996376,'2012-10-22 10:48:40','2012-10-22 10:48:40'),(218,4,17,14,7,900.344000101089,'2012-10-22 10:49:26','2012-10-22 10:49:26'),(219,2,33,7,1,247.233999967575,'2012-10-22 10:51:18','2012-10-22 10:51:18'),(220,2,33,7,1,85.3129999637604,'2012-10-22 10:52:43','2012-10-22 10:52:43'),(221,2,33,7,1,181.156000137329,'2012-10-22 10:55:44','2012-10-22 10:55:44'),(222,3,42,NULL,4,722.93700003624,'2012-10-22 11:00:43','2012-10-22 11:00:43'),(223,2,33,7,5,297.828000068665,'2012-10-22 11:00:51','2012-10-22 11:00:51'),(224,2,33,7,5,6.90700006484985,'2012-10-22 11:00:58','2012-10-22 11:00:58'),(225,2,33,7,5,50.1870000362396,'2012-10-22 11:01:48','2012-10-22 11:01:48'),(226,2,33,7,5,22.4219999313354,'2012-10-22 11:02:10','2012-10-22 11:02:10'),(227,3,42,NULL,4,177.452999830246,'2012-10-22 11:03:40','2012-10-22 11:03:40'),(228,4,17,14,7,900.358999967575,'2012-10-22 11:04:26','2012-10-22 11:04:26'),(229,2,33,7,5,247.296999931335,'2012-10-22 11:06:17','2012-10-22 11:06:17'),(230,2,33,7,5,85.3120000362396,'2012-10-22 11:07:43','2012-10-22 11:07:43'),(231,2,33,7,5,190.046999931335,'2012-10-22 11:10:53','2012-10-22 11:10:53'),(232,3,42,NULL,4,722.969000101089,'2012-10-22 11:15:43','2012-10-22 11:15:43'),(233,2,33,7,5,298.25,'2012-10-22 11:15:51','2012-10-22 11:15:51'),(234,2,33,7,5,6.89100003242493,'2012-10-22 11:15:58','2012-10-22 11:15:58'),(235,2,33,7,5,50.1560001373291,'2012-10-22 11:16:48','2012-10-22 11:16:48'),(236,2,33,7,5,22.4059998989105,'2012-10-22 11:17:10','2012-10-22 11:17:10'),(237,3,42,NULL,4,177.421999931335,'2012-10-22 11:18:40','2012-10-22 11:18:40'),(238,4,17,14,7,900.358999967575,'2012-10-22 11:19:26','2012-10-22 11:19:26'),(239,2,33,7,5,247.296999931335,'2012-10-22 11:21:18','2012-10-22 11:21:18'),(240,2,33,7,5,85.297000169754,'2012-10-22 11:22:43','2012-10-22 11:22:43'),(241,2,33,7,5,190.093999862671,'2012-10-22 11:25:53','2012-10-22 11:25:53'),(242,3,42,NULL,4,722.969000101089,'2012-10-22 11:30:43','2012-10-22 11:30:43'),(243,2,33,7,5,298.281000137329,'2012-10-22 11:30:51','2012-10-22 11:30:51'),(244,2,33,7,5,6.875,'2012-10-22 11:30:58','2012-10-22 11:30:58'),(245,2,33,7,5,50.077999830246,'2012-10-22 11:31:48','2012-10-22 11:31:48'),(246,2,33,7,5,22.422000169754,'2012-10-22 11:32:10','2012-10-22 11:32:10'),(247,3,42,NULL,4,177.421999931335,'2012-10-22 11:33:41','2012-10-22 11:33:41'),(248,4,17,14,7,900.422000169754,'2012-10-22 11:34:26','2012-10-22 11:34:26'),(249,2,33,7,5,247.375,'2012-10-22 11:36:18','2012-10-22 11:36:18'),(250,2,33,7,5,85.202999830246,'2012-10-22 11:37:43','2012-10-22 11:37:43'),(251,2,33,7,5,172.68799996376,'2012-10-22 11:40:35','2012-10-22 11:40:35'),(252,3,42,NULL,4,722.96799993515,'2012-10-22 11:45:44','2012-10-22 11:45:44'),(253,3,42,NULL,4,177.40700006485,'2012-10-22 11:48:41','2012-10-22 11:48:41'),(254,4,17,14,7,900.390999794006,'2012-10-22 11:49:26','2012-10-22 11:49:26'),(255,3,42,NULL,4,723,'2012-10-22 12:00:44','2012-10-22 12:00:44'),(256,3,42,NULL,4,177.405999898911,'2012-10-22 12:03:42','2012-10-22 12:03:42'),(257,4,17,14,7,900.359000205994,'2012-10-22 12:04:24','2012-10-22 12:04:24'),(258,2,33,7,5,900.31200003624,'2012-10-22 12:09:38','2012-10-22 12:09:38'),(259,3,42,NULL,4,722.875,'2012-10-22 12:15:44','2012-10-22 12:15:44'),(260,3,42,NULL,4,177.406000137329,'2012-10-22 12:18:42','2012-10-22 12:18:42'),(261,4,17,14,7,900.343999862671,'2012-10-22 12:19:23','2012-10-22 12:19:23'),(262,2,33,7,5,901.40700006485,'2012-10-22 12:24:37','2012-10-22 12:24:37'),(263,3,42,NULL,4,722.968999862671,'2012-10-22 12:30:45','2012-10-22 12:30:45'),(264,3,42,NULL,4,177.422000169754,'2012-10-22 12:33:42','2012-10-22 12:33:42'),(265,4,17,14,7,900.391000032425,'2012-10-22 12:34:21','2012-10-22 12:34:21'),(266,2,33,7,5,900.84299993515,'2012-10-22 12:39:37','2012-10-22 12:39:37'),(267,3,42,NULL,4,722.96799993515,'2012-10-22 12:45:45','2012-10-22 12:45:45'),(268,3,42,NULL,4,177.40700006485,'2012-10-22 12:48:43','2012-10-22 12:48:43'),(269,4,17,14,7,900.43700003624,'2012-10-22 12:49:20','2012-10-22 12:49:20'),(270,2,33,7,5,900.921999931335,'2012-10-22 12:54:39','2012-10-22 12:54:39'),(271,3,42,NULL,4,722.983999967575,'2012-10-22 13:00:46','2012-10-22 13:00:46'),(272,3,42,NULL,4,177.405999898911,'2012-10-22 13:03:43','2012-10-22 13:03:43'),(273,4,17,14,7,900.421999931335,'2012-10-22 13:04:20','2012-10-22 13:04:20'),(274,2,33,7,5,904.375,'2012-10-22 13:09:44','2012-10-22 13:09:44'),(275,3,42,NULL,4,722.891000032425,'2012-10-22 13:15:46','2012-10-22 13:15:46'),(276,3,42,NULL,4,177.516000032425,'2012-10-22 13:18:43','2012-10-22 13:18:43'),(277,4,17,14,7,900.391000032425,'2012-10-22 13:19:20','2012-10-22 13:19:20'),(278,2,33,7,5,904.610000133514,'2012-10-22 13:24:49','2012-10-22 13:24:49'),(279,3,42,NULL,4,722.858999967575,'2012-10-22 13:30:47','2012-10-22 13:30:47'),(280,3,42,NULL,4,177.421999931335,'2012-10-22 13:33:44','2012-10-22 13:33:44'),(281,4,17,14,7,900.405999898911,'2012-10-22 13:34:20','2012-10-22 13:34:20'),(282,2,33,7,5,903.68700003624,'2012-10-22 13:39:50','2012-10-22 13:39:50'),(283,3,42,NULL,4,722.984000205994,'2012-10-22 13:45:47','2012-10-22 13:45:47'),(284,3,42,NULL,4,177.375,'2012-10-22 13:48:45','2012-10-22 13:48:45'),(285,4,17,14,7,900.265000104904,'2012-10-22 13:49:20','2012-10-22 13:49:20'),(286,2,33,7,5,900.327999830246,'2012-10-22 13:54:50','2012-10-22 13:54:50'),(287,3,42,NULL,4,723.030999898911,'2012-10-22 14:00:48','2012-10-22 14:00:48'),(288,3,42,NULL,4,177.391000032425,'2012-10-22 14:03:45','2012-10-22 14:03:45'),(289,4,17,14,7,900.344000101089,'2012-10-22 14:04:20','2012-10-22 14:04:20'),(290,2,33,7,5,900.266000032425,'2012-10-22 14:09:50','2012-10-22 14:09:50'),(291,2,33,7,5,333.171999931335,'2012-10-22 14:15:23','2012-10-22 14:15:23'),(292,4,17,14,7,665.890999794006,'2012-10-22 14:15:26','2012-10-22 14:15:26'),(293,3,42,NULL,4,702.780999898911,'2012-10-22 14:15:28','2012-10-22 14:15:28'),(294,3,42,NULL,4,900,'2012-10-22 14:31:06','2012-10-22 14:31:06'),(295,2,33,7,5,900.328000068665,'2012-10-22 14:31:52','2012-10-22 14:31:52'),(296,4,17,14,7,900,'2012-10-22 14:32:52','2012-10-22 14:32:52'),(297,3,42,NULL,4,900.375,'2012-10-22 14:46:07','2012-10-22 14:46:07'),(298,2,33,7,5,901.218999862671,'2012-10-22 14:46:53','2012-10-22 14:46:53'),(299,4,17,14,7,900.327999830246,'2012-10-22 14:47:49','2012-10-22 14:47:49'),(300,3,42,NULL,4,900.405999898911,'2012-10-22 15:01:07','2012-10-22 15:01:07'),(301,2,33,7,5,900.233999967575,'2012-10-22 15:01:53','2012-10-22 15:01:53'),(302,4,17,14,7,900.25,'2012-10-22 15:02:49','2012-10-22 15:02:49'),(303,3,42,NULL,4,761.219000101089,'2012-10-22 15:13:48','2012-10-22 15:13:48'),(304,2,33,7,5,900.25,'2012-10-22 15:16:53','2012-10-22 15:16:53'),(305,4,17,14,7,900.344000101089,'2012-10-22 15:17:50','2012-10-22 15:17:50'),(306,2,33,7,5,101.485000133514,'2012-10-22 15:18:34','2012-10-22 15:18:34'),(307,4,17,14,7,205.343999862671,'2012-10-22 15:21:15','2012-10-22 15:21:15'),(308,3,42,NULL,4,900,'2012-10-23 07:40:26','2012-10-23 07:40:26'),(309,2,33,7,1,900,'2012-10-23 07:41:01','2012-10-23 07:41:01'),(310,4,17,14,7,900,'2012-10-23 07:41:42','2012-10-23 07:41:42'),(311,3,42,NULL,4,900.328000068665,'2012-10-23 07:55:26','2012-10-23 07:55:26'),(312,2,33,7,1,900.359999895096,'2012-10-23 07:56:01','2012-10-23 07:56:01'),(313,4,17,14,7,900.391000032425,'2012-10-23 07:56:42','2012-10-23 07:56:42'),(314,3,42,NULL,4,900.421999931335,'2012-10-23 08:10:26','2012-10-23 08:10:26'),(315,2,33,7,1,900.390000104904,'2012-10-23 08:11:01','2012-10-23 08:11:01'),(316,4,17,14,7,900.405999898911,'2012-10-23 08:11:42','2012-10-23 08:11:42'),(317,3,42,NULL,4,900.421999931335,'2012-10-23 08:25:27','2012-10-23 08:25:27'),(318,2,33,7,1,900.405999898911,'2012-10-23 08:26:01','2012-10-23 08:26:01'),(319,4,17,14,7,900.391000032425,'2012-10-23 08:26:43','2012-10-23 08:26:43'),(320,3,42,NULL,4,900.406000137329,'2012-10-23 08:40:27','2012-10-23 08:40:27'),(321,2,33,7,1,900.375,'2012-10-23 08:41:01','2012-10-23 08:41:01'),(322,4,17,14,7,900.421999931335,'2012-10-23 08:41:42','2012-10-23 08:41:42'),(323,3,42,NULL,4,900.405999898911,'2012-10-23 08:55:27','2012-10-23 08:55:27'),(324,2,33,7,1,900.40700006485,'2012-10-23 08:56:01','2012-10-23 08:56:01'),(325,4,17,14,7,900.422000169754,'2012-10-23 08:56:42','2012-10-23 08:56:42'),(326,3,42,NULL,4,900.391000032425,'2012-10-23 09:10:28','2012-10-23 09:10:28'),(327,2,33,7,1,900.327999830246,'2012-10-23 09:11:00','2012-10-23 09:11:00'),(328,4,17,14,7,900.389999866486,'2012-10-23 09:11:43','2012-10-23 09:11:43'),(329,2,33,7,1,478.281000137329,'2012-10-23 09:18:58','2012-10-23 09:18:58'),(330,3,42,NULL,4,900.421999931335,'2012-10-23 09:25:28','2012-10-23 09:25:28'),(331,2,33,6,1,418.18700003624,'2012-10-23 09:26:00','2012-10-23 09:26:00'),(332,4,17,14,7,900.40700006485,'2012-10-23 09:26:43','2012-10-23 09:26:43'),(333,2,33,6,1,481.81299996376,'2012-10-23 09:34:00','2012-10-23 09:34:00'),(334,3,42,NULL,4,900.421999931335,'2012-10-23 09:40:29','2012-10-23 09:40:29'),(335,2,33,6,1,418.531000137329,'2012-10-23 09:40:58','2012-10-23 09:40:58'),(336,4,17,14,7,900.375,'2012-10-23 09:41:43','2012-10-23 09:41:43'),(337,2,33,6,1,481.827999830246,'2012-10-23 09:48:59','2012-10-23 09:48:59'),(338,3,42,NULL,4,900.406000137329,'2012-10-23 09:55:29','2012-10-23 09:55:29'),(339,2,33,6,1,418.453000068665,'2012-10-23 09:55:58','2012-10-23 09:55:58'),(340,4,17,14,7,900.43700003624,'2012-10-23 09:56:43','2012-10-23 09:56:43'),(341,2,33,6,1,481.90700006485,'2012-10-23 10:03:59','2012-10-23 10:03:59'),(342,4,17,14,7,568.858999967575,'2012-10-23 10:06:11','2012-10-23 10:06:11'),(343,3,42,NULL,4,900.328000068665,'2012-10-23 10:10:29','2012-10-23 10:10:29'),(344,2,33,6,1,418.452999830246,'2012-10-23 10:10:58','2012-10-23 10:10:58'),(345,4,2,NULL,7,250.640999794006,'2012-10-23 10:11:42','2012-10-23 10:11:42'),(346,2,33,6,1,481.890000104904,'2012-10-23 10:18:59','2012-10-23 10:18:59'),(347,4,2,NULL,7,462.031000137329,'2012-10-23 10:19:24','2012-10-23 10:19:24'),(348,4,17,14,7,148.5,'2012-10-23 10:22:31','2012-10-23 10:22:31'),(349,3,42,NULL,4,900.421999931335,'2012-10-23 10:25:30','2012-10-23 10:25:30'),(350,2,33,6,1,418.43799996376,'2012-10-23 10:25:58','2012-10-23 10:25:58'),(351,4,17,14,7,250.968999862671,'2012-10-23 10:26:42','2012-10-23 10:26:42'),(352,2,33,6,1,481.906000137329,'2012-10-23 10:33:59','2012-10-23 10:33:59'),(353,4,17,14,7,500.546999931335,'2012-10-23 10:35:02','2012-10-23 10:35:02'),(354,4,17,14,7,148.890000104904,'2012-10-23 10:37:31','2012-10-23 10:37:31'),(355,3,42,NULL,4,900.375,'2012-10-23 10:40:30','2012-10-23 10:40:30'),(356,2,33,6,1,418.452999830246,'2012-10-23 10:40:58','2012-10-23 10:40:58'),(357,4,17,14,7,251.016000032425,'2012-10-23 10:41:42','2012-10-23 10:41:42'),(358,2,33,6,1,481.891000032425,'2012-10-23 10:49:00','2012-10-23 10:49:00'),(359,4,17,14,7,500.483999967575,'2012-10-23 10:50:02','2012-10-23 10:50:02'),(360,4,17,14,7,148.719000101089,'2012-10-23 10:52:30','2012-10-23 10:52:30'),(361,3,42,NULL,4,900.391000032425,'2012-10-23 10:55:30','2012-10-23 10:55:30'),(362,2,33,6,1,418.483999967575,'2012-10-23 10:55:58','2012-10-23 10:55:58'),(363,4,17,14,7,251.140999794006,'2012-10-23 10:56:41','2012-10-23 10:56:41'),(364,2,33,6,1,481.922000169754,'2012-10-23 11:04:00','2012-10-23 11:04:00'),(365,4,17,14,7,500.5,'2012-10-23 11:05:01','2012-10-23 11:05:01'),(366,4,17,14,7,148.75,'2012-10-23 11:07:30','2012-10-23 11:07:30'),(367,3,42,NULL,4,900.405999898911,'2012-10-23 11:10:31','2012-10-23 11:10:31'),(368,2,33,6,1,418.31299996376,'2012-10-23 11:10:58','2012-10-23 11:10:58'),(369,4,17,14,7,251.015000104904,'2012-10-23 11:11:41','2012-10-23 11:11:41'),(370,2,33,6,1,482.014999866486,'2012-10-23 11:19:00','2012-10-23 11:19:00'),(371,4,17,14,7,500.641000032425,'2012-10-23 11:20:01','2012-10-23 11:20:01'),(372,4,17,14,7,148.780999898911,'2012-10-23 11:22:30','2012-10-23 11:22:30'),(373,3,42,NULL,4,900.406000137329,'2012-10-23 11:25:31','2012-10-23 11:25:31'),(374,2,33,6,1,418.360000133514,'2012-10-23 11:25:58','2012-10-23 11:25:58'),(375,4,17,14,7,250.93799996376,'2012-10-23 11:26:41','2012-10-23 11:26:41'),(376,2,33,6,1,481.96799993515,'2012-10-23 11:34:00','2012-10-23 11:34:00'),(377,4,17,14,7,500.625,'2012-10-23 11:35:01','2012-10-23 11:35:01'),(378,4,17,14,7,148.828000068665,'2012-10-23 11:37:29','2012-10-23 11:37:29'),(379,3,42,NULL,4,906.171999931335,'2012-10-23 11:40:37','2012-10-23 11:40:37'),(380,2,33,6,1,418.25,'2012-10-23 11:40:58','2012-10-23 11:40:58'),(381,4,17,14,7,251,'2012-10-23 11:41:40','2012-10-23 11:41:40'),(382,2,33,6,1,481.984999895096,'2012-10-23 11:48:59','2012-10-23 11:48:59'),(383,4,17,14,7,500.56200003624,'2012-10-23 11:50:00','2012-10-23 11:50:00'),(384,4,17,14,7,148.796999931335,'2012-10-23 11:52:29','2012-10-23 11:52:29'),(385,3,42,NULL,4,900.421999931335,'2012-10-23 11:55:38','2012-10-23 11:55:38'),(386,2,33,6,1,418.422000169754,'2012-10-23 11:55:57','2012-10-23 11:55:57'),(387,4,17,14,7,251,'2012-10-23 11:56:40','2012-10-23 11:56:40'),(388,2,33,6,1,481.96799993515,'2012-10-23 12:03:59','2012-10-23 12:03:59'),(389,4,17,14,7,500.641000032425,'2012-10-23 12:05:01','2012-10-23 12:05:01'),(390,4,17,14,7,148.766000032425,'2012-10-23 12:07:29','2012-10-23 12:07:29'),(391,3,42,NULL,4,900.406000137329,'2012-10-23 12:10:38','2012-10-23 12:10:38'),(392,2,33,6,1,418.375,'2012-10-23 12:10:57','2012-10-23 12:10:57'),(393,4,17,14,7,250.905999898911,'2012-10-23 12:11:40','2012-10-23 12:11:40'),(394,2,33,6,1,482.016000032425,'2012-10-23 12:18:59','2012-10-23 12:18:59'),(395,4,17,14,7,500.734000205994,'2012-10-23 12:20:01','2012-10-23 12:20:01'),(396,4,17,14,7,148.765999794006,'2012-10-23 12:22:30','2012-10-23 12:22:30'),(397,3,42,NULL,4,900.405999898911,'2012-10-23 12:25:39','2012-10-23 12:25:39'),(398,2,33,6,1,418.405999898911,'2012-10-23 12:25:58','2012-10-23 12:25:58'),(399,4,17,14,7,250.906000137329,'2012-10-23 12:26:41','2012-10-23 12:26:41'),(400,2,33,6,1,481.953000068665,'2012-10-23 12:33:59','2012-10-23 12:33:59'),(401,4,17,14,7,500.733999967575,'2012-10-23 12:35:01','2012-10-23 12:35:01'),(402,4,17,14,7,148.766000032425,'2012-10-23 12:37:30','2012-10-23 12:37:30'),(403,3,42,NULL,4,900.40700006485,'2012-10-23 12:40:39','2012-10-23 12:40:39'),(404,2,33,6,1,418.453999996185,'2012-10-23 12:40:58','2012-10-23 12:40:58'),(405,4,17,14,7,250.921999931335,'2012-10-23 12:41:41','2012-10-23 12:41:41'),(406,2,33,6,1,481.905999898911,'2012-10-23 12:49:00','2012-10-23 12:49:00'),(407,4,17,14,7,500.703000068665,'2012-10-23 12:50:02','2012-10-23 12:50:02'),(408,4,17,14,7,148.766000032425,'2012-10-23 12:52:30','2012-10-23 12:52:30'),(409,3,42,NULL,4,900.405999898911,'2012-10-23 12:55:39','2012-10-23 12:55:39'),(410,2,33,6,1,418.469000101089,'2012-10-23 12:55:58','2012-10-23 12:55:58'),(411,4,17,14,7,250.921999931335,'2012-10-23 12:56:41','2012-10-23 12:56:41'),(412,2,33,6,1,481.905999898911,'2012-10-23 13:04:00','2012-10-23 13:04:00'),(413,4,17,14,7,500.733999967575,'2012-10-23 13:05:02','2012-10-23 13:05:02'),(414,4,17,14,7,148.733999967575,'2012-10-23 13:07:31','2012-10-23 13:07:31'),(415,3,42,NULL,4,900.421999931335,'2012-10-23 13:10:40','2012-10-23 13:10:40'),(416,2,33,6,1,418.469000101089,'2012-10-23 13:10:59','2012-10-23 13:10:59'),(417,2,33,6,1,8.375,'2012-10-23 13:11:07','2012-10-23 13:11:07'),(418,4,17,14,7,250.93799996376,'2012-10-23 13:11:41','2012-10-23 13:11:41'),(419,2,1,16,1,436.327999830246,'2012-10-23 13:19:01','2012-10-23 13:19:01'),(420,4,17,14,7,500.719000101089,'2012-10-23 13:20:02','2012-10-23 13:20:02'),(421,4,17,14,7,148.780999898911,'2012-10-23 13:22:31','2012-10-23 13:22:31'),(422,3,42,NULL,4,900.375,'2012-10-23 13:25:40','2012-10-23 13:25:40'),(423,2,1,16,1,418.344000101089,'2012-10-23 13:25:59','2012-10-23 13:25:59'),(424,4,17,14,7,250.922000169754,'2012-10-23 13:26:42','2012-10-23 13:26:42'),(425,2,1,16,1,45.3280000686646,'2012-10-23 13:26:44','2012-10-23 13:26:44'),(426,2,1,16,1,229.81200003624,'2012-10-23 13:30:34','2012-10-23 13:30:34'),(427,2,33,6,1,192.359000205994,'2012-10-23 13:34:01','2012-10-23 13:34:01'),(428,4,17,14,7,500.608999967575,'2012-10-23 13:35:03','2012-10-23 13:35:03'),(429,4,17,14,7,148.858999967575,'2012-10-23 13:37:31','2012-10-23 13:37:31'),(430,3,42,NULL,4,900.43700003624,'2012-10-23 13:40:40','2012-10-23 13:40:40'),(431,2,33,6,1,418.25,'2012-10-23 13:40:59','2012-10-23 13:40:59'),(432,4,17,14,7,250.90700006485,'2012-10-23 13:41:42','2012-10-23 13:41:42'),(433,2,33,6,1,45.5,'2012-10-23 13:41:44','2012-10-23 13:41:44'),(434,2,33,6,1,243.890999794006,'2012-10-23 13:45:47','2012-10-23 13:45:47'),(435,2,33,6,1,192.765000104904,'2012-10-23 13:49:00','2012-10-23 13:49:00'),(436,4,17,14,7,500.514999866486,'2012-10-23 13:50:03','2012-10-23 13:50:03'),(437,4,17,14,7,148.953000068665,'2012-10-23 13:52:32','2012-10-23 13:52:32'),(438,3,42,NULL,4,900.391000032425,'2012-10-23 13:55:41','2012-10-23 13:55:41'),(439,2,33,6,1,418.219000101089,'2012-10-23 13:55:58','2012-10-23 13:55:58'),(440,4,17,14,7,250.90700006485,'2012-10-23 13:56:43','2012-10-23 13:56:43'),(441,2,33,6,1,45.4689998626709,'2012-10-23 13:56:43','2012-10-23 13:56:43'),(442,2,33,6,1,243.875,'2012-10-23 14:00:47','2012-10-23 14:00:47'),(443,2,33,6,1,192.719000101089,'2012-10-23 14:03:59','2012-10-23 14:03:59'),(444,4,17,14,7,500.514999866486,'2012-10-23 14:05:03','2012-10-23 14:05:03'),(445,4,17,14,7,148.969000101089,'2012-10-23 14:07:32','2012-10-23 14:07:32'),(446,3,42,NULL,4,900.406000137329,'2012-10-23 14:10:41','2012-10-23 14:10:41'),(447,2,33,6,1,418.280999898911,'2012-10-23 14:10:57','2012-10-23 14:10:57'),(448,2,33,6,1,45.4839999675751,'2012-10-23 14:11:42','2012-10-23 14:11:42'),(449,4,17,14,7,250.905999898911,'2012-10-23 14:11:43','2012-10-23 14:11:43'),(450,2,33,6,1,243.875,'2012-10-23 14:15:46','2012-10-23 14:15:46'),(451,2,33,6,1,192.703000068665,'2012-10-23 14:18:59','2012-10-23 14:18:59'),(452,4,17,14,7,500.5,'2012-10-23 14:20:04','2012-10-23 14:20:04'),(453,4,17,14,7,148.969000101089,'2012-10-23 14:22:33','2012-10-23 14:22:33'),(454,3,42,NULL,4,900.375,'2012-10-23 14:25:42','2012-10-23 14:25:42'),(455,2,33,6,1,418.266000032425,'2012-10-23 14:25:57','2012-10-23 14:25:57'),(456,2,33,6,1,45.5,'2012-10-23 14:26:42','2012-10-23 14:26:42'),(457,4,17,14,7,250.905999898911,'2012-10-23 14:26:43','2012-10-23 14:26:43'),(458,2,33,6,1,243.953000068665,'2012-10-23 14:30:43','2012-10-23 14:30:43'),(459,2,33,6,1,192.609999895096,'2012-10-23 14:33:55','2012-10-23 14:33:55'),(460,4,17,14,7,500.5,'2012-10-23 14:35:04','2012-10-23 14:35:04'),(461,4,17,14,7,148.969000101089,'2012-10-23 14:37:33','2012-10-23 14:37:33'),(462,3,42,NULL,4,900.405999898911,'2012-10-23 14:40:42','2012-10-23 14:40:42'),(463,2,33,6,1,418.34299993515,'2012-10-23 14:40:53','2012-10-23 14:40:53'),(464,2,33,6,1,45.5160000324249,'2012-10-23 14:41:39','2012-10-23 14:41:39'),(465,4,17,14,7,250.905999898911,'2012-10-23 14:41:44','2012-10-23 14:41:44'),(466,2,33,6,1,243.93700003624,'2012-10-23 14:45:43','2012-10-23 14:45:43'),(467,2,33,6,1,192.594000101089,'2012-10-23 14:48:55','2012-10-23 14:48:55'),(468,4,17,14,7,500.5,'2012-10-23 14:50:04','2012-10-23 14:50:04'),(469,4,17,14,7,148.969000101089,'2012-10-23 14:52:33','2012-10-23 14:52:33'),(470,3,42,NULL,4,900.31299996376,'2012-10-23 14:55:42','2012-10-23 14:55:42'),(471,2,33,6,1,418.31299996376,'2012-10-23 14:55:53','2012-10-23 14:55:53'),(472,2,33,6,1,45.5929999351501,'2012-10-23 14:56:39','2012-10-23 14:56:39'),(473,4,17,14,7,250.891000032425,'2012-10-23 14:56:44','2012-10-23 14:56:44'),(474,2,33,6,1,243.921999931335,'2012-10-23 15:00:43','2012-10-23 15:00:43'),(475,2,33,6,1,192.610000133514,'2012-10-23 15:03:55','2012-10-23 15:03:55'),(476,4,17,14,7,500.5,'2012-10-23 15:05:05','2012-10-23 15:05:05'),(477,4,17,14,7,148.96799993515,'2012-10-23 15:07:34','2012-10-23 15:07:34'),(478,3,42,NULL,4,900.391000032425,'2012-10-23 15:10:42','2012-10-23 15:10:42'),(479,2,33,6,1,418.21799993515,'2012-10-23 15:10:53','2012-10-23 15:10:53'),(480,3,42,NULL,4,21.7650001049042,'2012-10-23 15:11:04','2012-10-23 15:11:04'),(481,2,33,6,1,45.625,'2012-10-23 15:11:39','2012-10-23 15:11:39'),(482,4,17,14,7,250.90700006485,'2012-10-23 15:11:45','2012-10-23 15:11:45'),(483,2,33,6,1,243.90700006485,'2012-10-23 15:15:43','2012-10-23 15:15:43'),(484,2,33,6,1,86.2339999675751,'2012-10-23 15:17:09','2012-10-23 15:17:09'),(485,4,17,14,7,500.483999967575,'2012-10-23 15:20:05','2012-10-23 15:20:05'),(486,4,17,14,7,148.968999862671,'2012-10-23 15:22:34','2012-10-23 15:22:34'),(487,4,17,14,7,250.922000169754,'2012-10-23 15:26:45','2012-10-23 15:26:45'),(488,4,17,14,7,69.1089999675751,'2012-10-23 15:27:54','2012-10-23 15:27:54'),(489,2,33,6,1,900,'2012-10-24 07:37:11','2012-10-24 07:37:11'),(490,3,42,NULL,4,900,'2012-10-24 07:38:35','2012-10-24 07:38:35'),(491,4,17,14,7,900,'2012-10-24 07:39:17','2012-10-24 07:39:17'),(492,2,33,6,1,900.406000137329,'2012-10-24 07:52:11','2012-10-24 07:52:11'),(493,3,42,NULL,4,900.405999898911,'2012-10-24 07:53:35','2012-10-24 07:53:35'),(494,4,17,14,7,900.421999931335,'2012-10-24 07:54:18','2012-10-24 07:54:18'),(495,2,33,6,1,900.359999895096,'2012-10-24 08:07:11','2012-10-24 08:07:11'),(496,3,42,NULL,4,900.391000032425,'2012-10-24 08:08:36','2012-10-24 08:08:36'),(497,4,17,14,7,900.375,'2012-10-24 08:09:18','2012-10-24 08:09:18'),(498,2,33,6,1,900.358999967575,'2012-10-24 08:22:11','2012-10-24 08:22:11'),(499,3,42,NULL,4,900.406000137329,'2012-10-24 08:23:36','2012-10-24 08:23:36'),(500,4,17,14,7,900.25,'2012-10-24 08:24:18','2012-10-24 08:24:18'),(501,2,33,6,1,900.391000032425,'2012-10-24 08:37:10','2012-10-24 08:37:10'),(502,3,42,NULL,4,900.421999931335,'2012-10-24 08:38:36','2012-10-24 08:38:36'),(503,4,17,14,7,900.358999967575,'2012-10-24 08:39:19','2012-10-24 08:39:19'),(504,2,33,6,1,900.421000003815,'2012-10-24 08:52:10','2012-10-24 08:52:10'),(505,3,42,NULL,4,900.328000068665,'2012-10-24 08:53:37','2012-10-24 08:53:37'),(506,4,17,14,7,900.375,'2012-10-24 08:54:19','2012-10-24 08:54:19'),(507,2,33,6,1,900.359999895096,'2012-10-24 09:07:10','2012-10-24 09:07:10'),(508,3,42,NULL,4,900.343999862671,'2012-10-24 09:08:37','2012-10-24 09:08:37'),(509,4,17,14,7,900.25,'2012-10-24 09:09:19','2012-10-24 09:09:19'),(510,3,42,NULL,4,801.969000101089,'2012-10-24 09:21:59','2012-10-24 09:21:59'),(511,2,33,6,1,900.390000104904,'2012-10-24 09:22:11','2012-10-24 09:22:11'),(512,4,17,14,7,900.360000133514,'2012-10-24 09:24:20','2012-10-24 09:24:20'),(513,2,33,6,1,900.391000032425,'2012-10-24 09:37:11','2012-10-24 09:37:11'),(514,4,17,14,7,900.358999967575,'2012-10-24 09:39:20','2012-10-24 09:39:20'),(515,2,33,6,1,900.43799996376,'2012-10-24 09:52:11','2012-10-24 09:52:11'),(516,4,17,14,7,900.375,'2012-10-24 09:54:21','2012-10-24 09:54:21'),(517,3,42,NULL,4,900.03200006485,'2012-10-24 09:59:34','2012-10-24 09:59:34'),(518,2,33,6,1,900.358999967575,'2012-10-24 10:07:11','2012-10-24 10:07:11'),(519,4,17,14,7,900.358999967575,'2012-10-24 10:09:21','2012-10-24 10:09:21'),(520,3,42,NULL,4,900.421999931335,'2012-10-24 10:14:34','2012-10-24 10:14:34'),(521,2,33,6,1,900.406000137329,'2012-10-24 10:22:10','2012-10-24 10:22:10'),(522,4,17,14,7,900.359999895096,'2012-10-24 10:24:21','2012-10-24 10:24:21'),(523,3,42,NULL,4,900.405999898911,'2012-10-24 10:29:34','2012-10-24 10:29:34'),(524,2,33,6,1,900.327999830246,'2012-10-24 10:37:09','2012-10-24 10:37:09'),(525,4,17,14,7,900.375,'2012-10-24 10:39:22','2012-10-24 10:39:22'),(526,3,42,NULL,4,900.406000137329,'2012-10-24 10:44:35','2012-10-24 10:44:35'),(527,2,33,6,1,876.391000032425,'2012-10-24 10:51:45','2012-10-24 10:51:45'),(528,4,17,14,7,900.359000205994,'2012-10-24 10:54:22','2012-10-24 10:54:22'),(529,3,42,NULL,4,900.405999898911,'2012-10-24 10:59:35','2012-10-24 10:59:35'),(530,4,17,14,7,900.359999895096,'2012-10-24 11:09:22','2012-10-24 11:09:22'),(531,3,42,NULL,4,900.43799996376,'2012-10-24 11:14:36','2012-10-24 11:14:36'),(532,2,33,6,1,900,'2012-10-24 11:16:14','2012-10-24 11:16:14'),(533,4,17,14,7,900.375,'2012-10-24 11:24:22','2012-10-24 11:24:22'),(534,3,42,NULL,4,900.422000169754,'2012-10-24 11:29:36','2012-10-24 11:29:36'),(535,2,33,6,1,900.358999967575,'2012-10-24 11:31:14','2012-10-24 11:31:14'),(536,3,42,NULL,4,548,'2012-10-24 11:38:44','2012-10-24 11:38:44'),(537,4,17,14,7,900.358999967575,'2012-10-24 11:39:21','2012-10-24 11:39:21'),(538,2,33,6,1,900.375,'2012-10-24 11:46:14','2012-10-24 11:46:14'),(539,4,17,14,7,900.375,'2012-10-24 11:54:22','2012-10-24 11:54:22'),(540,2,33,6,1,900.359999895096,'2012-10-24 12:01:14','2012-10-24 12:01:14'),(541,4,17,14,7,900.391000032425,'2012-10-24 12:09:22','2012-10-24 12:09:22'),(542,2,33,6,1,900.390000104904,'2012-10-24 12:16:14','2012-10-24 12:16:14'),(543,4,17,14,7,900.265000104904,'2012-10-24 12:24:22','2012-10-24 12:24:22'),(544,3,33,17,1,236.43799996376,'2012-10-24 12:28:14','2012-10-24 12:28:14'),(545,2,33,6,1,900.328999996185,'2012-10-24 12:31:12','2012-10-24 12:31:12'),(546,4,17,14,7,900.375,'2012-10-24 12:39:22','2012-10-24 12:39:22'),(547,3,42,NULL,7,2.31299996376038,'2012-10-24 12:40:28','2012-10-24 12:40:28'),(548,2,33,6,1,900.358999967575,'2012-10-24 12:46:11','2012-10-24 12:46:11'),(549,4,17,14,7,693.968999862671,'2012-10-24 12:50:55','2012-10-24 12:50:55'),(550,4,2,NULL,7,25.7820000648499,'2012-10-24 12:54:22','2012-10-24 12:54:22'),(551,3,33,17,1,868.734000205994,'2012-10-24 12:55:25','2012-10-24 12:55:25'),(552,3,33,17,1,31.2659997940063,'2012-10-24 12:55:56','2012-10-24 12:55:56'),(553,2,33,6,1,900.281000137329,'2012-10-24 13:01:11','2012-10-24 13:01:11'),(554,3,33,17,1,475.703000068665,'2012-10-24 13:03:52','2012-10-24 13:03:52'),(555,4,2,NULL,7,874.21799993515,'2012-10-24 13:08:55','2012-10-24 13:08:55'),(556,4,2,NULL,7,26.1879999637604,'2012-10-24 13:09:21','2012-10-24 13:09:21'),(557,3,42,NULL,7,369.921000003815,'2012-10-24 13:10:25','2012-10-24 13:10:25'),(558,3,42,NULL,7,31.3910000324249,'2012-10-24 13:10:57','2012-10-24 13:10:57'),(559,2,33,6,1,900.359999895096,'2012-10-24 13:16:11','2012-10-24 13:16:11'),(560,3,42,NULL,7,498.68799996376,'2012-10-24 13:19:15','2012-10-24 13:19:15'),(561,4,2,NULL,7,874.203000068665,'2012-10-24 13:23:54','2012-10-24 13:23:54'),(562,4,2,NULL,7,26.1410000324249,'2012-10-24 13:24:20','2012-10-24 13:24:20'),(563,3,42,NULL,7,370.358999967575,'2012-10-24 13:25:26','2012-10-24 13:25:26'),(564,3,42,NULL,7,31.375,'2012-10-24 13:25:57','2012-10-24 13:25:57'),(565,4,2,NULL,7,393.375,'2012-10-24 13:30:54','2012-10-24 13:30:54'),(566,2,33,6,1,900.375,'2012-10-24 13:31:09','2012-10-24 13:31:09'),(567,3,42,NULL,7,493.516000032425,'2012-10-24 13:34:11','2012-10-24 13:34:11'),(568,2,33,6,1,266.578000068665,'2012-10-24 13:35:35','2012-10-24 13:35:35'),(569,4,17,14,7,457.733999967575,'2012-10-24 13:38:54','2012-10-24 13:38:54'),(570,4,17,14,7,26.1870000362396,'2012-10-24 13:39:21','2012-10-24 13:39:21'),(571,3,33,17,1,350.75,'2012-10-24 13:40:26','2012-10-24 13:40:26'),(572,3,33,17,1,31.375,'2012-10-24 13:40:58','2012-10-24 13:40:58'),(573,2,33,6,2,623.421000003815,'2012-10-24 13:46:09','2012-10-24 13:46:09'),(574,4,17,14,7,416.078999996185,'2012-10-24 13:46:17','2012-10-24 13:46:17'),(575,3,33,17,1,517.875,'2012-10-24 13:49:35','2012-10-24 13:49:35'),(576,2,33,6,2,276.578999996185,'2012-10-24 13:50:46','2012-10-24 13:50:46'),(577,4,17,14,7,458.155999898911,'2012-10-24 13:53:55','2012-10-24 13:53:55'),(578,4,17,14,7,26.0150001049042,'2012-10-24 13:54:21','2012-10-24 13:54:21'),(579,3,33,17,1,351.094000101089,'2012-10-24 13:55:26','2012-10-24 13:55:26'),(580,3,33,17,1,31.4059998989105,'2012-10-24 13:55:58','2012-10-24 13:55:58'),(581,2,33,6,2,623.828000068665,'2012-10-24 14:01:10','2012-10-24 14:01:10'),(582,4,17,14,7,416.219000101089,'2012-10-24 14:01:16','2012-10-24 14:01:16'),(583,3,33,17,1,517.828000068665,'2012-10-24 14:04:36','2012-10-24 14:04:36'),(584,2,33,6,2,243.358999967575,'2012-10-24 14:05:13','2012-10-24 14:05:13'),(585,4,17,14,7,458.093999862671,'2012-10-24 14:08:54','2012-10-24 14:08:54'),(586,4,17,14,7,26.0310001373291,'2012-10-24 14:09:20','2012-10-24 14:09:20'),(587,3,33,17,1,351,'2012-10-24 14:10:27','2012-10-24 14:10:27'),(588,3,33,17,1,31.5,'2012-10-24 14:10:58','2012-10-24 14:10:58'),(589,4,17,14,7,416.218999862671,'2012-10-24 14:16:16','2012-10-24 14:16:16'),(590,3,33,17,1,517.921999931335,'2012-10-24 14:19:36','2012-10-24 14:19:36'),(591,4,17,14,7,458.108999967575,'2012-10-24 14:23:54','2012-10-24 14:23:54'),(592,4,17,14,7,26.0320000648499,'2012-10-24 14:24:20','2012-10-24 14:24:20'),(593,3,33,17,1,350.922000169754,'2012-10-24 14:25:27','2012-10-24 14:25:27'),(594,3,33,17,1,31.5149998664856,'2012-10-24 14:25:58','2012-10-24 14:25:58'),(595,4,17,14,7,416.280999898911,'2012-10-24 14:31:16','2012-10-24 14:31:16'),(596,3,33,17,1,517.969000101089,'2012-10-24 14:34:36','2012-10-24 14:34:36'),(597,4,17,14,7,458.06200003624,'2012-10-24 14:38:53','2012-10-24 14:38:53'),(598,3,33,17,1,260.641000032425,'2012-10-24 14:38:57','2012-10-24 14:38:57'),(599,4,17,14,7,26.0629999637604,'2012-10-24 14:39:19','2012-10-24 14:39:19'),(600,4,17,14,7,416.203000068665,'2012-10-24 14:46:15','2012-10-24 14:46:15'),(601,4,17,14,7,458.156000137329,'2012-10-24 14:53:53','2012-10-24 14:53:53'),(602,4,17,14,7,26.0309998989105,'2012-10-24 14:54:19','2012-10-24 14:54:19'),(603,4,17,14,7,416.15700006485,'2012-10-24 15:01:15','2012-10-24 15:01:15'),(604,4,17,14,7,458.202999830246,'2012-10-24 15:08:53','2012-10-24 15:08:53'),(605,4,17,14,7,26.0310001373291,'2012-10-24 15:09:19','2012-10-24 15:09:19'),(606,4,17,14,7,416.06299996376,'2012-10-24 15:16:15','2012-10-24 15:16:15'),(607,4,17,14,7,137.328000068665,'2012-10-24 15:18:32','2012-10-24 15:18:32'),(608,3,33,17,1,900,'2012-10-25 07:35:26','2012-10-25 07:35:26'),(609,3,33,17,1,900.389999866486,'2012-10-25 07:50:27','2012-10-25 07:50:27'),(610,3,33,17,1,900.391000032425,'2012-10-25 08:05:27','2012-10-25 08:05:27'),(611,3,33,17,1,900.406000137329,'2012-10-25 08:20:27','2012-10-25 08:20:27'),(612,3,33,17,1,900.327999830246,'2012-10-25 08:35:28','2012-10-25 08:35:28'),(613,3,33,17,1,900.328000068665,'2012-10-25 08:50:28','2012-10-25 08:50:28'),(614,3,33,17,1,900.40700006485,'2012-10-25 09:05:28','2012-10-25 09:05:28'),(615,2,33,6,17,900,'2012-10-25 09:12:15','2012-10-25 09:12:15'),(616,3,33,17,1,900.405999898911,'2012-10-25 09:20:29','2012-10-25 09:20:29'),(617,2,33,6,17,900.375,'2012-10-25 09:27:16','2012-10-25 09:27:16'),(618,3,33,17,1,900.375,'2012-10-25 09:35:29','2012-10-25 09:35:29'),(619,4,17,14,7,900,'2012-10-25 09:36:34','2012-10-25 09:36:34'),(620,2,33,6,17,900.390999794006,'2012-10-25 09:42:16','2012-10-25 09:42:16'),(621,3,33,17,1,900.391000032425,'2012-10-25 09:50:30','2012-10-25 09:50:30'),(622,4,17,14,7,900.405999898911,'2012-10-25 09:51:35','2012-10-25 09:51:35'),(623,2,33,6,17,900.344000101089,'2012-10-25 09:57:16','2012-10-25 09:57:16'),(624,3,33,17,1,900.405999898911,'2012-10-25 10:05:30','2012-10-25 10:05:30'),(625,4,17,14,7,900.375,'2012-10-25 10:06:29','2012-10-25 10:06:29'),(626,4,17,14,7,329.625,'2012-10-25 10:11:59','2012-10-25 10:11:59'),(627,2,33,6,17,900.358999967575,'2012-10-25 10:12:16','2012-10-25 10:12:16'),(628,2,33,6,17,29.9370000362396,'2012-10-25 10:12:46','2012-10-25 10:12:46'),(629,3,33,17,1,900.31200003624,'2012-10-25 10:20:30','2012-10-25 10:20:30'),(630,2,33,6,2,864.078999996185,'2012-10-25 10:27:16','2012-10-25 10:27:16'),(631,2,33,6,2,35.9210000038147,'2012-10-25 10:27:52','2012-10-25 10:27:52'),(632,3,33,17,1,900.391000032425,'2012-10-25 10:35:31','2012-10-25 10:35:31'),(633,4,17,14,7,900.015000104904,'2012-10-25 10:40:07','2012-10-25 10:40:07'),(634,2,33,6,2,864.344000101089,'2012-10-25 10:42:15','2012-10-25 10:42:15'),(635,2,33,6,2,35.9849998950958,'2012-10-25 10:42:51','2012-10-25 10:42:51'),(636,3,33,17,1,900.421999931335,'2012-10-25 10:50:31','2012-10-25 10:50:31'),(637,4,17,14,7,900.359999895096,'2012-10-25 10:55:07','2012-10-25 10:55:07'),(638,2,33,6,2,864.43700003624,'2012-10-25 10:57:15','2012-10-25 10:57:15'),(639,2,33,6,2,35.9839999675751,'2012-10-25 10:57:51','2012-10-25 10:57:51'),(640,3,33,17,1,900.328000068665,'2012-10-25 11:05:31','2012-10-25 11:05:31'),(641,4,17,14,7,900.390000104904,'2012-10-25 11:10:05','2012-10-25 11:10:05'),(642,2,33,6,2,864.40700006485,'2012-10-25 11:12:16','2012-10-25 11:12:16'),(643,2,33,6,2,35.9839999675751,'2012-10-25 11:12:52','2012-10-25 11:12:52'),(644,3,33,17,1,900.406000137329,'2012-10-25 11:20:32','2012-10-25 11:20:32'),(645,4,17,14,7,900.390999794006,'2012-10-25 11:25:02','2012-10-25 11:25:02'),(646,2,33,6,2,864.375,'2012-10-25 11:27:16','2012-10-25 11:27:16'),(647,2,33,6,2,35.9839999675751,'2012-10-25 11:27:52','2012-10-25 11:27:52'),(648,3,33,17,1,900.421999931335,'2012-10-25 11:35:32','2012-10-25 11:35:32'),(649,4,17,14,7,900.25,'2012-10-25 11:39:59','2012-10-25 11:39:59'),(650,2,33,6,2,864.391000032425,'2012-10-25 11:42:16','2012-10-25 11:42:16'),(651,2,33,6,2,35.875,'2012-10-25 11:42:52','2012-10-25 11:42:52'),(652,3,33,17,1,900.391000032425,'2012-10-25 11:50:32','2012-10-25 11:50:32'),(653,4,17,14,7,900.422000169754,'2012-10-25 11:54:54','2012-10-25 11:54:54'),(654,2,33,6,2,864.483999967575,'2012-10-25 11:57:17','2012-10-25 11:57:17'),(655,2,33,6,2,35.875,'2012-10-25 11:57:53','2012-10-25 11:57:53'),(656,3,33,17,1,900.280999898911,'2012-10-25 12:05:33','2012-10-25 12:05:33'),(657,4,17,14,7,900.25,'2012-10-25 12:09:49','2012-10-25 12:09:49'),(658,2,33,6,2,864.484999895096,'2012-10-25 12:12:17','2012-10-25 12:12:17'),(659,2,33,6,2,35.875,'2012-10-25 12:12:53','2012-10-25 12:12:53'),(660,3,33,17,1,900.421999931335,'2012-10-25 12:20:33','2012-10-25 12:20:33'),(661,4,17,14,7,900.43700003624,'2012-10-25 12:24:44','2012-10-25 12:24:44'),(662,2,33,6,2,864.5,'2012-10-25 12:27:18','2012-10-25 12:27:18'),(663,2,33,6,2,35.875,'2012-10-25 12:27:53','2012-10-25 12:27:53'),(664,3,33,17,1,900.390000104904,'2012-10-25 12:35:33','2012-10-25 12:35:33'),(665,4,17,14,7,900.31299996376,'2012-10-25 12:39:40','2012-10-25 12:39:40'),(666,2,33,6,2,864.484000205994,'2012-10-25 12:42:18','2012-10-25 12:42:18'),(667,2,33,6,2,35.7659997940063,'2012-10-25 12:42:54','2012-10-25 12:42:54'),(668,3,33,17,1,900.43799996376,'2012-10-25 12:50:34','2012-10-25 12:50:34'),(669,4,17,14,7,900.405999898911,'2012-10-25 12:54:34','2012-10-25 12:54:34'),(670,2,33,6,2,864.484000205994,'2012-10-25 12:57:17','2012-10-25 12:57:17'),(671,2,33,6,2,35.875,'2012-10-25 12:57:52','2012-10-25 12:57:52'),(672,3,33,17,1,900.296999931335,'2012-10-25 13:05:34','2012-10-25 13:05:34'),(673,4,17,14,7,900.31200003624,'2012-10-25 13:09:28','2012-10-25 13:09:28'),(674,2,33,6,2,864.515999794006,'2012-10-25 13:12:16','2012-10-25 13:12:16'),(675,2,33,6,2,35.922000169754,'2012-10-25 13:12:51','2012-10-25 13:12:51'),(676,3,33,17,1,900.406000137329,'2012-10-25 13:20:34','2012-10-25 13:20:34'),(677,4,17,14,7,900.421999931335,'2012-10-25 13:24:24','2012-10-25 13:24:24'),(678,2,33,6,2,864.327999830246,'2012-10-25 13:27:14','2012-10-25 13:27:14'),(679,2,33,6,2,36.1090002059937,'2012-10-25 13:27:50','2012-10-25 13:27:50'),(680,3,33,17,1,700.858999967575,'2012-10-25 13:32:15','2012-10-25 13:32:15'),(681,2,33,6,2,403.484999895096,'2012-10-25 13:34:33','2012-10-25 13:34:33'),(682,3,42,NULL,7,171.155999898911,'2012-10-25 13:35:35','2012-10-25 13:35:35'),(683,4,17,14,7,900.25,'2012-10-25 13:39:18','2012-10-25 13:39:18'),(684,2,33,6,17,455.171000003815,'2012-10-25 13:42:11','2012-10-25 13:42:11'),(685,2,33,6,17,36.0940001010895,'2012-10-25 13:42:47','2012-10-25 13:42:47'),(686,3,42,NULL,7,728.844000101089,'2012-10-25 13:47:43','2012-10-25 13:47:43'),(687,2,33,6,17,408.75,'2012-10-25 13:49:34','2012-10-25 13:49:34'),(688,3,42,NULL,7,171.530999898911,'2012-10-25 13:50:35','2012-10-25 13:50:35'),(689,4,17,14,7,900.344000101089,'2012-10-25 13:54:12','2012-10-25 13:54:12'),(690,2,33,6,17,455.577999830246,'2012-10-25 13:57:07','2012-10-25 13:57:07'),(691,2,33,6,17,36.1100001335144,'2012-10-25 13:57:43','2012-10-25 13:57:43'),(692,3,42,NULL,7,728.859000205994,'2012-10-25 14:02:44','2012-10-25 14:02:44'),(693,2,33,6,17,408.639999866486,'2012-10-25 14:04:29','2012-10-25 14:04:29'),(694,3,42,NULL,7,171.5,'2012-10-25 14:05:35','2012-10-25 14:05:35'),(695,4,17,14,7,900.328000068665,'2012-10-25 14:09:05','2012-10-25 14:09:05'),(696,2,33,6,17,455.68799996376,'2012-10-25 14:12:02','2012-10-25 14:12:02'),(697,2,33,6,17,36.0310001373291,'2012-10-25 14:12:38','2012-10-25 14:12:38'),(698,3,42,NULL,7,522.125,'2012-10-25 14:14:17','2012-10-25 14:14:17'),(699,3,33,17,1,184.56200003624,'2012-10-25 14:17:44','2012-10-25 14:17:44'),(700,2,33,6,17,408.625,'2012-10-25 14:19:26','2012-10-25 14:19:26'),(701,3,33,17,1,171.391000032425,'2012-10-25 14:20:35','2012-10-25 14:20:35'),(702,4,17,14,7,823.171999931335,'2012-10-25 14:24:00','2012-10-25 14:24:00'),(703,2,33,6,17,279.68799996376,'2012-10-25 14:24:05','2012-10-25 14:24:05'),(704,2,33,6,2,84.7339999675751,'2012-10-25 14:27:01','2012-10-25 14:27:01'),(705,2,33,6,2,36.1089999675751,'2012-10-25 14:27:37','2012-10-25 14:27:37'),(706,3,33,17,1,544.06200003624,'2012-10-25 14:29:40','2012-10-25 14:29:40'),(707,3,33,17,1,184.952999830246,'2012-10-25 14:32:44','2012-10-25 14:32:44'),(708,2,33,6,2,408.516000032425,'2012-10-25 14:34:25','2012-10-25 14:34:25'),(709,3,33,17,1,171.391000032425,'2012-10-25 14:35:36','2012-10-25 14:35:36'),(710,4,17,14,7,900.280999898911,'2012-10-25 14:38:54','2012-10-25 14:38:54'),(711,2,33,6,2,370.641000032425,'2012-10-25 14:40:35','2012-10-25 14:40:35'),(712,2,33,6,2,85.125,'2012-10-25 14:42:01','2012-10-25 14:42:01'),(713,2,33,6,2,36.125,'2012-10-25 14:42:37','2012-10-25 14:42:37'),(714,3,33,17,1,543.93700003624,'2012-10-25 14:44:40','2012-10-25 14:44:40'),(715,3,33,17,1,185,'2012-10-25 14:47:45','2012-10-25 14:47:45'),(716,2,33,6,2,408.530999898911,'2012-10-25 14:49:25','2012-10-25 14:49:25'),(717,3,33,17,1,171.421999931335,'2012-10-25 14:50:36','2012-10-25 14:50:36'),(718,4,17,14,7,900.344000101089,'2012-10-25 14:53:53','2012-10-25 14:53:53'),(719,2,33,6,2,370.547000169754,'2012-10-25 14:55:36','2012-10-25 14:55:36'),(720,2,33,6,2,85.2179999351501,'2012-10-25 14:57:01','2012-10-25 14:57:01'),(721,2,33,6,2,36.0940001010895,'2012-10-25 14:57:37','2012-10-25 14:57:37'),(722,3,33,17,1,543.969000101089,'2012-10-25 14:59:40','2012-10-25 14:59:40'),(723,3,33,17,1,184.953000068665,'2012-10-25 15:02:45','2012-10-25 15:02:45'),(724,2,33,6,2,408.405999898911,'2012-10-25 15:04:25','2012-10-25 15:04:25'),(725,3,33,17,1,171.515999794006,'2012-10-25 15:05:36','2012-10-25 15:05:36'),(726,4,17,14,7,900.421999931335,'2012-10-25 15:08:52','2012-10-25 15:08:52'),(727,2,33,6,2,370.641000032425,'2012-10-25 15:10:35','2012-10-25 15:10:35'),(728,2,33,6,2,85.2030000686646,'2012-10-25 15:12:01','2012-10-25 15:12:01'),(729,2,33,6,2,36.1099998950958,'2012-10-25 15:12:37','2012-10-25 15:12:37'),(730,3,33,17,1,543.922000169754,'2012-10-25 15:14:40','2012-10-25 15:14:40'),(731,3,33,17,1,184.96799993515,'2012-10-25 15:17:45','2012-10-25 15:17:45'),(732,2,33,6,2,408.390000104904,'2012-10-25 15:19:24','2012-10-25 15:19:24'),(733,2,33,6,2,16.7969999313354,'2012-10-25 15:19:41','2012-10-25 15:19:41'),(734,3,33,17,1,171.5,'2012-10-25 15:20:37','2012-10-25 15:20:37'),(735,4,17,14,7,900.391000032425,'2012-10-25 15:23:51','2012-10-25 15:23:51'),(736,3,33,17,1,343.453999996185,'2012-10-25 15:26:20','2012-10-25 15:26:20'),(737,4,17,14,7,344.34299993515,'2012-10-25 15:29:35','2012-10-25 15:29:35'),(738,4,17,14,4,900,'2012-10-26 07:21:40','2012-10-26 07:21:40'),(739,3,33,17,1,900,'2012-10-26 07:22:30','2012-10-26 07:22:30'),(740,4,17,14,4,900.43799996376,'2012-10-26 07:36:38','2012-10-26 07:36:38'),(741,3,33,17,1,900.391000032425,'2012-10-26 07:37:30','2012-10-26 07:37:30'),(742,2,33,6,2,900,'2012-10-26 07:49:46','2012-10-26 07:49:46'),(743,4,17,14,4,900.421999931335,'2012-10-26 07:51:35','2012-10-26 07:51:35'),(744,3,33,17,1,900.405999898911,'2012-10-26 07:52:30','2012-10-26 07:52:30'),(745,2,33,6,2,900.405999898911,'2012-10-26 08:04:44','2012-10-26 08:04:44'),(746,4,17,14,4,900.281000137329,'2012-10-26 08:06:30','2012-10-26 08:06:30'),(747,3,33,17,1,900.391000032425,'2012-10-26 08:07:31','2012-10-26 08:07:31'),(748,2,33,6,2,900.328999996185,'2012-10-26 08:19:40','2012-10-26 08:19:40'),(749,4,17,14,4,900.375,'2012-10-26 08:21:24','2012-10-26 08:21:24'),(750,3,33,17,1,900.391000032425,'2012-10-26 08:22:31','2012-10-26 08:22:31'),(751,2,33,6,2,900.375,'2012-10-26 08:34:41','2012-10-26 08:34:41'),(752,4,17,14,4,900.233999967575,'2012-10-26 08:36:19','2012-10-26 08:36:19'),(753,3,33,17,1,900.390000104904,'2012-10-26 08:37:31','2012-10-26 08:37:31'),(754,2,33,6,2,900.405999898911,'2012-10-26 08:49:41','2012-10-26 08:49:41'),(755,4,17,14,4,900.421999931335,'2012-10-26 08:51:14','2012-10-26 08:51:14'),(756,3,33,17,1,900.343999862671,'2012-10-26 08:52:32','2012-10-26 08:52:32'),(757,2,33,6,2,900.359000205994,'2012-10-26 09:04:41','2012-10-26 09:04:41'),(758,4,17,14,4,900.235000133514,'2012-10-26 09:06:09','2012-10-26 09:06:09'),(759,3,33,17,1,900.421999931335,'2012-10-26 09:07:32','2012-10-26 09:07:32'),(760,2,33,6,2,900.43799996376,'2012-10-26 09:19:41','2012-10-26 09:19:41'),(761,4,17,14,4,900.375,'2012-10-26 09:21:04','2012-10-26 09:21:04'),(762,3,33,17,1,900.406000137329,'2012-10-26 09:22:32','2012-10-26 09:22:32'),(763,2,33,6,2,900.31200003624,'2012-10-26 09:34:41','2012-10-26 09:34:41'),(764,4,17,14,4,900.375,'2012-10-26 09:35:59','2012-10-26 09:35:59'),(765,3,33,17,1,900.391000032425,'2012-10-26 09:37:33','2012-10-26 09:37:33'),(766,2,33,6,2,900.421999931335,'2012-10-26 09:49:41','2012-10-26 09:49:41'),(767,4,17,14,4,900.327999830246,'2012-10-26 09:50:53','2012-10-26 09:50:53'),(768,3,33,17,1,900.421999931335,'2012-10-26 09:52:33','2012-10-26 09:52:33'),(769,2,33,6,2,900.343999862671,'2012-10-26 10:04:40','2012-10-26 10:04:40'),(770,4,17,14,4,900.297000169754,'2012-10-26 10:05:49','2012-10-26 10:05:49'),(771,3,33,17,1,900.390000104904,'2012-10-26 10:07:34','2012-10-26 10:07:34'),(772,2,33,6,2,900.375,'2012-10-26 10:19:38','2012-10-26 10:19:38'),(773,4,17,14,4,900.405999898911,'2012-10-26 10:20:44','2012-10-26 10:20:44'),(774,3,33,17,1,900.421999931335,'2012-10-26 10:22:34','2012-10-26 10:22:34'),(775,2,33,6,2,900.375,'2012-10-26 10:34:39','2012-10-26 10:34:39'),(776,4,17,14,4,900.358999967575,'2012-10-26 10:35:39','2012-10-26 10:35:39'),(777,3,33,17,1,900.405999898911,'2012-10-26 10:37:34','2012-10-26 10:37:34'),(778,2,33,6,2,900.375,'2012-10-26 10:49:39','2012-10-26 10:49:39'),(779,4,17,14,4,900.28200006485,'2012-10-26 10:50:34','2012-10-26 10:50:34'),(780,3,33,17,1,900.31299996376,'2012-10-26 10:52:35','2012-10-26 10:52:35'),(781,2,33,6,2,900.390000104904,'2012-10-26 11:04:36','2012-10-26 11:04:36'),(782,4,17,14,4,823.21799993515,'2012-10-26 11:05:29','2012-10-26 11:05:29'),(783,3,33,17,1,900.31200003624,'2012-10-26 11:07:35','2012-10-26 11:07:35'),(784,2,33,6,2,900.359999895096,'2012-10-26 11:19:36','2012-10-26 11:19:36'),(785,4,17,14,4,900.25,'2012-10-26 11:20:24','2012-10-26 11:20:24'),(786,3,33,17,1,900.391000032425,'2012-10-26 11:22:35','2012-10-26 11:22:35'),(787,2,33,6,2,900.406000137329,'2012-10-26 11:34:36','2012-10-26 11:34:36'),(788,4,17,14,4,900.328000068665,'2012-10-26 11:35:19','2012-10-26 11:35:19'),(789,3,33,17,1,900.421999931335,'2012-10-26 11:37:36','2012-10-26 11:37:36'),(790,2,33,6,2,838.203000068665,'2012-10-26 11:49:37','2012-10-26 11:49:37'),(791,4,17,14,4,900.421999931335,'2012-10-26 11:50:13','2012-10-26 11:50:13'),(792,3,33,17,1,900.375,'2012-10-26 11:52:36','2012-10-26 11:52:36'),(793,2,33,6,2,900.390999794006,'2012-10-26 12:04:37','2012-10-26 12:04:37'),(794,4,17,14,4,900.360000133514,'2012-10-26 12:05:07','2012-10-26 12:05:07'),(795,3,33,17,1,900.406000137329,'2012-10-26 12:07:36','2012-10-26 12:07:36'),(796,2,33,6,2,900.43700003624,'2012-10-26 12:19:37','2012-10-26 12:19:37'),(797,4,17,14,4,900.34299993515,'2012-10-26 12:20:02','2012-10-26 12:20:02'),(798,3,33,17,1,900.343999862671,'2012-10-26 12:22:37','2012-10-26 12:22:37'),(799,2,33,6,2,900.40700006485,'2012-10-26 12:34:37','2012-10-26 12:34:37'),(800,4,17,14,4,900.391000032425,'2012-10-26 12:35:01','2012-10-26 12:35:01'),(801,3,33,17,1,873.031000137329,'2012-10-26 12:37:10','2012-10-26 12:37:10'),(802,2,33,6,2,900.34299993515,'2012-10-26 12:49:37','2012-10-26 12:49:37'),(803,4,17,14,4,900.43799996376,'2012-10-26 12:49:58','2012-10-26 12:49:58'),(804,3,42,NULL,7,900,'2012-10-26 12:52:46','2012-10-26 12:52:46'),(805,2,33,6,2,900.391000032425,'2012-10-26 13:04:38','2012-10-26 13:04:38'),(806,4,17,14,4,900.328000068665,'2012-10-26 13:04:58','2012-10-26 13:04:58'),(807,3,42,NULL,7,900.219000101089,'2012-10-26 13:07:46','2012-10-26 13:07:46'),(808,2,33,6,2,900.391000032425,'2012-10-26 13:19:38','2012-10-26 13:19:38'),(809,4,17,14,4,900.375,'2012-10-26 13:19:58','2012-10-26 13:19:58'),(810,3,42,NULL,7,900.43700003624,'2012-10-26 13:22:47','2012-10-26 13:22:47'),(811,2,33,6,2,900.358999967575,'2012-10-26 13:34:38','2012-10-26 13:34:38'),(812,4,17,14,4,900.375,'2012-10-26 13:34:55','2012-10-26 13:34:55'),(813,3,42,NULL,7,900.390999794006,'2012-10-26 13:37:47','2012-10-26 13:37:47'),(814,2,33,6,2,900.375,'2012-10-26 13:49:39','2012-10-26 13:49:39'),(815,4,17,14,4,900.358999967575,'2012-10-26 13:49:50','2012-10-26 13:49:50'),(816,3,42,NULL,7,900.422000169754,'2012-10-26 13:52:47','2012-10-26 13:52:47'),(817,2,33,6,2,900.375,'2012-10-26 14:04:39','2012-10-26 14:04:39'),(818,4,17,14,4,900.25,'2012-10-26 14:04:47','2012-10-26 14:04:47'),(819,3,42,NULL,7,900.375,'2012-10-26 14:07:48','2012-10-26 14:07:48'),(820,4,17,14,4,473.405999898911,'2012-10-26 14:12:40','2012-10-26 14:12:40'),(821,2,33,6,2,900.358999967575,'2012-10-26 14:19:40','2012-10-26 14:19:40'),(822,4,17,13,7,408.890000104904,'2012-10-26 14:19:45','2012-10-26 14:19:45'),(823,3,42,NULL,7,900.375,'2012-10-26 14:22:48','2012-10-26 14:22:48'),(824,4,17,13,7,491.109999895096,'2012-10-26 14:27:56','2012-10-26 14:27:56'),(825,2,33,6,2,900.375,'2012-10-26 14:34:40','2012-10-26 14:34:40'),(826,4,17,13,7,409.296000003815,'2012-10-26 14:34:44','2012-10-26 14:34:44'),(827,3,42,NULL,7,900.327999830246,'2012-10-26 14:37:48','2012-10-26 14:37:48'),(828,4,17,13,7,491.094000101089,'2012-10-26 14:42:54','2012-10-26 14:42:54'),(829,2,33,6,2,900.391000032425,'2012-10-26 14:49:40','2012-10-26 14:49:40'),(830,4,17,13,7,409.125,'2012-10-26 14:49:42','2012-10-26 14:49:42'),(831,3,42,NULL,7,900.406000137329,'2012-10-26 14:52:48','2012-10-26 14:52:48'),(832,4,17,13,7,491.25,'2012-10-26 14:57:53','2012-10-26 14:57:53'),(833,2,33,6,2,900.375,'2012-10-26 15:04:41','2012-10-26 15:04:41'),(834,4,17,13,7,409.155999898911,'2012-10-26 15:04:42','2012-10-26 15:04:42'),(835,3,42,NULL,7,900.43799996376,'2012-10-26 15:07:49','2012-10-26 15:07:49'),(836,4,17,13,7,491.25,'2012-10-26 15:12:52','2012-10-26 15:12:52'),(837,3,42,NULL,7,429.828000068665,'2012-10-26 15:14:59','2012-10-26 15:14:59'),(838,2,33,6,2,654.719000101089,'2012-10-26 15:15:35','2012-10-26 15:15:35'),(839,4,17,13,7,409.109999895096,'2012-10-26 15:19:39','2012-10-26 15:19:39'),(840,4,17,13,7,491.234000205994,'2012-10-26 15:27:50','2012-10-26 15:27:50'),(841,4,17,13,7,409.125,'2012-10-26 15:34:38','2012-10-26 15:34:38'),(842,4,17,13,7,491.31299996376,'2012-10-26 15:42:49','2012-10-26 15:42:49'),(843,4,17,13,7,409.09299993515,'2012-10-26 15:49:37','2012-10-26 15:49:37'),(844,4,17,13,7,270.594000101089,'2012-10-26 15:54:07','2012-10-26 15:54:07'),(845,3,42,NULL,7,900.015000104904,'2012-10-29 07:22:30','2012-10-29 07:22:30'),(846,2,33,6,2,900,'2012-10-29 07:27:45','2012-10-29 07:27:45'),(847,4,17,13,7,900.015999794006,'2012-10-29 07:30:04','2012-10-29 07:30:04'),(848,3,42,NULL,7,900.452999830246,'2012-10-29 07:37:30','2012-10-29 07:37:30'),(849,2,33,6,2,900.405999898911,'2012-10-29 07:42:45','2012-10-29 07:42:45'),(850,4,17,13,7,900.344000101089,'2012-10-29 07:45:02','2012-10-29 07:45:02'),(851,3,42,NULL,7,900.375,'2012-10-29 07:52:30','2012-10-29 07:52:30'),(852,2,33,6,2,900.406000137329,'2012-10-29 07:57:45','2012-10-29 07:57:45'),(853,2,33,6,2,117.093999862671,'2012-10-29 07:59:42','2012-10-29 07:59:42'),(854,4,17,13,7,900.421000003815,'2012-10-29 08:00:00','2012-10-29 08:00:00'),(855,3,42,NULL,7,900.40700006485,'2012-10-29 08:07:31','2012-10-29 08:07:31'),(856,2,33,7,5,770.952999830246,'2012-10-29 08:12:45','2012-10-29 08:12:45'),(857,2,33,7,5,129.047000169754,'2012-10-29 08:14:54','2012-10-29 08:14:54'),(858,4,17,13,7,900.359999895096,'2012-10-29 08:14:58','2012-10-29 08:14:58'),(859,3,42,NULL,7,900.280999898911,'2012-10-29 08:22:31','2012-10-29 08:22:31'),(860,2,33,7,5,771.327999830246,'2012-10-29 08:27:46','2012-10-29 08:27:46'),(861,4,17,13,7,900.390000104904,'2012-10-29 08:29:54','2012-10-29 08:29:54'),(862,2,33,7,5,129.047000169754,'2012-10-29 08:29:55','2012-10-29 08:29:55'),(863,3,42,NULL,7,900.390000104904,'2012-10-29 08:37:31','2012-10-29 08:37:31'),(864,2,33,7,5,771.31200003624,'2012-10-29 08:42:46','2012-10-29 08:42:46'),(865,4,17,13,7,900.359999895096,'2012-10-29 08:44:54','2012-10-29 08:44:54'),(866,2,33,7,5,129.046999931335,'2012-10-29 08:44:55','2012-10-29 08:44:55'),(867,3,42,NULL,7,900.40700006485,'2012-10-29 08:52:32','2012-10-29 08:52:32'),(868,2,33,7,5,771.218999862671,'2012-10-29 08:57:46','2012-10-29 08:57:46'),(869,4,17,13,7,900.422000169754,'2012-10-29 08:59:52','2012-10-29 08:59:52'),(870,2,33,7,5,129.172000169754,'2012-10-29 08:59:55','2012-10-29 08:59:55'),(871,3,42,NULL,7,900.34299993515,'2012-10-29 09:07:32','2012-10-29 09:07:32'),(872,2,33,7,5,771.09299993515,'2012-10-29 09:12:46','2012-10-29 09:12:46'),(873,4,17,13,7,900.389999866486,'2012-10-29 09:14:49','2012-10-29 09:14:49'),(874,2,33,7,5,129.28200006485,'2012-10-29 09:14:56','2012-10-29 09:14:56'),(875,3,42,NULL,7,900.40700006485,'2012-10-29 09:22:32','2012-10-29 09:22:32'),(876,2,33,7,5,771.077999830246,'2012-10-29 09:27:47','2012-10-29 09:27:47'),(877,3,42,NULL,7,320.375,'2012-10-29 09:27:53','2012-10-29 09:27:53'),(878,4,17,13,7,900.422000169754,'2012-10-29 09:29:48','2012-10-29 09:29:48'),(879,2,33,7,5,129.281000137329,'2012-10-29 09:29:56','2012-10-29 09:29:56'),(880,3,32,NULL,7,545.609999895096,'2012-10-29 09:37:33','2012-10-29 09:37:33'),(881,2,33,7,5,771.093999862671,'2012-10-29 09:42:47','2012-10-29 09:42:47'),(882,3,32,NULL,7,354.390000104904,'2012-10-29 09:43:27','2012-10-29 09:43:27'),(883,4,17,13,7,900.390999794006,'2012-10-29 09:44:45','2012-10-29 09:44:45'),(884,2,33,7,5,129.281000137329,'2012-10-29 09:44:57','2012-10-29 09:44:57'),(885,3,32,NULL,7,545.953999996185,'2012-10-29 09:52:33','2012-10-29 09:52:33'),(886,2,33,7,5,771.078000068665,'2012-10-29 09:57:48','2012-10-29 09:57:48'),(887,3,32,NULL,7,354.405999898911,'2012-10-29 09:58:27','2012-10-29 09:58:27'),(888,4,17,13,7,900.265000104904,'2012-10-29 09:59:41','2012-10-29 09:59:41'),(889,2,33,7,5,129.280999898911,'2012-10-29 09:59:57','2012-10-29 09:59:57'),(890,3,32,NULL,7,436.078000068665,'2012-10-29 10:05:43','2012-10-29 10:05:43'),(891,3,33,17,1,86,'2012-10-29 10:07:33','2012-10-29 10:07:33'),(892,2,33,7,5,771.078999996185,'2012-10-29 10:12:48','2012-10-29 10:12:48'),(893,3,33,17,1,354.391000032425,'2012-10-29 10:13:28','2012-10-29 10:13:28'),(894,4,17,13,7,900.344000101089,'2012-10-29 10:14:38','2012-10-29 10:14:38'),(895,2,33,7,5,129.280999898911,'2012-10-29 10:14:57','2012-10-29 10:14:57'),(896,3,33,17,1,459.608999967575,'2012-10-29 10:21:07','2012-10-29 10:21:07'),(897,3,33,17,1,86.5469999313354,'2012-10-29 10:22:34','2012-10-29 10:22:34'),(898,2,33,7,5,771.078000068665,'2012-10-29 10:27:48','2012-10-29 10:27:48'),(899,3,33,17,1,354.25,'2012-10-29 10:28:28','2012-10-29 10:28:28'),(900,4,17,13,7,900.327999830246,'2012-10-29 10:29:35','2012-10-29 10:29:35'),(901,2,33,7,5,129.281000137329,'2012-10-29 10:29:58','2012-10-29 10:29:58'),(902,3,33,17,1,374.625,'2012-10-29 10:34:43','2012-10-29 10:34:43'),(903,3,32,NULL,8,46.7969999313354,'2012-10-29 10:36:08','2012-10-29 10:36:08'),(904,3,32,NULL,8,86.5160000324249,'2012-10-29 10:37:34','2012-10-29 10:37:34'),(905,2,33,7,5,771.077999830246,'2012-10-29 10:42:49','2012-10-29 10:42:49'),(906,3,32,NULL,8,354.266000032425,'2012-10-29 10:43:28','2012-10-29 10:43:28'),(907,4,17,13,7,900.344000101089,'2012-10-29 10:44:32','2012-10-29 10:44:32'),(908,2,33,7,5,129.28200006485,'2012-10-29 10:44:58','2012-10-29 10:44:58'),(909,3,32,NULL,8,412.421000003815,'2012-10-29 10:50:21','2012-10-29 10:50:21'),(910,3,32,NULL,8,47.2039999961853,'2012-10-29 10:51:08','2012-10-29 10:51:08'),(911,3,32,NULL,8,86.5150001049042,'2012-10-29 10:52:35','2012-10-29 10:52:35'),(912,2,33,7,5,771.078000068665,'2012-10-29 10:57:49','2012-10-29 10:57:49'),(913,3,32,NULL,8,354.265999794006,'2012-10-29 10:58:29','2012-10-29 10:58:29'),(914,4,17,13,7,900.296999931335,'2012-10-29 10:59:29','2012-10-29 10:59:29'),(915,2,33,7,5,129.280999898911,'2012-10-29 10:59:58','2012-10-29 10:59:58'),(916,3,32,NULL,8,412.359000205994,'2012-10-29 11:05:21','2012-10-29 11:05:21'),(917,3,32,NULL,8,47.25,'2012-10-29 11:06:08','2012-10-29 11:06:08'),(918,3,32,NULL,8,86.5159997940063,'2012-10-29 11:07:35','2012-10-29 11:07:35'),(919,2,33,7,5,771.078000068665,'2012-10-29 11:12:50','2012-10-29 11:12:50'),(920,3,32,NULL,8,354.265000104904,'2012-10-29 11:13:29','2012-10-29 11:13:29'),(921,4,17,13,7,900.281000137329,'2012-10-29 11:14:26','2012-10-29 11:14:26'),(922,2,33,7,5,129.280999898911,'2012-10-29 11:14:59','2012-10-29 11:14:59'),(923,3,32,NULL,8,412.359999895096,'2012-10-29 11:20:22','2012-10-29 11:20:22'),(924,3,32,NULL,8,47.1400001049042,'2012-10-29 11:21:09','2012-10-29 11:21:09'),(925,3,32,NULL,8,86.6410000324249,'2012-10-29 11:22:35','2012-10-29 11:22:35'),(926,2,33,7,5,770.985000133514,'2012-10-29 11:27:50','2012-10-29 11:27:50'),(927,3,32,NULL,8,354.155999898911,'2012-10-29 11:28:29','2012-10-29 11:28:29'),(928,4,17,13,7,900.421999931335,'2012-10-29 11:29:24','2012-10-29 11:29:24'),(929,2,33,7,5,129.405999898911,'2012-10-29 11:29:59','2012-10-29 11:29:59'),(930,3,32,NULL,8,412.469000101089,'2012-10-29 11:35:22','2012-10-29 11:35:22'),(931,3,32,NULL,8,47.0309998989105,'2012-10-29 11:36:09','2012-10-29 11:36:09'),(932,3,32,NULL,8,45.3280000686646,'2012-10-29 11:36:54','2012-10-29 11:36:54'),(933,3,33,17,1,12.297000169754,'2012-10-29 11:37:36','2012-10-29 11:37:36'),(934,2,33,7,5,770.969000101089,'2012-10-29 11:42:50','2012-10-29 11:42:50'),(935,3,33,17,1,354.155999898911,'2012-10-29 11:43:30','2012-10-29 11:43:30'),(936,4,17,13,7,900.405999898911,'2012-10-29 11:44:25','2012-10-29 11:44:25'),(937,2,33,7,5,129.389999866486,'2012-10-29 11:45:00','2012-10-29 11:45:00'),(938,3,33,17,1,412.406000137329,'2012-10-29 11:50:22','2012-10-29 11:50:22'),(939,3,33,17,1,47.0469999313354,'2012-10-29 11:51:09','2012-10-29 11:51:09'),(940,3,33,17,1,74.0939998626709,'2012-10-29 11:52:23','2012-10-29 11:52:23'),(941,3,33,17,1,12.6560001373291,'2012-10-29 11:52:36','2012-10-29 11:52:36'),(942,2,33,7,5,770.985000133514,'2012-10-29 11:57:51','2012-10-29 11:57:51'),(943,3,33,17,1,354.171999931335,'2012-10-29 11:58:30','2012-10-29 11:58:30'),(944,4,17,13,7,900.360000133514,'2012-10-29 11:59:25','2012-10-29 11:59:25'),(945,2,33,7,5,129.375,'2012-10-29 12:00:00','2012-10-29 12:00:00'),(946,3,33,17,1,412.344000101089,'2012-10-29 12:05:22','2012-10-29 12:05:22'),(947,3,33,17,1,47.1399998664856,'2012-10-29 12:06:10','2012-10-29 12:06:10'),(948,3,33,17,1,74.047000169754,'2012-10-29 12:07:24','2012-10-29 12:07:24'),(949,3,33,17,1,12.6879999637604,'2012-10-29 12:07:36','2012-10-29 12:07:36'),(950,2,33,7,5,770.983999967575,'2012-10-29 12:12:51','2012-10-29 12:12:51'),(951,3,33,17,1,354.046999931335,'2012-10-29 12:13:30','2012-10-29 12:13:30'),(952,4,17,13,7,900.358999967575,'2012-10-29 12:14:25','2012-10-29 12:14:25'),(953,2,33,7,5,129.375,'2012-10-29 12:15:00','2012-10-29 12:15:00'),(954,3,33,17,1,412.453000068665,'2012-10-29 12:20:23','2012-10-29 12:20:23'),(955,3,33,17,1,47.1559998989105,'2012-10-29 12:21:10','2012-10-29 12:21:10'),(956,3,33,17,1,74.0620000362396,'2012-10-29 12:22:24','2012-10-29 12:22:24'),(957,3,33,17,1,12.6879999637604,'2012-10-29 12:22:37','2012-10-29 12:22:37'),(958,2,33,7,5,770.891000032425,'2012-10-29 12:27:51','2012-10-29 12:27:51'),(959,3,33,17,1,354.078000068665,'2012-10-29 12:28:31','2012-10-29 12:28:31'),(960,4,17,13,7,900.328000068665,'2012-10-29 12:29:23','2012-10-29 12:29:23'),(961,2,33,7,5,129.5,'2012-10-29 12:30:01','2012-10-29 12:30:01'),(962,3,33,17,1,412.43799996376,'2012-10-29 12:35:23','2012-10-29 12:35:23'),(963,3,33,17,1,47.1400001049042,'2012-10-29 12:36:10','2012-10-29 12:36:10'),(964,3,33,17,1,74.0469999313354,'2012-10-29 12:37:24','2012-10-29 12:37:24'),(965,3,33,17,1,12.6879999637604,'2012-10-29 12:37:37','2012-10-29 12:37:37'),(966,2,33,7,5,771.171999931335,'2012-10-29 12:42:52','2012-10-29 12:42:52'),(967,3,33,17,1,354.06200003624,'2012-10-29 12:43:31','2012-10-29 12:43:31'),(968,4,17,13,7,900.375,'2012-10-29 12:44:22','2012-10-29 12:44:22'),(969,2,33,7,5,129.21799993515,'2012-10-29 12:45:01','2012-10-29 12:45:01'),(970,3,33,17,1,412.453000068665,'2012-10-29 12:50:24','2012-10-29 12:50:24'),(971,3,33,17,1,47.1559998989105,'2012-10-29 12:51:11','2012-10-29 12:51:11'),(972,3,33,17,1,73.9379999637604,'2012-10-29 12:52:25','2012-10-29 12:52:25'),(973,3,33,17,1,12.7969999313354,'2012-10-29 12:52:37','2012-10-29 12:52:37'),(974,2,33,7,5,714.90700006485,'2012-10-29 12:56:56','2012-10-29 12:56:56'),(975,2,33,6,2,46.7030000686646,'2012-10-29 12:57:53','2012-10-29 12:57:53'),(976,3,33,17,1,354.047000169754,'2012-10-29 12:58:31','2012-10-29 12:58:31'),(977,4,17,13,7,900.405999898911,'2012-10-29 12:59:22','2012-10-29 12:59:22'),(978,2,33,6,2,128.375,'2012-10-29 13:00:01','2012-10-29 13:00:01'),(979,3,33,17,1,412.452999830246,'2012-10-29 13:05:24','2012-10-29 13:05:24'),(980,3,33,17,1,47.1400001049042,'2012-10-29 13:06:11','2012-10-29 13:06:11'),(981,3,33,17,1,73.9379999637604,'2012-10-29 13:07:25','2012-10-29 13:07:25'),(982,3,33,17,1,12.7969999313354,'2012-10-29 13:07:38','2012-10-29 13:07:38'),(983,2,33,6,2,724.921999931335,'2012-10-29 13:12:06','2012-10-29 13:12:06'),(984,2,33,6,2,47.125,'2012-10-29 13:12:53','2012-10-29 13:12:53'),(985,3,33,17,1,354.109000205994,'2012-10-29 13:13:32','2012-10-29 13:13:32'),(986,4,17,13,7,900.219000101089,'2012-10-29 13:14:22','2012-10-29 13:14:22'),(987,2,33,6,2,128.358999967575,'2012-10-29 13:15:02','2012-10-29 13:15:02'),(988,3,33,17,1,412.359999895096,'2012-10-29 13:20:24','2012-10-29 13:20:24'),(989,3,33,17,1,47.1559998989105,'2012-10-29 13:21:11','2012-10-29 13:21:11'),(990,3,33,17,1,73.9370000362396,'2012-10-29 13:22:25','2012-10-29 13:22:25'),(991,3,33,17,1,12.797000169754,'2012-10-29 13:22:38','2012-10-29 13:22:38'),(992,2,33,6,2,724.953000068665,'2012-10-29 13:27:07','2012-10-29 13:27:07'),(993,2,33,6,2,46.9219999313354,'2012-10-29 13:27:53','2012-10-29 13:27:53'),(994,3,33,17,1,354.155999898911,'2012-10-29 13:28:32','2012-10-29 13:28:32'),(995,4,17,13,7,900.390999794006,'2012-10-29 13:29:22','2012-10-29 13:29:22'),(996,2,33,6,2,128.53200006485,'2012-10-29 13:30:02','2012-10-29 13:30:02'),(997,3,33,17,1,412.359999895096,'2012-10-29 13:35:25','2012-10-29 13:35:25'),(998,3,33,17,1,47.1400001049042,'2012-10-29 13:36:12','2012-10-29 13:36:12'),(999,3,33,17,1,73.9379999637604,'2012-10-29 13:37:26','2012-10-29 13:37:26'),(1000,3,33,17,1,12.7969999313354,'2012-10-29 13:37:38','2012-10-29 13:37:38'),(1001,2,33,6,2,724.905999898911,'2012-10-29 13:42:07','2012-10-29 13:42:07'),(1002,2,33,6,2,46.922000169754,'2012-10-29 13:42:54','2012-10-29 13:42:54'),(1003,3,33,17,1,354.047000169754,'2012-10-29 13:43:32','2012-10-29 13:43:32'),(1004,4,17,13,7,900.359000205994,'2012-10-29 13:44:22','2012-10-29 13:44:22'),(1005,2,33,6,2,128.405999898911,'2012-10-29 13:45:02','2012-10-29 13:45:02'),(1006,3,33,17,1,412.483999967575,'2012-10-29 13:50:25','2012-10-29 13:50:25'),(1007,3,33,17,1,47.0469999313354,'2012-10-29 13:51:12','2012-10-29 13:51:12'),(1008,3,33,17,1,74.0310001373291,'2012-10-29 13:52:26','2012-10-29 13:52:26'),(1009,3,33,17,1,12.7969999313354,'2012-10-29 13:52:39','2012-10-29 13:52:39'),(1010,2,33,6,2,725.078000068665,'2012-10-29 13:57:07','2012-10-29 13:57:07'),(1011,2,33,6,2,46.9219999313354,'2012-10-29 13:57:54','2012-10-29 13:57:54'),(1012,3,33,17,1,354.06299996376,'2012-10-29 13:58:33','2012-10-29 13:58:33'),(1013,4,17,13,7,900.405999898911,'2012-10-29 13:59:19','2012-10-29 13:59:19'),(1014,2,33,6,2,128.421999931335,'2012-10-29 14:00:03','2012-10-29 14:00:03'),(1015,3,33,17,1,412.46799993515,'2012-10-29 14:05:25','2012-10-29 14:05:25'),(1016,3,33,17,1,47.0320000648499,'2012-10-29 14:06:12','2012-10-29 14:06:12'),(1017,3,33,17,1,74.0460000038147,'2012-10-29 14:07:26','2012-10-29 14:07:26'),(1018,3,33,17,1,12.7969999313354,'2012-10-29 14:07:39','2012-10-29 14:07:39'),(1019,2,33,6,2,725.031000137329,'2012-10-29 14:12:08','2012-10-29 14:12:08'),(1020,2,33,6,2,46.9219999313354,'2012-10-29 14:12:55','2012-10-29 14:12:55'),(1021,3,33,17,1,354.06299996376,'2012-10-29 14:13:33','2012-10-29 14:13:33'),(1022,4,17,13,7,900.359999895096,'2012-10-29 14:14:20','2012-10-29 14:14:20'),(1023,2,33,6,2,128.406000137329,'2012-10-29 14:15:03','2012-10-29 14:15:03'),(1024,3,33,17,1,412.453000068665,'2012-10-29 14:20:26','2012-10-29 14:20:26'),(1025,3,33,17,1,47.0310001373291,'2012-10-29 14:21:13','2012-10-29 14:21:13'),(1026,3,33,17,1,73.9379999637604,'2012-10-29 14:22:27','2012-10-29 14:22:27'),(1027,3,33,17,1,12.7969999313354,'2012-10-29 14:22:39','2012-10-29 14:22:39'),(1028,2,33,6,2,725.06299996376,'2012-10-29 14:27:08','2012-10-29 14:27:08'),(1029,2,33,6,2,46.9059998989105,'2012-10-29 14:27:55','2012-10-29 14:27:55'),(1030,3,33,17,1,354.18700003624,'2012-10-29 14:28:34','2012-10-29 14:28:34'),(1031,4,17,13,7,900.43700003624,'2012-10-29 14:29:17','2012-10-29 14:29:17'),(1032,2,33,6,2,128.406000137329,'2012-10-29 14:30:03','2012-10-29 14:30:03'),(1033,3,33,17,1,412.266000032425,'2012-10-29 14:35:26','2012-10-29 14:35:26'),(1034,3,33,17,1,47.1399998664856,'2012-10-29 14:36:13','2012-10-29 14:36:13'),(1035,3,33,17,1,73.9379999637604,'2012-10-29 14:37:27','2012-10-29 14:37:27'),(1036,3,33,17,1,12.797000169754,'2012-10-29 14:37:40','2012-10-29 14:37:40'),(1037,2,33,6,2,724.93799996376,'2012-10-29 14:42:08','2012-10-29 14:42:08'),(1038,2,33,6,2,47.0309998989105,'2012-10-29 14:42:55','2012-10-29 14:42:55'),(1039,3,33,17,1,354.264999866486,'2012-10-29 14:43:34','2012-10-29 14:43:34'),(1040,4,17,13,7,900.422000169754,'2012-10-29 14:44:12','2012-10-29 14:44:12'),(1041,2,33,6,2,128.406000137329,'2012-10-29 14:45:04','2012-10-29 14:45:04'),(1042,3,33,17,1,412.25,'2012-10-29 14:50:26','2012-10-29 14:50:26'),(1043,3,33,17,1,47.1410000324249,'2012-10-29 14:51:13','2012-10-29 14:51:13'),(1044,3,33,17,1,73.9530000686646,'2012-10-29 14:52:27','2012-10-29 14:52:27'),(1045,3,33,17,1,12.7969999313354,'2012-10-29 14:52:40','2012-10-29 14:52:40'),(1046,2,33,6,2,724.921999931335,'2012-10-29 14:57:09','2012-10-29 14:57:09'),(1047,2,33,6,2,47.0309998989105,'2012-10-29 14:57:56','2012-10-29 14:57:56'),(1048,3,33,17,1,354.25,'2012-10-29 14:58:34','2012-10-29 14:58:34'),(1049,4,17,13,7,900.375,'2012-10-29 14:59:09','2012-10-29 14:59:09'),(1050,2,33,6,2,128.40700006485,'2012-10-29 15:00:04','2012-10-29 15:00:04'),(1051,3,33,17,1,412.25,'2012-10-29 15:05:27','2012-10-29 15:05:27'),(1052,3,33,17,1,47.0310001373291,'2012-10-29 15:06:14','2012-10-29 15:06:14'),(1053,3,33,17,1,74.0629999637604,'2012-10-29 15:07:28','2012-10-29 15:07:28'),(1054,3,33,17,1,12.7969999313354,'2012-10-29 15:07:40','2012-10-29 15:07:40'),(1055,2,33,6,2,724.93700003624,'2012-10-29 15:12:09','2012-10-29 15:12:09'),(1056,2,33,6,2,47.0309998989105,'2012-10-29 15:12:56','2012-10-29 15:12:56'),(1057,3,33,17,1,354.280999898911,'2012-10-29 15:13:35','2012-10-29 15:13:35'),(1058,4,17,13,7,830.202999830246,'2012-10-29 15:14:08','2012-10-29 15:14:08'),(1059,2,33,6,2,128.422000169754,'2012-10-29 15:15:05','2012-10-29 15:15:05'),(1060,2,33,6,2,172.671999931335,'2012-10-29 15:17:57','2012-10-29 15:17:57'),(1061,4,17,13,7,303.922000169754,'2012-10-29 15:19:12','2012-10-29 15:19:12'),(1062,3,33,17,1,412.25,'2012-10-29 15:20:27','2012-10-29 15:20:27'),(1063,3,33,17,1,47.0310001373291,'2012-10-29 15:21:14','2012-10-29 15:21:14'),(1064,3,33,17,1,74.0469999313354,'2012-10-29 15:22:28','2012-10-29 15:22:28'),(1065,3,33,17,1,12.7969999313354,'2012-10-29 15:22:41','2012-10-29 15:22:41'),(1066,3,33,17,1,59.9690001010895,'2012-10-29 15:23:41','2012-10-29 15:23:41'),(1067,4,17,13,7,900,'2012-10-30 07:18:27','2012-10-30 07:18:27'),(1068,3,33,17,1,900.016000032425,'2012-10-30 07:24:32','2012-10-30 07:24:32'),(1069,4,17,13,7,900.405999898911,'2012-10-30 07:33:23','2012-10-30 07:33:23'),(1070,2,33,6,2,900,'2012-10-30 07:39:24','2012-10-30 07:39:24'),(1071,3,33,17,1,900.405999898911,'2012-10-30 07:39:32','2012-10-30 07:39:32'),(1072,4,17,13,7,900.375,'2012-10-30 07:48:22','2012-10-30 07:48:22'),(1073,2,33,6,2,900.421999931335,'2012-10-30 07:54:24','2012-10-30 07:54:24'),(1074,3,33,17,1,900.40700006485,'2012-10-30 07:54:33','2012-10-30 07:54:33'),(1075,4,17,13,7,900.375,'2012-10-30 08:03:22','2012-10-30 08:03:22'),(1076,2,33,6,2,900.265000104904,'2012-10-30 08:09:25','2012-10-30 08:09:25'),(1077,3,33,17,1,900.31200003624,'2012-10-30 08:09:33','2012-10-30 08:09:33'),(1078,4,17,13,7,900.328000068665,'2012-10-30 08:18:21','2012-10-30 08:18:21'),(1079,2,33,6,2,900.265999794006,'2012-10-30 08:24:25','2012-10-30 08:24:25'),(1080,3,33,17,1,900.343999862671,'2012-10-30 08:24:33','2012-10-30 08:24:33'),(1081,4,17,13,7,900.344000101089,'2012-10-30 08:33:21','2012-10-30 08:33:21'),(1082,2,33,6,2,900.359000205994,'2012-10-30 08:39:25','2012-10-30 08:39:25'),(1083,3,33,17,1,900.344000101089,'2012-10-30 08:39:33','2012-10-30 08:39:33'),(1084,4,17,13,7,900.375,'2012-10-30 08:48:18','2012-10-30 08:48:18'),(1085,2,33,6,2,900.375,'2012-10-30 08:54:26','2012-10-30 08:54:26'),(1086,3,33,17,1,900.405999898911,'2012-10-30 08:54:34','2012-10-30 08:54:34'),(1087,4,17,13,7,900.343999862671,'2012-10-30 09:03:14','2012-10-30 09:03:14'),(1088,2,33,6,2,900.359999895096,'2012-10-30 09:09:26','2012-10-30 09:09:26'),(1089,3,33,17,1,900.453000068665,'2012-10-30 09:09:34','2012-10-30 09:09:34'),(1090,4,17,13,7,900.421999931335,'2012-10-30 09:18:08','2012-10-30 09:18:08'),(1091,2,33,6,2,900.375,'2012-10-30 09:24:26','2012-10-30 09:24:26'),(1092,3,33,17,1,900.328000068665,'2012-10-30 09:24:34','2012-10-30 09:24:34'),(1093,4,17,13,7,900.390000104904,'2012-10-30 09:33:03','2012-10-30 09:33:03'),(1094,2,33,6,2,900.34299993515,'2012-10-30 09:39:27','2012-10-30 09:39:27'),(1095,3,33,17,1,900.421999931335,'2012-10-30 09:39:35','2012-10-30 09:39:35'),(1096,4,17,13,7,900.421999931335,'2012-10-30 09:47:57','2012-10-30 09:47:57'),(1097,2,33,6,2,900.360000133514,'2012-10-30 09:54:27','2012-10-30 09:54:27'),(1098,3,33,17,1,900.43700003624,'2012-10-30 09:54:35','2012-10-30 09:54:35'),(1099,4,17,13,7,900.328000068665,'2012-10-30 10:02:52','2012-10-30 10:02:52'),(1100,2,33,6,2,900.389999866486,'2012-10-30 10:09:28','2012-10-30 10:09:28'),(1101,3,33,17,1,900.421999931335,'2012-10-30 10:09:36','2012-10-30 10:09:36'),(1102,4,17,13,7,900.28200006485,'2012-10-30 10:17:46','2012-10-30 10:17:46'),(1103,2,33,6,2,900.375,'2012-10-30 10:24:28','2012-10-30 10:24:28'),(1104,3,33,17,1,900.422000169754,'2012-10-30 10:24:36','2012-10-30 10:24:36'),(1105,4,17,13,7,900.34299993515,'2012-10-30 10:32:41','2012-10-30 10:32:41'),(1106,2,33,6,2,900.375,'2012-10-30 10:39:28','2012-10-30 10:39:28'),(1107,3,33,17,1,900.390999794006,'2012-10-30 10:39:36','2012-10-30 10:39:36'),(1108,4,17,13,7,900.359999895096,'2012-10-30 10:47:35','2012-10-30 10:47:35'),(1109,2,33,6,2,900.235000133514,'2012-10-30 10:54:29','2012-10-30 10:54:29'),(1110,3,33,17,1,900.406000137329,'2012-10-30 10:54:37','2012-10-30 10:54:37'),(1111,4,17,13,7,900.390000104904,'2012-10-30 11:02:27','2012-10-30 11:02:27'),(1112,2,33,6,2,900.358999967575,'2012-10-30 11:09:29','2012-10-30 11:09:29'),(1113,3,33,17,1,900.421999931335,'2012-10-30 11:09:37','2012-10-30 11:09:37'),(1114,4,17,13,7,828.391000032425,'2012-10-30 11:17:21','2012-10-30 11:17:21'),(1115,2,33,6,2,900.358999967575,'2012-10-30 11:24:29','2012-10-30 11:24:29'),(1116,3,33,17,1,900.375,'2012-10-30 11:24:37','2012-10-30 11:24:37'),(1117,4,17,13,7,900.358999967575,'2012-10-30 11:32:15','2012-10-30 11:32:15'),(1118,2,33,6,2,900.25,'2012-10-30 11:39:30','2012-10-30 11:39:30'),(1119,3,33,17,1,900.421999931335,'2012-10-30 11:39:38','2012-10-30 11:39:38'),(1120,4,17,13,7,900.359999895096,'2012-10-30 11:47:09','2012-10-30 11:47:09'),(1121,2,33,6,2,900.469000101089,'2012-10-30 11:54:31','2012-10-30 11:54:31'),(1122,3,33,17,1,900.406000137329,'2012-10-30 11:54:38','2012-10-30 11:54:38'),(1123,4,17,13,7,900.359000205994,'2012-10-30 12:02:01','2012-10-30 12:02:01'),(1124,2,33,6,2,901.875,'2012-10-30 12:09:30','2012-10-30 12:09:30'),(1125,3,33,17,1,900.421999931335,'2012-10-30 12:09:38','2012-10-30 12:09:38'),(1126,4,17,13,7,900.405999898911,'2012-10-30 12:16:56','2012-10-30 12:16:56'),(1127,2,33,6,2,900.452999830246,'2012-10-30 12:24:30','2012-10-30 12:24:30'),(1128,3,33,17,1,900.43700003624,'2012-10-30 12:24:39','2012-10-30 12:24:39'),(1129,4,17,13,7,900.344000101089,'2012-10-30 12:31:50','2012-10-30 12:31:50'),(1130,2,33,6,2,900.391000032425,'2012-10-30 12:39:30','2012-10-30 12:39:30'),(1131,3,33,17,1,900.219000101089,'2012-10-30 12:39:39','2012-10-30 12:39:39'),(1132,4,17,13,7,900.327999830246,'2012-10-30 12:46:44','2012-10-30 12:46:44'),(1133,2,33,6,2,900.391000032425,'2012-10-30 12:54:26','2012-10-30 12:54:26'),(1134,3,33,17,1,900.390999794006,'2012-10-30 12:54:39','2012-10-30 12:54:39'),(1135,4,17,13,7,900.360000133514,'2012-10-30 13:01:38','2012-10-30 13:01:38'),(1136,2,33,6,2,900.375,'2012-10-30 13:09:25','2012-10-30 13:09:25'),(1137,3,33,17,1,900.359000205994,'2012-10-30 13:09:40','2012-10-30 13:09:40'),(1138,4,17,13,7,900.327999830246,'2012-10-30 13:16:33','2012-10-30 13:16:33'),(1139,2,33,6,2,900.34299993515,'2012-10-30 13:24:25','2012-10-30 13:24:25'),(1140,3,33,17,1,900.359999895096,'2012-10-30 13:24:40','2012-10-30 13:24:40'),(1141,4,17,13,7,900.219000101089,'2012-10-30 13:31:27','2012-10-30 13:31:27'),(1142,2,33,6,2,900.219000101089,'2012-10-30 13:39:23','2012-10-30 13:39:23'),(1143,3,33,17,1,900.405999898911,'2012-10-30 13:39:40','2012-10-30 13:39:40'),(1144,4,17,13,7,900.34299993515,'2012-10-30 13:46:21','2012-10-30 13:46:21'),(1145,2,33,6,2,900.328000068665,'2012-10-30 13:54:24','2012-10-30 13:54:24'),(1146,3,33,17,1,900.328000068665,'2012-10-30 13:54:40','2012-10-30 13:54:40'),(1147,4,17,13,7,900.360000133514,'2012-10-30 14:01:18','2012-10-30 14:01:18'),(1148,2,33,6,2,900.421999931335,'2012-10-30 14:09:24','2012-10-30 14:09:24'),(1149,3,33,17,1,900.25,'2012-10-30 14:09:41','2012-10-30 14:09:41'),(1150,4,17,13,7,827.358999967575,'2012-10-30 14:16:18','2012-10-30 14:16:18'),(1151,2,33,6,2,900.421999931335,'2012-10-30 14:24:24','2012-10-30 14:24:24'),(1152,3,33,17,1,900.328000068665,'2012-10-30 14:24:41','2012-10-30 14:24:41'),(1153,4,17,13,7,900.233999967575,'2012-10-30 14:31:17','2012-10-30 14:31:17'),(1154,2,33,6,2,900.358999967575,'2012-10-30 14:39:24','2012-10-30 14:39:24'),(1155,3,33,17,1,900.405999898911,'2012-10-30 14:39:41','2012-10-30 14:39:41'),(1156,4,17,13,7,900.391000032425,'2012-10-30 14:46:16','2012-10-30 14:46:16'),(1157,2,33,6,2,900.422000169754,'2012-10-30 14:54:24','2012-10-30 14:54:24'),(1158,3,33,17,1,900.344000101089,'2012-10-30 14:54:42','2012-10-30 14:54:42'),(1159,4,17,13,7,900.233999967575,'2012-10-30 15:01:16','2012-10-30 15:01:16'),(1160,2,33,6,2,534.5,'2012-10-30 15:03:19','2012-10-30 15:03:19'),(1161,2,33,6,17,357.375,'2012-10-30 15:09:22','2012-10-30 15:09:22'),(1162,3,33,17,1,900.358999967575,'2012-10-30 15:09:42','2012-10-30 15:09:42'),(1163,3,33,17,1,346.90700006485,'2012-10-30 15:15:29','2012-10-30 15:15:29'),(1164,4,17,13,7,900.421999931335,'2012-10-30 15:16:16','2012-10-30 15:16:16'),(1165,2,33,6,17,542.625,'2012-10-30 15:18:06','2012-10-30 15:18:06'),(1166,4,17,13,7,298.578000068665,'2012-10-30 15:21:12','2012-10-30 15:21:12'),(1167,2,33,6,17,357.703000068665,'2012-10-30 15:23:52','2012-10-30 15:23:52'),(1168,2,33,6,17,542.719000101089,'2012-10-30 15:32:55','2012-10-30 15:32:55'),(1169,2,33,6,17,357.609999895096,'2012-10-30 15:38:53','2012-10-30 15:38:53'),(1170,2,33,6,17,542.703000068665,'2012-10-30 15:47:55','2012-10-30 15:47:55'),(1171,2,33,6,17,357.671999931335,'2012-10-30 15:53:53','2012-10-30 15:53:53'),(1172,2,33,6,17,542.703000068665,'2012-10-30 16:02:56','2012-10-30 16:02:56'),(1173,2,33,6,17,357.639999866486,'2012-10-30 16:08:54','2012-10-30 16:08:54'),(1174,2,33,6,17,542.703000068665,'2012-10-30 16:17:56','2012-10-30 16:17:56'),(1175,2,33,6,17,357.65700006485,'2012-10-30 16:23:54','2012-10-30 16:23:54'),(1176,2,33,6,17,542.71799993515,'2012-10-30 16:32:57','2012-10-30 16:32:57'),(1177,2,33,6,17,357.56299996376,'2012-10-30 16:38:54','2012-10-30 16:38:54'),(1178,2,33,6,17,542.844000101089,'2012-10-30 16:47:57','2012-10-30 16:47:57'),(1179,2,33,6,17,357.43700003624,'2012-10-30 16:53:54','2012-10-30 16:53:54'),(1180,2,33,6,17,542.921999931335,'2012-10-30 17:02:57','2012-10-30 17:02:57'),(1181,2,33,6,17,357.421999931335,'2012-10-30 17:08:55','2012-10-30 17:08:55'),(1182,2,33,6,17,542.828000068665,'2012-10-30 17:17:58','2012-10-30 17:17:58'),(1183,2,33,6,17,357.546999931335,'2012-10-30 17:23:55','2012-10-30 17:23:55'),(1184,2,33,6,17,542.81200003624,'2012-10-30 17:32:58','2012-10-30 17:32:58'),(1185,2,33,6,17,357.43799996376,'2012-10-30 17:38:55','2012-10-30 17:38:55'),(1186,2,33,6,17,542.93700003624,'2012-10-30 17:47:58','2012-10-30 17:47:58'),(1187,2,33,6,17,357.421999931335,'2012-10-30 17:53:56','2012-10-30 17:53:56'),(1188,2,33,6,17,542.828000068665,'2012-10-30 18:02:59','2012-10-30 18:02:59'),(1189,2,33,6,17,357.546999931335,'2012-10-30 18:08:56','2012-10-30 18:08:56'),(1190,2,33,6,17,542.797000169754,'2012-10-30 18:17:59','2012-10-30 18:17:59'),(1191,2,33,6,17,357.577999830246,'2012-10-30 18:23:57','2012-10-30 18:23:57'),(1192,2,33,6,17,542.797000169754,'2012-10-30 18:32:59','2012-10-30 18:32:59'),(1193,2,33,6,17,357.546999931335,'2012-10-30 18:38:57','2012-10-30 18:38:57'),(1194,2,33,6,17,542.828000068665,'2012-10-30 18:48:00','2012-10-30 18:48:00'),(1195,2,33,6,17,357.530999898911,'2012-10-30 18:53:57','2012-10-30 18:53:57'),(1196,2,33,6,17,542.844000101089,'2012-10-30 19:03:00','2012-10-30 19:03:00'),(1197,2,33,6,17,357.530999898911,'2012-10-30 19:08:58','2012-10-30 19:08:58'),(1198,2,33,6,17,542.719000101089,'2012-10-30 19:18:01','2012-10-30 19:18:01'),(1199,2,33,6,17,357.655999898911,'2012-10-30 19:23:58','2012-10-30 19:23:58'),(1200,2,33,6,17,542.609999895096,'2012-10-30 19:33:01','2012-10-30 19:33:01'),(1201,2,33,6,17,357.765000104904,'2012-10-30 19:38:59','2012-10-30 19:38:59'),(1202,2,33,6,17,542.594000101089,'2012-10-30 19:48:01','2012-10-30 19:48:01'),(1203,2,33,6,17,357.780999898911,'2012-10-30 19:53:59','2012-10-30 19:53:59'),(1204,2,33,6,17,542.594000101089,'2012-10-30 20:03:02','2012-10-30 20:03:02'),(1205,2,33,6,17,357.765999794006,'2012-10-30 20:08:59','2012-10-30 20:08:59'),(1206,2,33,6,17,542.594000101089,'2012-10-30 20:18:02','2012-10-30 20:18:02'),(1207,2,33,6,17,357.796000003815,'2012-10-30 20:24:00','2012-10-30 20:24:00'),(1208,2,33,6,17,542.594000101089,'2012-10-30 20:33:02','2012-10-30 20:33:02'),(1209,2,33,6,17,357.655999898911,'2012-10-30 20:39:00','2012-10-30 20:39:00'),(1210,2,33,6,17,542.719000101089,'2012-10-30 20:48:03','2012-10-30 20:48:03'),(1211,2,33,6,17,357.655999898911,'2012-10-30 20:54:00','2012-10-30 20:54:00'),(1212,2,33,6,17,542.625,'2012-10-30 21:03:03','2012-10-30 21:03:03'),(1213,2,33,6,17,357.766000032425,'2012-10-30 21:09:01','2012-10-30 21:09:01'),(1214,2,33,6,17,542.625,'2012-10-30 21:18:03','2012-10-30 21:18:03'),(1215,2,33,6,17,357.75,'2012-10-30 21:24:01','2012-10-30 21:24:01'),(1216,2,33,6,17,542.608999967575,'2012-10-30 21:33:04','2012-10-30 21:33:04'),(1217,2,33,6,17,357.75,'2012-10-30 21:39:02','2012-10-30 21:39:02'),(1218,2,33,6,17,542.625,'2012-10-30 21:48:04','2012-10-30 21:48:04'),(1219,2,33,6,17,357.734999895096,'2012-10-30 21:54:02','2012-10-30 21:54:02'),(1220,2,33,6,17,542.640000104904,'2012-10-30 22:03:05','2012-10-30 22:03:05'),(1221,2,33,6,17,357.641000032425,'2012-10-30 22:09:02','2012-10-30 22:09:02'),(1222,2,33,6,17,542.703000068665,'2012-10-30 22:18:05','2012-10-30 22:18:05'),(1223,2,33,6,17,357.655999898911,'2012-10-30 22:24:03','2012-10-30 22:24:03'),(1224,2,33,6,17,542.594000101089,'2012-10-30 22:33:05','2012-10-30 22:33:05'),(1225,2,33,6,17,357.765999794006,'2012-10-30 22:39:03','2012-10-30 22:39:03'),(1226,2,33,6,17,542.594000101089,'2012-10-30 22:48:06','2012-10-30 22:48:06'),(1227,2,33,6,17,357.765000104904,'2012-10-30 22:54:03','2012-10-30 22:54:03'),(1228,2,33,6,17,542.625,'2012-10-30 23:03:06','2012-10-30 23:03:06'),(1229,2,33,6,17,357.75,'2012-10-30 23:09:04','2012-10-30 23:09:04'),(1230,2,33,6,17,542.625,'2012-10-30 23:18:06','2012-10-30 23:18:06'),(1231,2,33,6,17,357.655999898911,'2012-10-30 23:24:04','2012-10-30 23:24:04'),(1232,2,33,6,17,542.703999996185,'2012-10-30 23:33:07','2012-10-30 23:33:07'),(1233,2,33,6,17,357.640000104904,'2012-10-30 23:39:04','2012-10-30 23:39:04'),(1234,2,33,6,17,542.609999895096,'2012-10-30 23:48:07','2012-10-30 23:48:07'),(1235,2,33,6,17,357.75,'2012-10-30 23:54:05','2012-10-30 23:54:05'),(1236,2,33,6,17,542.608999967575,'2012-10-31 00:03:07','2012-10-31 00:03:07'),(1237,2,33,6,17,357.75,'2012-10-31 00:09:05','2012-10-31 00:09:05'),(1238,2,33,6,17,542.625,'2012-10-31 00:18:08','2012-10-31 00:18:08'),(1239,2,33,6,17,357.656000137329,'2012-10-31 00:24:05','2012-10-31 00:24:05'),(1240,2,33,6,17,542.702999830246,'2012-10-31 00:33:08','2012-10-31 00:33:08'),(1241,2,33,6,17,357.672000169754,'2012-10-31 00:39:06','2012-10-31 00:39:06'),(1242,2,33,6,17,542.609999895096,'2012-10-31 00:48:08','2012-10-31 00:48:08'),(1243,2,33,6,17,357.765000104904,'2012-10-31 00:54:06','2012-10-31 00:54:06'),(1244,2,33,6,17,542.5,'2012-10-31 01:03:09','2012-10-31 01:03:09'),(1245,2,33,6,17,357.875,'2012-10-31 01:09:07','2012-10-31 01:09:07'),(1246,2,33,6,17,542.484999895096,'2012-10-31 01:18:09','2012-10-31 01:18:09'),(1247,2,33,6,17,357.875,'2012-10-31 01:24:07','2012-10-31 01:24:07'),(1248,2,33,6,17,542.46799993515,'2012-10-31 01:33:09','2012-10-31 01:33:09'),(1249,2,33,6,17,357.766000032425,'2012-10-31 01:39:07','2012-10-31 01:39:07'),(1250,2,33,6,17,542.608999967575,'2012-10-31 01:48:10','2012-10-31 01:48:10'),(1251,2,33,6,17,357.75,'2012-10-31 01:54:08','2012-10-31 01:54:08'),(1252,2,33,6,17,542.625,'2012-10-31 02:03:10','2012-10-31 02:03:10'),(1253,2,33,6,17,357.75,'2012-10-31 02:09:08','2012-10-31 02:09:08'),(1254,2,33,6,17,542.594000101089,'2012-10-31 02:18:11','2012-10-31 02:18:11'),(1255,2,33,6,17,357.75,'2012-10-31 02:24:08','2012-10-31 02:24:08'),(1256,2,33,6,17,542.608999967575,'2012-10-31 02:33:11','2012-10-31 02:33:11'),(1257,2,33,6,17,357.75,'2012-10-31 02:39:09','2012-10-31 02:39:09'),(1258,2,33,6,17,542.625,'2012-10-31 02:48:11','2012-10-31 02:48:11'),(1259,2,33,6,17,357.75,'2012-10-31 02:54:09','2012-10-31 02:54:09'),(1260,2,33,6,17,542.594000101089,'2012-10-31 03:03:12','2012-10-31 03:03:12'),(1261,2,33,6,17,357.780999898911,'2012-10-31 03:09:09','2012-10-31 03:09:09'),(1262,2,33,6,17,542.594000101089,'2012-10-31 03:18:12','2012-10-31 03:18:12'),(1263,2,33,6,17,357.75,'2012-10-31 03:24:10','2012-10-31 03:24:10'),(1264,2,33,6,17,542.593999862671,'2012-10-31 03:33:12','2012-10-31 03:33:12'),(1265,2,33,6,17,357.766000032425,'2012-10-31 03:39:10','2012-10-31 03:39:10'),(1266,2,33,6,17,542.5,'2012-10-31 03:48:13','2012-10-31 03:48:13'),(1267,2,33,6,17,357.765000104904,'2012-10-31 03:54:10','2012-10-31 03:54:10'),(1268,2,33,6,17,542.609999895096,'2012-10-31 04:03:13','2012-10-31 04:03:13'),(1269,2,33,6,17,357.75,'2012-10-31 04:09:11','2012-10-31 04:09:11'),(1270,2,33,6,17,542.625,'2012-10-31 04:18:13','2012-10-31 04:18:13'),(1271,2,33,6,17,357.733999967575,'2012-10-31 04:24:11','2012-10-31 04:24:11'),(1272,2,33,6,17,542.608999967575,'2012-10-31 04:33:14','2012-10-31 04:33:14'),(1273,2,33,6,17,357.641000032425,'2012-10-31 04:39:11','2012-10-31 04:39:11'),(1274,2,33,6,17,542.719000101089,'2012-10-31 04:48:14','2012-10-31 04:48:14'),(1275,2,33,6,17,357.639999866486,'2012-10-31 04:54:12','2012-10-31 04:54:12'),(1276,2,33,6,17,542.625,'2012-10-31 05:03:14','2012-10-31 05:03:14'),(1277,2,33,6,17,357.75,'2012-10-31 05:09:12','2012-10-31 05:09:12'),(1278,2,33,6,17,542.610000133514,'2012-10-31 05:18:15','2012-10-31 05:18:15'),(1279,2,33,6,17,357.764999866486,'2012-10-31 05:24:13','2012-10-31 05:24:13'),(1280,2,33,6,17,542.610000133514,'2012-10-31 05:33:15','2012-10-31 05:33:15'),(1281,2,33,6,17,357.639999866486,'2012-10-31 05:39:13','2012-10-31 05:39:13'),(1282,2,33,6,17,542.703000068665,'2012-10-31 05:48:16','2012-10-31 05:48:16'),(1283,2,33,6,17,357.671999931335,'2012-10-31 05:54:13','2012-10-31 05:54:13'),(1284,2,33,6,17,542.735000133514,'2012-10-31 06:03:16','2012-10-31 06:03:16'),(1285,2,33,6,17,357.608999967575,'2012-10-31 06:09:14','2012-10-31 06:09:14'),(1286,2,33,6,17,542.828000068665,'2012-10-31 06:18:17','2012-10-31 06:18:17'),(1287,2,33,6,17,357.546999931335,'2012-10-31 06:24:14','2012-10-31 06:24:14'),(1288,2,33,6,17,542.718999862671,'2012-10-31 06:33:17','2012-10-31 06:33:17'),(1289,2,33,6,17,357.656000137329,'2012-10-31 06:39:14','2012-10-31 06:39:14'),(1290,2,33,6,17,542.718999862671,'2012-10-31 06:48:17','2012-10-31 06:48:17'),(1291,2,33,6,17,357.547000169754,'2012-10-31 06:54:15','2012-10-31 06:54:15'),(1292,2,33,6,17,542.81200003624,'2012-10-31 07:03:18','2012-10-31 07:03:18'),(1293,2,33,6,17,357.530999898911,'2012-10-31 07:09:15','2012-10-31 07:09:15'),(1294,2,33,6,17,542.844000101089,'2012-10-31 07:18:18','2012-10-31 07:18:18'),(1295,2,33,6,17,357.530999898911,'2012-10-31 07:24:15','2012-10-31 07:24:15'),(1296,2,33,6,17,490.40700006485,'2012-10-31 07:32:26','2012-10-31 07:32:26'),(1297,2,33,6,17,48.7660000324249,'2012-10-31 07:33:18','2012-10-31 07:33:18'),(1298,2,33,6,17,357.43700003624,'2012-10-31 07:39:16','2012-10-31 07:39:16'),(1299,4,17,13,7,900,'2012-10-31 07:41:21','2012-10-31 07:41:21'),(1300,3,33,17,1,900,'2012-10-31 07:43:38','2012-10-31 07:43:38'),(1301,2,33,6,17,493.796999931335,'2012-10-31 07:47:01','2012-10-31 07:47:01'),(1302,2,33,6,17,49.0310001373291,'2012-10-31 07:47:50','2012-10-31 07:47:50'),(1303,2,33,6,17,357.515999794006,'2012-10-31 07:53:46','2012-10-31 07:53:46'),(1304,4,17,13,7,900.375,'2012-10-31 07:56:22','2012-10-31 07:56:22'),(1305,3,33,17,1,900.452999830246,'2012-10-31 07:58:38','2012-10-31 07:58:38'),(1306,2,33,6,17,493.781000137329,'2012-10-31 08:01:58','2012-10-31 08:01:58'),(1307,2,33,6,17,49.1089999675751,'2012-10-31 08:02:47','2012-10-31 08:02:47'),(1308,2,33,6,17,274.18799996376,'2012-10-31 08:08:44','2012-10-31 08:08:44'),(1309,4,17,13,7,900.421999931335,'2012-10-31 08:11:22','2012-10-31 08:11:22'),(1310,3,33,17,1,900.406000137329,'2012-10-31 08:13:38','2012-10-31 08:13:38'),(1311,2,33,6,17,493.875,'2012-10-31 08:16:56','2012-10-31 08:16:56'),(1312,2,33,6,17,49.1719999313354,'2012-10-31 08:17:45','2012-10-31 08:17:45'),(1313,2,33,6,17,290.453000068665,'2012-10-31 08:22:35','2012-10-31 08:22:35'),(1314,2,33,6,2,57.4530000686646,'2012-10-31 08:23:41','2012-10-31 08:23:41'),(1315,4,17,13,7,900.453000068665,'2012-10-31 08:26:22','2012-10-31 08:26:22'),(1316,3,33,17,1,900.343999862671,'2012-10-31 08:28:39','2012-10-31 08:28:39'),(1317,2,33,6,2,493.875,'2012-10-31 08:31:55','2012-10-31 08:31:55'),(1318,2,33,6,2,49.1559998989105,'2012-10-31 08:32:44','2012-10-31 08:32:44'),(1319,2,33,6,2,299.516000032425,'2012-10-31 08:37:43','2012-10-31 08:37:43'),(1320,2,33,6,2,57.7969999313354,'2012-10-31 08:38:41','2012-10-31 08:38:41'),(1321,4,17,13,7,900.327999830246,'2012-10-31 08:41:22','2012-10-31 08:41:22'),(1322,3,33,17,1,900.375,'2012-10-31 08:43:39','2012-10-31 08:43:39'),(1323,2,33,6,2,493.921999931335,'2012-10-31 08:46:50','2012-10-31 08:46:50'),(1324,2,33,6,2,49.0940001010895,'2012-10-31 08:47:39','2012-10-31 08:47:39'),(1325,2,33,6,2,299.59299993515,'2012-10-31 08:52:38','2012-10-31 08:52:38'),(1326,2,33,6,2,57.6410000324249,'2012-10-31 08:53:36','2012-10-31 08:53:36'),(1327,4,17,13,7,900.360000133514,'2012-10-31 08:56:21','2012-10-31 08:56:21'),(1328,3,33,17,1,900.328000068665,'2012-10-31 08:58:39','2012-10-31 08:58:39'),(1329,2,33,6,2,494.06200003624,'2012-10-31 09:01:50','2012-10-31 09:01:50'),(1330,2,33,6,2,49.0789999961853,'2012-10-31 09:02:39','2012-10-31 09:02:39'),(1331,2,33,6,2,299.640000104904,'2012-10-31 09:07:38','2012-10-31 09:07:38'),(1332,2,33,6,2,57.5309998989105,'2012-10-31 09:08:36','2012-10-31 09:08:36'),(1333,4,17,13,7,900.34299993515,'2012-10-31 09:11:21','2012-10-31 09:11:21'),(1334,3,33,17,1,900.358999967575,'2012-10-31 09:13:40','2012-10-31 09:13:40'),(1335,2,33,6,2,494.141000032425,'2012-10-31 09:16:50','2012-10-31 09:16:50'),(1336,2,33,6,2,49.1089999675751,'2012-10-31 09:17:39','2012-10-31 09:17:39'),(1337,2,33,6,2,299.578999996185,'2012-10-31 09:22:39','2012-10-31 09:22:39'),(1338,2,33,6,2,57.5309998989105,'2012-10-31 09:23:36','2012-10-31 09:23:36'),(1339,4,17,13,7,900.359999895096,'2012-10-31 09:26:18','2012-10-31 09:26:18'),(1340,3,33,17,1,900.375,'2012-10-31 09:28:40','2012-10-31 09:28:40'),(1341,2,33,6,2,494.156000137329,'2012-10-31 09:31:50','2012-10-31 09:31:50'),(1342,2,33,6,2,49.0939998626709,'2012-10-31 09:32:40','2012-10-31 09:32:40'),(1343,2,33,6,2,299.578000068665,'2012-10-31 09:37:39','2012-10-31 09:37:39'),(1344,2,33,6,2,57.5310001373291,'2012-10-31 09:38:37','2012-10-31 09:38:37'),(1345,4,17,13,7,900.375,'2012-10-31 09:41:17','2012-10-31 09:41:17'),(1346,3,33,17,1,900.391000032425,'2012-10-31 09:43:41','2012-10-31 09:43:41'),(1347,2,33,6,2,494.155999898911,'2012-10-31 09:46:51','2012-10-31 09:46:51'),(1348,2,33,6,2,49.125,'2012-10-31 09:47:40','2012-10-31 09:47:40'),(1349,2,33,6,2,299.56299996376,'2012-10-31 09:52:40','2012-10-31 09:52:40'),(1350,2,33,6,2,57.5310001373291,'2012-10-31 09:53:37','2012-10-31 09:53:37'),(1351,4,17,13,7,900.359000205994,'2012-10-31 09:56:17','2012-10-31 09:56:17'),(1352,3,33,17,1,900.296999931335,'2012-10-31 09:58:41','2012-10-31 09:58:41'),(1353,2,33,6,2,494.155999898911,'2012-10-31 10:01:51','2012-10-31 10:01:51'),(1354,2,33,6,2,49.1099998950958,'2012-10-31 10:02:40','2012-10-31 10:02:40'),(1355,2,33,6,2,299.56200003624,'2012-10-31 10:07:40','2012-10-31 10:07:40'),(1356,2,33,6,2,57.5320000648499,'2012-10-31 10:08:37','2012-10-31 10:08:37'),(1357,4,17,13,7,900.390999794006,'2012-10-31 10:11:18','2012-10-31 10:11:18'),(1358,3,33,17,1,900.390000104904,'2012-10-31 10:13:41','2012-10-31 10:13:41'),(1359,2,33,6,2,494.155999898911,'2012-10-31 10:16:52','2012-10-31 10:16:52'),(1360,2,33,6,2,49.1090002059937,'2012-10-31 10:17:41','2012-10-31 10:17:41'),(1361,2,33,6,2,299.56299996376,'2012-10-31 10:22:40','2012-10-31 10:22:40'),(1362,2,33,6,2,57.4219999313354,'2012-10-31 10:23:38','2012-10-31 10:23:38'),(1363,4,17,13,7,900.406000137329,'2012-10-31 10:26:17','2012-10-31 10:26:17'),(1364,3,33,17,1,900.328999996185,'2012-10-31 10:28:41','2012-10-31 10:28:41'),(1365,2,33,6,2,494.265000104904,'2012-10-31 10:31:52','2012-10-31 10:31:52'),(1366,2,33,6,2,49.1099998950958,'2012-10-31 10:32:41','2012-10-31 10:32:41'),(1367,2,33,6,2,299.56200003624,'2012-10-31 10:37:41','2012-10-31 10:37:41'),(1368,2,33,6,2,57.4219999313354,'2012-10-31 10:38:38','2012-10-31 10:38:38'),(1369,4,17,13,7,900.405999898911,'2012-10-31 10:41:17','2012-10-31 10:41:17'),(1370,3,33,17,1,900.280999898911,'2012-10-31 10:43:42','2012-10-31 10:43:42'),(1371,2,33,6,2,494.266000032425,'2012-10-31 10:46:52','2012-10-31 10:46:52'),(1372,2,33,6,2,49.1089999675751,'2012-10-31 10:47:41','2012-10-31 10:47:41'),(1373,2,33,6,2,299.469000101089,'2012-10-31 10:52:41','2012-10-31 10:52:41'),(1374,2,33,6,2,57.5309998989105,'2012-10-31 10:53:38','2012-10-31 10:53:38'),(1375,4,17,13,7,900.422000169754,'2012-10-31 10:56:17','2012-10-31 10:56:17'),(1376,3,33,17,1,900.328000068665,'2012-10-31 10:58:42','2012-10-31 10:58:42'),(1377,2,33,6,2,494.25,'2012-10-31 11:01:53','2012-10-31 11:01:53'),(1378,2,33,6,2,49.1089999675751,'2012-10-31 11:02:42','2012-10-31 11:02:42'),(1379,2,33,6,2,299.469000101089,'2012-10-31 11:07:41','2012-10-31 11:07:41'),(1380,2,33,6,2,57.5309998989105,'2012-10-31 11:08:39','2012-10-31 11:08:39'),(1381,4,17,13,7,900.218999862671,'2012-10-31 11:11:15','2012-10-31 11:11:15'),(1382,3,33,17,1,900.358999967575,'2012-10-31 11:13:42','2012-10-31 11:13:42'),(1383,2,33,6,2,494.25,'2012-10-31 11:16:53','2012-10-31 11:16:53'),(1384,2,33,6,2,49.1100001335144,'2012-10-31 11:17:42','2012-10-31 11:17:42'),(1385,2,33,6,2,299.46799993515,'2012-10-31 11:22:42','2012-10-31 11:22:42'),(1386,2,33,6,2,57.5320000648499,'2012-10-31 11:23:39','2012-10-31 11:23:39'),(1387,4,17,13,7,900.219000101089,'2012-10-31 11:26:05','2012-10-31 11:26:05'),(1388,3,33,17,1,900.28200006485,'2012-10-31 11:28:43','2012-10-31 11:28:43'),(1389,2,33,6,2,494.25,'2012-10-31 11:31:53','2012-10-31 11:31:53'),(1390,2,33,6,2,49.1089999675751,'2012-10-31 11:32:43','2012-10-31 11:32:43'),(1391,2,33,6,2,299.468999862671,'2012-10-31 11:37:42','2012-10-31 11:37:42'),(1392,2,33,6,2,57.5310001373291,'2012-10-31 11:38:40','2012-10-31 11:38:40'),(1393,4,17,13,7,901.625,'2012-10-31 11:41:00','2012-10-31 11:41:00'),(1394,3,33,17,1,900.515000104904,'2012-10-31 11:43:43','2012-10-31 11:43:43'),(1395,2,33,6,2,494.25,'2012-10-31 11:46:54','2012-10-31 11:46:54'),(1396,2,33,6,2,49.1089999675751,'2012-10-31 11:47:43','2012-10-31 11:47:43'),(1397,2,33,6,2,299.469000101089,'2012-10-31 11:52:42','2012-10-31 11:52:42'),(1398,2,33,6,2,57.5309998989105,'2012-10-31 11:53:40','2012-10-31 11:53:40'),(1399,4,17,13,7,900.34299993515,'2012-10-31 11:55:57','2012-10-31 11:55:57'),(1400,3,33,17,1,900.43799996376,'2012-10-31 11:58:43','2012-10-31 11:58:43'),(1401,2,33,6,2,494.266000032425,'2012-10-31 12:01:54','2012-10-31 12:01:54'),(1402,2,33,6,2,48.9839999675751,'2012-10-31 12:02:43','2012-10-31 12:02:43'),(1403,2,33,6,2,299.578999996185,'2012-10-31 12:07:43','2012-10-31 12:07:43'),(1404,2,33,6,2,57.5309998989105,'2012-10-31 12:08:40','2012-10-31 12:08:40'),(1405,4,17,13,7,900.40700006485,'2012-10-31 12:10:49','2012-10-31 12:10:49'),(1406,3,33,17,1,900.375,'2012-10-31 12:13:44','2012-10-31 12:13:44'),(1407,2,33,6,2,488.344000101089,'2012-10-31 12:16:49','2012-10-31 12:16:49'),(1408,4,17,13,7,374.405999898911,'2012-10-31 12:16:53','2012-10-31 12:16:53'),(1409,2,33,6,2,147.516000032425,'2012-10-31 12:22:43','2012-10-31 12:22:43'),(1410,2,33,6,2,57.5310001373291,'2012-10-31 12:23:41','2012-10-31 12:23:41'),(1411,4,17,13,17,512.671000003815,'2012-10-31 12:25:39','2012-10-31 12:25:39'),(1412,3,33,17,1,900.296999931335,'2012-10-31 12:28:44','2012-10-31 12:28:44'),(1413,4,17,13,17,387.344000101089,'2012-10-31 12:32:04','2012-10-31 12:32:04'),(1414,2,33,6,2,694.952999830246,'2012-10-31 12:35:16','2012-10-31 12:35:16'),(1415,2,33,6,2,147.875,'2012-10-31 12:37:44','2012-10-31 12:37:44'),(1416,2,33,6,2,57.5320000648499,'2012-10-31 12:38:41','2012-10-31 12:38:41'),(1417,4,17,13,17,513.109999895096,'2012-10-31 12:40:30','2012-10-31 12:40:30'),(1418,3,33,17,1,900.421000003815,'2012-10-31 12:43:44','2012-10-31 12:43:44'),(1419,4,17,13,17,387.265000104904,'2012-10-31 12:46:52','2012-10-31 12:46:52'),(1420,2,33,6,2,694.96799993515,'2012-10-31 12:50:16','2012-10-31 12:50:16'),(1421,2,33,6,2,147.875,'2012-10-31 12:52:44','2012-10-31 12:52:44'),(1422,2,33,6,2,57.5320000648499,'2012-10-31 12:53:41','2012-10-31 12:53:41'),(1423,4,17,13,17,513.077999830246,'2012-10-31 12:55:20','2012-10-31 12:55:20'),(1424,3,33,17,1,900.421999931335,'2012-10-31 12:58:45','2012-10-31 12:58:45'),(1425,4,17,13,17,387.28200006485,'2012-10-31 13:01:47','2012-10-31 13:01:47'),(1426,2,33,6,2,694.96799993515,'2012-10-31 13:05:16','2012-10-31 13:05:16'),(1427,2,33,6,2,147.766000032425,'2012-10-31 13:07:44','2012-10-31 13:07:44'),(1428,2,33,6,2,57.625,'2012-10-31 13:08:41','2012-10-31 13:08:41'),(1429,4,17,13,17,513.125,'2012-10-31 13:10:15','2012-10-31 13:10:15'),(1430,3,33,17,1,900.40700006485,'2012-10-31 13:13:45','2012-10-31 13:13:45'),(1431,4,17,13,17,310.030999898911,'2012-10-31 13:16:43','2012-10-31 13:16:43'),(1432,2,33,6,2,694.969000101089,'2012-10-31 13:20:14','2012-10-31 13:20:14'),(1433,2,33,6,2,147.84299993515,'2012-10-31 13:22:42','2012-10-31 13:22:42'),(1434,2,33,6,2,57.6099998950958,'2012-10-31 13:23:39','2012-10-31 13:23:39'),(1435,4,17,13,17,513.234000205994,'2012-10-31 13:25:16','2012-10-31 13:25:16'),(1436,3,33,17,1,900.390000104904,'2012-10-31 13:28:45','2012-10-31 13:28:45'),(1437,4,17,13,17,387.077999830246,'2012-10-31 13:31:43','2012-10-31 13:31:43'),(1438,2,33,6,2,694.953000068665,'2012-10-31 13:35:14','2012-10-31 13:35:14'),(1439,2,33,6,2,147.656000137329,'2012-10-31 13:37:42','2012-10-31 13:37:42'),(1440,2,33,6,2,57.75,'2012-10-31 13:38:40','2012-10-31 13:38:40'),(1441,4,17,13,17,513.28200006485,'2012-10-31 13:40:16','2012-10-31 13:40:16'),(1442,3,33,17,1,900.375,'2012-10-31 13:43:46','2012-10-31 13:43:46'),(1443,4,17,13,17,387.09299993515,'2012-10-31 13:46:43','2012-10-31 13:46:43'),(1444,2,33,6,2,695.030999898911,'2012-10-31 13:50:15','2012-10-31 13:50:15'),(1445,2,33,6,2,147.641000032425,'2012-10-31 13:52:42','2012-10-31 13:52:42'),(1446,2,33,6,2,57.6410000324249,'2012-10-31 13:53:40','2012-10-31 13:53:40'),(1447,4,17,13,17,513.28200006485,'2012-10-31 13:55:17','2012-10-31 13:55:17'),(1448,3,33,17,1,900.421999931335,'2012-10-31 13:58:46','2012-10-31 13:58:46'),(1449,4,17,13,17,387.078000068665,'2012-10-31 14:01:44','2012-10-31 14:01:44'),(1450,2,33,6,2,695.077999830246,'2012-10-31 14:05:15','2012-10-31 14:05:15'),(1451,2,33,6,2,147.656000137329,'2012-10-31 14:07:42','2012-10-31 14:07:42'),(1452,2,33,6,2,57.6410000324249,'2012-10-31 14:08:39','2012-10-31 14:08:39'),(1453,4,17,13,17,513.296999931335,'2012-10-31 14:10:16','2012-10-31 14:10:16'),(1454,3,33,17,1,900.328000068665,'2012-10-31 14:13:47','2012-10-31 14:13:47'),(1455,4,17,13,17,387.09299993515,'2012-10-31 14:16:42','2012-10-31 14:16:42'),(1456,2,33,6,2,695.077999830246,'2012-10-31 14:20:13','2012-10-31 14:20:13'),(1457,2,33,6,2,147.625,'2012-10-31 14:22:40','2012-10-31 14:22:40'),(1458,2,33,6,2,57.672000169754,'2012-10-31 14:23:38','2012-10-31 14:23:38'),(1459,4,17,13,17,513.328000068665,'2012-10-31 14:25:13','2012-10-31 14:25:13'),(1460,3,33,17,1,900.421999931335,'2012-10-31 14:28:47','2012-10-31 14:28:47'),(1461,4,17,13,17,387.046999931335,'2012-10-31 14:31:35','2012-10-31 14:31:35'),(1462,2,33,6,2,695.09299993515,'2012-10-31 14:35:13','2012-10-31 14:35:13'),(1463,2,33,6,2,147.65700006485,'2012-10-31 14:37:41','2012-10-31 14:37:41'),(1464,2,33,6,2,57.6399998664856,'2012-10-31 14:38:38','2012-10-31 14:38:38'),(1465,4,17,13,17,513.25,'2012-10-31 14:40:08','2012-10-31 14:40:08'),(1466,3,33,17,1,900.405999898911,'2012-10-31 14:43:47','2012-10-31 14:43:47'),(1467,4,17,13,17,387.15700006485,'2012-10-31 14:46:35','2012-10-31 14:46:35'),(1468,2,33,6,2,695.078000068665,'2012-10-31 14:50:13','2012-10-31 14:50:13'),(1469,2,33,6,2,147.641000032425,'2012-10-31 14:52:41','2012-10-31 14:52:41'),(1470,2,33,6,2,57.6410000324249,'2012-10-31 14:53:39','2012-10-31 14:53:39'),(1471,4,17,13,17,513.18700003624,'2012-10-31 14:55:02','2012-10-31 14:55:02'),(1472,3,33,17,1,900.375,'2012-10-31 14:58:48','2012-10-31 14:58:48'),(1473,4,17,13,17,387.203000068665,'2012-10-31 15:01:28','2012-10-31 15:01:28'),(1474,2,33,6,2,695.077999830246,'2012-10-31 15:05:14','2012-10-31 15:05:14'),(1475,2,33,6,2,147.640000104904,'2012-10-31 15:07:41','2012-10-31 15:07:41'),(1476,2,33,6,2,57.5469999313354,'2012-10-31 15:08:39','2012-10-31 15:08:39'),(1477,4,17,13,17,513.218999862671,'2012-10-31 15:10:01','2012-10-31 15:10:01'),(1478,3,33,17,1,900.31299996376,'2012-10-31 15:13:48','2012-10-31 15:13:48'),(1479,4,17,13,17,387.141000032425,'2012-10-31 15:16:24','2012-10-31 15:16:24'),(1480,2,33,6,2,695.203000068665,'2012-10-31 15:20:14','2012-10-31 15:20:14'),(1481,2,33,6,2,80.0469999313354,'2012-10-31 15:21:34','2012-10-31 15:21:34'),(1482,3,33,17,1,613.31200003624,'2012-10-31 15:24:01','2012-10-31 15:24:01'),(1483,4,17,13,17,513.155999898911,'2012-10-31 15:24:56','2012-10-31 15:24:56'),(1484,4,17,13,17,387.172000169754,'2012-10-31 15:31:21','2012-10-31 15:31:21'),(1485,4,17,13,17,513.233999967575,'2012-10-31 15:39:53','2012-10-31 15:39:53'),(1486,4,17,13,17,91.1089999675751,'2012-10-31 15:41:24','2012-10-31 15:41:24'),(1487,4,17,13,17,91.4059998989105,'2012-10-31 15:41:24','2012-10-31 15:41:24'),(1488,3,33,17,1,900,'2012-11-02 07:17:58','2012-11-02 07:17:58'),(1489,4,17,13,7,900,'2012-11-02 07:20:50','2012-11-02 07:20:50'),(1490,3,33,17,1,900.375,'2012-11-02 07:32:59','2012-11-02 07:32:59'),(1491,4,17,13,7,900.297000169754,'2012-11-02 07:35:48','2012-11-02 07:35:48'),(1492,3,33,17,1,900.375,'2012-11-02 07:47:59','2012-11-02 07:47:59'),(1493,4,17,13,7,900.452999830246,'2012-11-02 07:50:45','2012-11-02 07:50:45'),(1494,3,33,17,1,900.390999794006,'2012-11-02 08:02:59','2012-11-02 08:02:59'),(1495,4,17,13,7,900.375,'2012-11-02 08:05:44','2012-11-02 08:05:44'),(1496,3,33,17,1,900.406000137329,'2012-11-02 08:18:00','2012-11-02 08:18:00'),(1497,4,17,13,7,900.391000032425,'2012-11-02 08:20:43','2012-11-02 08:20:43'),(1498,3,33,17,1,900.280999898911,'2012-11-02 08:33:00','2012-11-02 08:33:00'),(1499,4,17,13,7,900.296999931335,'2012-11-02 08:35:43','2012-11-02 08:35:43'),(1500,3,33,17,1,900.391000032425,'2012-11-02 08:48:00','2012-11-02 08:48:00'),(1501,4,17,13,7,900.422000169754,'2012-11-02 08:50:43','2012-11-02 08:50:43'),(1502,3,33,17,1,900.375,'2012-11-02 09:03:01','2012-11-02 09:03:01'),(1503,4,17,13,7,900.389999866486,'2012-11-02 09:05:43','2012-11-02 09:05:43'),(1504,3,33,17,1,900.406000137329,'2012-11-02 09:18:01','2012-11-02 09:18:01'),(1505,4,17,13,7,900.328000068665,'2012-11-02 09:20:43','2012-11-02 09:20:43'),(1506,3,33,17,1,900.296999931335,'2012-11-02 09:33:01','2012-11-02 09:33:01'),(1507,4,17,13,7,900.375,'2012-11-02 09:35:41','2012-11-02 09:35:41'),(1508,3,33,17,1,900.405999898911,'2012-11-02 09:48:02','2012-11-02 09:48:02'),(1509,4,17,13,7,900.375,'2012-11-02 09:50:40','2012-11-02 09:50:40'),(1510,4,17,13,7,339.844000101089,'2012-11-02 09:56:20','2012-11-02 09:56:20'),(1511,3,33,17,1,900.391000032425,'2012-11-02 10:03:02','2012-11-02 10:03:02'),(1512,4,33,18,2,503.06200003624,'2012-11-02 10:05:39','2012-11-02 10:05:39'),(1513,4,33,18,2,396.93799996376,'2012-11-02 10:12:16','2012-11-02 10:12:16'),(1514,3,33,17,1,900.375,'2012-11-02 10:18:03','2012-11-02 10:18:03'),(1515,4,33,18,2,503.483999967575,'2012-11-02 10:20:39','2012-11-02 10:20:39'),(1516,4,33,18,2,396.860000133514,'2012-11-02 10:27:15','2012-11-02 10:27:15'),(1517,3,33,17,1,900.391000032425,'2012-11-02 10:33:03','2012-11-02 10:33:03'),(1518,4,33,18,2,503.5,'2012-11-02 10:35:38','2012-11-02 10:35:38'),(1519,4,33,18,2,396.921999931335,'2012-11-02 10:42:14','2012-11-02 10:42:14'),(1520,3,33,17,1,900.390000104904,'2012-11-02 10:48:03','2012-11-02 10:48:03'),(1521,4,33,18,2,503.405999898911,'2012-11-02 10:50:37','2012-11-02 10:50:37'),(1522,4,33,18,2,396.93700003624,'2012-11-02 10:57:14','2012-11-02 10:57:14'),(1523,3,33,17,1,900.421999931335,'2012-11-02 11:03:04','2012-11-02 11:03:04'),(1524,4,33,18,2,503.5,'2012-11-02 11:05:37','2012-11-02 11:05:37'),(1525,4,33,18,2,396.922000169754,'2012-11-02 11:12:14','2012-11-02 11:12:14'),(1526,3,33,17,1,900.391000032425,'2012-11-02 11:18:04','2012-11-02 11:18:04'),(1527,4,33,18,2,503.452999830246,'2012-11-02 11:20:37','2012-11-02 11:20:37'),(1528,4,33,18,2,396.953000068665,'2012-11-02 11:27:14','2012-11-02 11:27:14'),(1529,3,33,17,1,900.389999866486,'2012-11-02 11:33:04','2012-11-02 11:33:04'),(1530,4,33,18,2,503.375,'2012-11-02 11:35:37','2012-11-02 11:35:37'),(1531,4,33,18,2,397.016000032425,'2012-11-02 11:42:13','2012-11-02 11:42:13'),(1532,3,33,17,1,900.28200006485,'2012-11-02 11:48:05','2012-11-02 11:48:05'),(1533,4,33,18,2,503.421999931335,'2012-11-02 11:50:36','2012-11-02 11:50:36'),(1534,4,33,18,2,396.983999967575,'2012-11-02 11:57:13','2012-11-02 11:57:13'),(1535,3,33,17,1,900.34299993515,'2012-11-02 12:03:05','2012-11-02 12:03:05'),(1536,4,33,18,2,503.453000068665,'2012-11-02 12:05:36','2012-11-02 12:05:36'),(1537,4,33,18,2,396.921999931335,'2012-11-02 12:12:13','2012-11-02 12:12:13'),(1538,3,33,17,1,900.391000032425,'2012-11-02 12:18:05','2012-11-02 12:18:05'),(1539,4,33,18,2,503.40700006485,'2012-11-02 12:20:37','2012-11-02 12:20:37'),(1540,4,33,18,2,396.96799993515,'2012-11-02 12:27:13','2012-11-02 12:27:13'),(1541,3,33,17,1,900.391000032425,'2012-11-02 12:33:06','2012-11-02 12:33:06'),(1542,4,33,18,2,503.469000101089,'2012-11-02 12:35:37','2012-11-02 12:35:37'),(1543,4,33,18,2,396.843999862671,'2012-11-02 12:42:13','2012-11-02 12:42:13'),(1544,3,33,17,1,900.375,'2012-11-02 12:48:06','2012-11-02 12:48:06'),(1545,4,33,18,2,503.515000104904,'2012-11-02 12:50:37','2012-11-02 12:50:37'),(1546,4,33,18,2,396.828999996185,'2012-11-02 12:57:14','2012-11-02 12:57:14'),(1547,3,33,17,1,900.390000104904,'2012-11-02 13:03:06','2012-11-02 13:03:06'),(1548,4,33,18,2,503.46799993515,'2012-11-02 13:05:37','2012-11-02 13:05:37'),(1549,4,33,18,2,396.828000068665,'2012-11-02 13:12:14','2012-11-02 13:12:14'),(1550,3,33,17,1,900.390999794006,'2012-11-02 13:18:07','2012-11-02 13:18:07'),(1551,4,33,18,2,503.546999931335,'2012-11-02 13:20:37','2012-11-02 13:20:37'),(1552,4,33,18,2,396.797000169754,'2012-11-02 13:27:14','2012-11-02 13:27:14'),(1553,3,33,17,1,900.390000104904,'2012-11-02 13:33:07','2012-11-02 13:33:07'),(1554,4,33,18,2,503.56299996376,'2012-11-02 13:35:37','2012-11-02 13:35:37'),(1555,4,33,18,2,396.71799993515,'2012-11-02 13:42:14','2012-11-02 13:42:14'),(1556,3,33,17,1,900.344000101089,'2012-11-02 13:48:08','2012-11-02 13:48:08'),(1557,4,33,18,2,503.703999996185,'2012-11-02 13:50:38','2012-11-02 13:50:38'),(1558,4,33,18,2,396.71799993515,'2012-11-02 13:57:13','2012-11-02 13:57:13'),(1559,3,33,17,1,900.296999931335,'2012-11-02 14:03:08','2012-11-02 14:03:08'),(1560,4,33,18,2,503.65700006485,'2012-11-02 14:05:37','2012-11-02 14:05:37'),(1561,4,33,18,2,396.75,'2012-11-02 14:12:13','2012-11-02 14:12:13'),(1562,3,33,17,1,900.343999862671,'2012-11-02 14:18:08','2012-11-02 14:18:08'),(1563,4,33,18,2,503.625,'2012-11-02 14:20:37','2012-11-02 14:20:37'),(1564,4,33,18,2,396.796000003815,'2012-11-02 14:27:13','2012-11-02 14:27:13'),(1565,3,33,17,1,900.390000104904,'2012-11-02 14:33:08','2012-11-02 14:33:08'),(1566,4,33,18,2,503.625,'2012-11-02 14:35:37','2012-11-02 14:35:37'),(1567,4,33,18,2,396.734999895096,'2012-11-02 14:42:13','2012-11-02 14:42:13'),(1568,3,33,17,1,900.421999931335,'2012-11-02 14:48:09','2012-11-02 14:48:09'),(1569,4,33,18,2,503.68700003624,'2012-11-02 14:50:37','2012-11-02 14:50:37'),(1570,4,33,18,2,396.65700006485,'2012-11-02 14:57:13','2012-11-02 14:57:13'),(1571,3,33,17,1,900.422000169754,'2012-11-02 15:03:09','2012-11-02 15:03:09'),(1572,4,33,18,2,503.703000068665,'2012-11-02 15:05:37','2012-11-02 15:05:37'),(1573,4,33,18,2,396.655999898911,'2012-11-02 15:12:12','2012-11-02 15:12:12'),(1574,3,33,17,1,836.68799996376,'2012-11-02 15:17:06','2012-11-02 15:17:06'),(1575,4,33,18,2,503.68700003624,'2012-11-02 15:20:36','2012-11-02 15:20:36'),(1576,4,33,18,2,396.75,'2012-11-02 15:27:12','2012-11-02 15:27:12'),(1577,4,33,18,2,34.9070000648499,'2012-11-02 15:27:47','2012-11-02 15:27:47'),(1578,4,33,18,2,900.016000032425,'2012-11-05 07:18:26','2012-11-05 07:18:26'),(1579,3,33,17,1,900,'2012-11-05 07:29:00','2012-11-05 07:29:00'),(1580,4,33,18,2,900.328000068665,'2012-11-05 07:33:25','2012-11-05 07:33:25'),(1581,2,33,6,2,900,'2012-11-05 07:43:22','2012-11-05 07:43:22'),(1582,3,33,17,1,900.265000104904,'2012-11-05 07:44:00','2012-11-05 07:44:00'),(1583,4,33,18,2,900.265999794006,'2012-11-05 07:48:25','2012-11-05 07:48:25'),(1584,2,33,6,2,900.40700006485,'2012-11-05 07:58:17','2012-11-05 07:58:17'),(1585,3,33,17,1,900.344000101089,'2012-11-05 07:59:01','2012-11-05 07:59:01'),(1586,4,33,18,2,900.390000104904,'2012-11-05 08:03:22','2012-11-05 08:03:22'),(1587,2,33,6,2,900.421000003815,'2012-11-05 08:13:16','2012-11-05 08:13:16'),(1588,3,33,17,1,900.327999830246,'2012-11-05 08:14:01','2012-11-05 08:14:01'),(1589,4,33,18,2,900.359999895096,'2012-11-05 08:18:18','2012-11-05 08:18:18'),(1590,2,33,6,2,900.344000101089,'2012-11-05 08:28:16','2012-11-05 08:28:16'),(1591,3,33,17,1,900.31299996376,'2012-11-05 08:29:01','2012-11-05 08:29:01'),(1592,4,33,18,2,900.344000101089,'2012-11-05 08:33:19','2012-11-05 08:33:19'),(1593,2,33,6,2,900.405999898911,'2012-11-05 08:43:15','2012-11-05 08:43:15'),(1594,3,33,17,1,900.375,'2012-11-05 08:44:02','2012-11-05 08:44:02'),(1595,4,33,18,2,900.328000068665,'2012-11-05 08:48:19','2012-11-05 08:48:19'),(1596,2,33,6,2,900.266000032425,'2012-11-05 08:58:13','2012-11-05 08:58:13'),(1597,3,33,17,1,900.406000137329,'2012-11-05 08:59:02','2012-11-05 08:59:02'),(1598,4,33,18,2,900.233999967575,'2012-11-05 09:03:18','2012-11-05 09:03:18'),(1599,2,33,6,2,900.328000068665,'2012-11-05 09:13:12','2012-11-05 09:13:12'),(1600,3,33,17,1,900.405999898911,'2012-11-05 09:14:02','2012-11-05 09:14:02'),(1601,4,33,18,2,900.343999862671,'2012-11-05 09:18:18','2012-11-05 09:18:18'),(1602,2,33,6,2,900.327999830246,'2012-11-05 09:28:12','2012-11-05 09:28:12'),(1603,3,33,17,1,900.43799996376,'2012-11-05 09:29:03','2012-11-05 09:29:03'),(1604,4,33,18,2,900.328000068665,'2012-11-05 09:33:18','2012-11-05 09:33:18'),(1605,2,33,6,2,900.391000032425,'2012-11-05 09:43:12','2012-11-05 09:43:12'),(1606,3,33,17,1,900.390000104904,'2012-11-05 09:44:03','2012-11-05 09:44:03'),(1607,4,33,18,2,900.421999931335,'2012-11-05 09:48:17','2012-11-05 09:48:17'),(1608,2,33,6,2,900.344000101089,'2012-11-05 09:58:00','2012-11-05 09:58:00'),(1609,3,33,17,1,900.40700006485,'2012-11-05 09:59:03','2012-11-05 09:59:03'),(1610,4,33,18,2,900.406000137329,'2012-11-05 10:03:15','2012-11-05 10:03:15'),(1611,2,33,6,2,900.43700003624,'2012-11-05 10:12:59','2012-11-05 10:12:59'),(1612,3,33,17,1,900.358999967575,'2012-11-05 10:14:04','2012-11-05 10:14:04'),(1613,4,33,18,2,900.343999862671,'2012-11-05 10:18:14','2012-11-05 10:18:14'),(1614,2,33,6,2,900.375,'2012-11-05 10:27:57','2012-11-05 10:27:57'),(1615,3,33,17,1,900.391000032425,'2012-11-05 10:29:04','2012-11-05 10:29:04'),(1616,4,33,18,2,900.43700003624,'2012-11-05 10:33:14','2012-11-05 10:33:14'),(1617,2,33,6,2,900.359999895096,'2012-11-05 10:42:54','2012-11-05 10:42:54'),(1618,3,33,17,1,900.421999931335,'2012-11-05 10:44:05','2012-11-05 10:44:05'),(1619,4,33,18,2,900.25,'2012-11-05 10:48:14','2012-11-05 10:48:14'),(1620,2,33,6,2,900.421000003815,'2012-11-05 10:57:52','2012-11-05 10:57:52'),(1621,3,33,17,1,900.43700003624,'2012-11-05 10:59:05','2012-11-05 10:59:05'),(1622,4,33,18,2,900.422000169754,'2012-11-05 11:03:13','2012-11-05 11:03:13'),(1623,2,33,6,2,900.40700006485,'2012-11-05 11:12:52','2012-11-05 11:12:52'),(1624,3,33,17,1,900.43799996376,'2012-11-05 11:14:05','2012-11-05 11:14:05'),(1625,4,33,18,2,900.405999898911,'2012-11-05 11:18:13','2012-11-05 11:18:13'),(1626,2,33,6,2,900.34299993515,'2012-11-05 11:27:51','2012-11-05 11:27:51'),(1627,3,33,17,1,900.421000003815,'2012-11-05 11:29:06','2012-11-05 11:29:06'),(1628,4,33,18,2,900.391000032425,'2012-11-05 11:33:13','2012-11-05 11:33:13'),(1629,2,33,6,2,900.375,'2012-11-05 11:42:51','2012-11-05 11:42:51'),(1630,3,33,17,1,900.328999996185,'2012-11-05 11:44:06','2012-11-05 11:44:06'),(1631,4,33,18,2,900.405999898911,'2012-11-05 11:48:13','2012-11-05 11:48:13'),(1632,2,33,6,2,900.421999931335,'2012-11-05 11:57:51','2012-11-05 11:57:51'),(1633,3,33,17,1,900.405999898911,'2012-11-05 11:59:06','2012-11-05 11:59:06'),(1634,4,33,18,2,900.297000169754,'2012-11-05 12:03:13','2012-11-05 12:03:13'),(1635,2,33,6,2,900.360000133514,'2012-11-05 12:12:51','2012-11-05 12:12:51'),(1636,3,33,17,1,900.422000169754,'2012-11-05 12:14:07','2012-11-05 12:14:07'),(1637,4,33,18,2,900.359999895096,'2012-11-05 12:18:13','2012-11-05 12:18:13'),(1638,2,33,6,2,900.421999931335,'2012-11-05 12:27:51','2012-11-05 12:27:51'),(1639,3,33,17,1,900.296999931335,'2012-11-05 12:29:07','2012-11-05 12:29:07'),(1640,4,33,18,2,900.405999898911,'2012-11-05 12:33:12','2012-11-05 12:33:12'),(1641,2,33,6,2,900.34299993515,'2012-11-05 12:42:51','2012-11-05 12:42:51'),(1642,3,33,17,1,900.43700003624,'2012-11-05 12:44:07','2012-11-05 12:44:07'),(1643,4,33,18,2,900.297000169754,'2012-11-05 12:48:12','2012-11-05 12:48:12'),(1644,2,33,6,2,900.375,'2012-11-05 12:57:51','2012-11-05 12:57:51'),(1645,3,33,17,1,900.391000032425,'2012-11-05 12:59:08','2012-11-05 12:59:08'),(1646,4,33,18,2,900.358999967575,'2012-11-05 13:03:11','2012-11-05 13:03:11'),(1647,2,33,6,2,900.360000133514,'2012-11-05 13:12:49','2012-11-05 13:12:49'),(1648,3,33,17,1,900.421999931335,'2012-11-05 13:14:08','2012-11-05 13:14:08'),(1649,4,33,18,2,900.296999931335,'2012-11-05 13:18:10','2012-11-05 13:18:10'),(1650,2,33,6,2,900.43700003624,'2012-11-05 13:27:49','2012-11-05 13:27:49'),(1651,3,33,17,1,900.390000104904,'2012-11-05 13:29:08','2012-11-05 13:29:08'),(1652,4,33,18,2,900.358999967575,'2012-11-05 13:33:10','2012-11-05 13:33:10'),(1653,2,33,6,2,900.343999862671,'2012-11-05 13:42:49','2012-11-05 13:42:49'),(1654,3,33,17,1,900.343999862671,'2012-11-05 13:44:09','2012-11-05 13:44:09'),(1655,4,33,18,2,900.422000169754,'2012-11-05 13:48:09','2012-11-05 13:48:09'),(1656,2,33,6,2,900.358999967575,'2012-11-05 13:57:49','2012-11-05 13:57:49'),(1657,3,33,17,1,900.406000137329,'2012-11-05 13:59:09','2012-11-05 13:59:09'),(1658,4,33,18,2,900.390999794006,'2012-11-05 14:03:07','2012-11-05 14:03:07'),(1659,2,33,6,2,900.391000032425,'2012-11-05 14:12:48','2012-11-05 14:12:48'),(1660,3,33,17,1,900.405999898911,'2012-11-05 14:14:09','2012-11-05 14:14:09'),(1661,4,33,18,2,900.422000169754,'2012-11-05 14:18:07','2012-11-05 14:18:07'),(1662,2,33,6,2,900.344000101089,'2012-11-05 14:27:46','2012-11-05 14:27:46'),(1663,3,33,17,1,900.375,'2012-11-05 14:29:10','2012-11-05 14:29:10'),(1664,4,33,18,2,900.358999967575,'2012-11-05 14:33:06','2012-11-05 14:33:06'),(1665,2,33,6,2,900.21799993515,'2012-11-05 14:42:46','2012-11-05 14:42:46'),(1666,3,33,17,1,900.344000101089,'2012-11-05 14:44:10','2012-11-05 14:44:10'),(1667,4,33,18,2,900.483999967575,'2012-11-05 14:48:05','2012-11-05 14:48:05'),(1668,2,33,6,2,900.375,'2012-11-05 14:57:46','2012-11-05 14:57:46'),(1669,3,33,17,1,900.390999794006,'2012-11-05 14:59:10','2012-11-05 14:59:10'),(1670,4,33,18,2,900.25,'2012-11-05 15:03:05','2012-11-05 15:03:05'),(1671,2,33,6,2,900.40700006485,'2012-11-05 15:12:46','2012-11-05 15:12:46'),(1672,3,33,17,1,900.359000205994,'2012-11-05 15:14:11','2012-11-05 15:14:11'),(1673,4,33,18,2,900.391000032425,'2012-11-05 15:18:05','2012-11-05 15:18:05'),(1674,3,33,17,1,287.140999794006,'2012-11-05 15:18:58','2012-11-05 15:18:58'),(1675,2,33,6,2,551.796999931335,'2012-11-05 15:21:58','2012-11-05 15:21:58'),(1676,4,33,18,2,644.141000032425,'2012-11-05 15:28:49','2012-11-05 15:28:49'),(1677,2,33,6,2,900,'2012-11-06 07:18:30','2012-11-06 07:18:30'),(1678,4,33,18,2,900,'2012-11-06 07:22:02','2012-11-06 07:22:02'),(1679,3,33,17,1,900,'2012-11-06 07:28:50','2012-11-06 07:28:50'),(1680,2,33,6,2,900.34299993515,'2012-11-06 07:33:30','2012-11-06 07:33:30'),(1681,4,33,18,2,900.375,'2012-11-06 07:37:00','2012-11-06 07:37:00'),(1682,3,33,17,1,900.406000137329,'2012-11-06 07:43:51','2012-11-06 07:43:51'),(1683,2,33,6,2,900.344000101089,'2012-11-06 07:48:27','2012-11-06 07:48:27'),(1684,4,33,18,2,900.360000133514,'2012-11-06 07:52:00','2012-11-06 07:52:00'),(1685,3,33,17,1,900.343999862671,'2012-11-06 07:58:51','2012-11-06 07:58:51'),(1686,2,33,6,2,900.390999794006,'2012-11-06 08:03:26','2012-11-06 08:03:26'),(1687,4,33,18,2,900.327999830246,'2012-11-06 08:07:00','2012-11-06 08:07:00'),(1688,3,33,17,1,900.406000137329,'2012-11-06 08:13:51','2012-11-06 08:13:51'),(1689,2,33,6,2,839.203000068665,'2012-11-06 08:18:24','2012-11-06 08:18:24'),(1690,4,33,18,2,900.344000101089,'2012-11-06 08:22:00','2012-11-06 08:22:00'),(1691,3,33,17,1,900.218999862671,'2012-11-06 08:28:51','2012-11-06 08:28:51'),(1692,2,33,6,2,900.421999931335,'2012-11-06 08:33:24','2012-11-06 08:33:24'),(1693,4,33,18,2,900.421000003815,'2012-11-06 08:37:00','2012-11-06 08:37:00'),(1694,3,33,17,1,900.359000205994,'2012-11-06 08:43:52','2012-11-06 08:43:52'),(1695,2,33,6,2,900.422000169754,'2012-11-06 08:48:21','2012-11-06 08:48:21'),(1696,4,33,18,2,900.328999996185,'2012-11-06 08:52:00','2012-11-06 08:52:00'),(1697,3,33,17,1,900.405999898911,'2012-11-06 08:58:52','2012-11-06 08:58:52'),(1698,2,33,6,2,900.25,'2012-11-06 09:03:21','2012-11-06 09:03:21'),(1699,4,33,18,2,900.358999967575,'2012-11-06 09:07:00','2012-11-06 09:07:00'),(1700,3,33,17,1,900.328999996185,'2012-11-06 09:13:52','2012-11-06 09:13:52'),(1701,2,33,6,2,900.375,'2012-11-06 09:18:20','2012-11-06 09:18:20'),(1702,4,33,18,2,900.43700003624,'2012-11-06 09:22:00','2012-11-06 09:22:00'),(1703,3,33,17,1,900.328000068665,'2012-11-06 09:28:53','2012-11-06 09:28:53'),(1704,2,33,6,2,900.405999898911,'2012-11-06 09:33:20','2012-11-06 09:33:20'),(1705,4,33,18,2,-31621500.0150001,'2012-11-06 09:37:00','2012-11-06 09:37:00'),(1706,3,33,17,1,900.405999898911,'2012-11-06 09:43:53','2012-11-06 09:43:53'),(1707,2,33,6,2,900.391000032425,'2012-11-06 09:48:20','2012-11-06 09:48:20'),(1708,4,33,18,2,900.375,'2012-11-06 09:52:01','2012-11-06 09:52:01'),(1709,3,33,17,1,900.421999931335,'2012-11-06 09:58:53','2012-11-06 09:58:53'),(1710,2,33,6,2,900.265000104904,'2012-11-06 10:03:20','2012-11-06 10:03:20'),(1711,4,33,18,2,900.375,'2012-11-06 10:07:00','2012-11-06 10:07:00'),(1712,3,33,17,1,900.390000104904,'2012-11-06 10:13:54','2012-11-06 10:13:54'),(1713,2,33,6,2,900.390999794006,'2012-11-06 10:18:20','2012-11-06 10:18:20'),(1714,4,33,18,2,900.344000101089,'2012-11-06 10:21:59','2012-11-06 10:21:59'),(1715,3,33,17,1,900.328999996185,'2012-11-06 10:28:54','2012-11-06 10:28:54'),(1716,2,33,6,2,900.422000169754,'2012-11-06 10:33:19','2012-11-06 10:33:19'),(1717,4,33,18,2,900.34299993515,'2012-11-06 10:36:57','2012-11-06 10:36:57'),(1718,3,33,17,1,900.405999898911,'2012-11-06 10:43:54','2012-11-06 10:43:54'),(1719,2,33,6,2,900.389999866486,'2012-11-06 10:48:18','2012-11-06 10:48:18'),(1720,4,33,18,2,900.40700006485,'2012-11-06 10:51:55','2012-11-06 10:51:55'),(1721,3,33,17,1,900.344000101089,'2012-11-06 10:58:54','2012-11-06 10:58:54'),(1722,2,33,6,2,900.40700006485,'2012-11-06 11:03:18','2012-11-06 11:03:18'),(1723,4,33,18,2,900.421000003815,'2012-11-06 11:06:55','2012-11-06 11:06:55'),(1724,3,33,17,1,900.390000104904,'2012-11-06 11:13:55','2012-11-06 11:13:55'),(1725,2,33,6,2,900.328000068665,'2012-11-06 11:18:17','2012-11-06 11:18:17'),(1726,4,33,18,2,900.421999931335,'2012-11-06 11:21:54','2012-11-06 11:21:54'),(1727,3,33,17,1,900.421999931335,'2012-11-06 11:28:55','2012-11-06 11:28:55'),(1728,2,33,6,2,900.375,'2012-11-06 11:33:17','2012-11-06 11:33:17'),(1729,4,33,18,2,900.422000169754,'2012-11-06 11:36:54','2012-11-06 11:36:54'),(1730,3,33,17,1,900.358999967575,'2012-11-06 11:43:55','2012-11-06 11:43:55'),(1731,2,33,6,2,900.358999967575,'2012-11-06 11:48:17','2012-11-06 11:48:17'),(1732,4,33,18,2,900.421999931335,'2012-11-06 11:51:54','2012-11-06 11:51:54'),(1733,3,33,17,1,900.421999931335,'2012-11-06 11:58:56','2012-11-06 11:58:56'),(1734,2,33,6,2,900.375,'2012-11-06 12:03:17','2012-11-06 12:03:17'),(1735,4,33,18,2,900.266000032425,'2012-11-06 12:06:54','2012-11-06 12:06:54'),(1736,3,33,17,1,900.328000068665,'2012-11-06 12:13:56','2012-11-06 12:13:56'),(1737,2,33,6,2,900.391000032425,'2012-11-06 12:18:17','2012-11-06 12:18:17'),(1738,4,33,18,2,900.327999830246,'2012-11-06 12:21:53','2012-11-06 12:21:53'),(1739,3,33,17,1,900.421999931335,'2012-11-06 12:28:56','2012-11-06 12:28:56'),(1740,2,33,6,2,900.421999931335,'2012-11-06 12:33:17','2012-11-06 12:33:17'),(1741,4,33,18,2,900.390000104904,'2012-11-06 12:36:52','2012-11-06 12:36:52'),(1742,3,33,17,1,900.219000101089,'2012-11-06 12:43:56','2012-11-06 12:43:56'),(1743,2,33,6,2,900.375,'2012-11-06 12:48:14','2012-11-06 12:48:14'),(1744,4,33,18,2,900.421999931335,'2012-11-06 12:51:51','2012-11-06 12:51:51'),(1745,3,33,17,1,900.358999967575,'2012-11-06 12:58:57','2012-11-06 12:58:57'),(1746,2,33,6,2,900.328000068665,'2012-11-06 13:03:14','2012-11-06 13:03:14'),(1747,4,33,18,2,900.360000133514,'2012-11-06 13:06:50','2012-11-06 13:06:50'),(1748,3,33,17,1,900.359999895096,'2012-11-06 13:13:57','2012-11-06 13:13:57'),(1749,2,33,6,2,900.31200003624,'2012-11-06 13:18:13','2012-11-06 13:18:13'),(1750,4,33,18,2,900.264999866486,'2012-11-06 13:21:46','2012-11-06 13:21:46'),(1751,3,33,17,1,900.375,'2012-11-06 13:28:57','2012-11-06 13:28:57'),(1752,2,33,6,2,900.405999898911,'2012-11-06 13:33:13','2012-11-06 13:33:13'),(1753,4,33,18,2,900.375,'2012-11-06 13:36:45','2012-11-06 13:36:45'),(1754,3,33,17,1,900.375,'2012-11-06 13:43:58','2012-11-06 13:43:58'),(1755,2,33,6,2,900.40700006485,'2012-11-06 13:48:11','2012-11-06 13:48:11'),(1756,4,33,18,2,900.40700006485,'2012-11-06 13:51:45','2012-11-06 13:51:45'),(1757,2,33,6,2,474.31200003624,'2012-11-06 13:56:05','2012-11-06 13:56:05'),(1758,3,33,17,1,900.359000205994,'2012-11-06 13:58:58','2012-11-06 13:58:58'),(1759,2,33,6,2,400.515000104904,'2012-11-06 14:03:10','2012-11-06 14:03:10'),(1760,4,33,18,2,900.390000104904,'2012-11-06 14:06:45','2012-11-06 14:06:45'),(1761,2,33,6,2,499.484999895096,'2012-11-06 14:11:30','2012-11-06 14:11:30'),(1762,3,33,17,1,900.343999862671,'2012-11-06 14:13:58','2012-11-06 14:13:58'),(1763,2,33,6,2,400.921000003815,'2012-11-06 14:18:10','2012-11-06 14:18:10'),(1764,4,33,18,2,31623211.5779998,'2012-11-06 14:20:18','2012-11-06 14:20:18'),(1765,4,33,18,2,82.2650001049042,'2012-11-06 14:21:45','2012-11-06 14:21:45'),(1766,2,33,6,2,499.40700006485,'2012-11-06 14:26:30','2012-11-06 14:26:30'),(1767,3,33,17,1,900.421999931335,'2012-11-06 14:28:59','2012-11-06 14:28:59'),(1768,2,33,6,2,400.96799993515,'2012-11-06 14:33:10','2012-11-06 14:33:10'),(1769,4,33,18,2,817.734999895096,'2012-11-06 14:35:22','2012-11-06 14:35:22'),(1770,4,33,18,2,82.625,'2012-11-06 14:36:45','2012-11-06 14:36:45'),(1771,2,33,6,2,499.391000032425,'2012-11-06 14:41:30','2012-11-06 14:41:30'),(1772,3,33,17,1,900.43700003624,'2012-11-06 14:43:59','2012-11-06 14:43:59'),(1773,2,33,6,2,400.953000068665,'2012-11-06 14:48:10','2012-11-06 14:48:10'),(1774,4,33,18,2,817.765000104904,'2012-11-06 14:50:23','2012-11-06 14:50:23'),(1775,4,33,18,2,82.6879999637604,'2012-11-06 14:51:45','2012-11-06 14:51:45'),(1776,2,33,6,2,499.375,'2012-11-06 14:56:28','2012-11-06 14:56:28'),(1777,3,33,17,1,900.344000101089,'2012-11-06 14:58:59','2012-11-06 14:58:59'),(1778,2,33,6,2,400.952999830246,'2012-11-06 15:03:08','2012-11-06 15:03:08'),(1779,4,33,18,2,817.655999898911,'2012-11-06 15:05:22','2012-11-06 15:05:22'),(1780,4,33,18,2,82.6870000362396,'2012-11-06 15:06:45','2012-11-06 15:06:45'),(1781,2,33,6,2,499.40700006485,'2012-11-06 15:11:27','2012-11-06 15:11:27'),(1782,3,33,17,1,900.358999967575,'2012-11-06 15:14:00','2012-11-06 15:14:00'),(1783,3,33,17,1,110.125,'2012-11-06 15:15:50','2012-11-06 15:15:50'),(1784,2,33,6,2,401.030999898911,'2012-11-06 15:18:08','2012-11-06 15:18:08'),(1785,2,33,6,2,132.844000101089,'2012-11-06 15:20:20','2012-11-06 15:20:20'),(1786,4,33,18,2,817.53200006485,'2012-11-06 15:20:22','2012-11-06 15:20:22'),(1787,4,33,18,2,7.3899998664856,'2012-11-06 15:20:29','2012-11-06 15:20:29'),(1788,4,33,18,2,900.016000032425,'2012-11-07 07:18:29','2012-11-07 07:18:29'),(1789,3,33,17,1,900,'2012-11-07 07:23:08','2012-11-07 07:23:08'),(1790,4,33,18,2,900.264999866486,'2012-11-07 07:33:29','2012-11-07 07:33:29'),(1791,3,33,17,1,900.233999967575,'2012-11-07 07:38:08','2012-11-07 07:38:08'),(1792,2,33,6,2,900,'2012-11-07 07:41:38','2012-11-07 07:41:38'),(1793,4,33,18,2,900.391000032425,'2012-11-07 07:48:30','2012-11-07 07:48:30'),(1794,4,33,18,2,245.406000137329,'2012-11-07 07:52:35','2012-11-07 07:52:35'),(1795,3,33,17,1,900.391000032425,'2012-11-07 07:53:09','2012-11-07 07:53:09'),(1796,2,33,6,2,900.422000169754,'2012-11-07 07:56:38','2012-11-07 07:56:38'),(1797,4,28,NULL,8,623.625,'2012-11-07 08:03:30','2012-11-07 08:03:30'),(1798,4,28,NULL,8,276.375,'2012-11-07 08:08:05','2012-11-07 08:08:05'),(1799,3,33,17,1,900.34299993515,'2012-11-07 08:08:09','2012-11-07 08:08:09'),(1800,2,33,6,2,900.375,'2012-11-07 08:11:38','2012-11-07 08:11:38'),(1801,4,28,NULL,8,624,'2012-11-07 08:18:29','2012-11-07 08:18:29'),(1802,4,28,NULL,8,276.281000137329,'2012-11-07 08:23:05','2012-11-07 08:23:05'),(1803,3,33,17,1,900.40700006485,'2012-11-07 08:23:09','2012-11-07 08:23:09'),(1804,2,33,6,2,900.34299993515,'2012-11-07 08:26:38','2012-11-07 08:26:38'),(1805,4,28,NULL,8,624.093999862671,'2012-11-07 08:33:28','2012-11-07 08:33:28'),(1806,4,28,NULL,8,276.31200003624,'2012-11-07 08:38:04','2012-11-07 08:38:04'),(1807,3,33,17,1,900.421999931335,'2012-11-07 08:38:10','2012-11-07 08:38:10'),(1808,2,33,6,2,900.43799996376,'2012-11-07 08:41:38','2012-11-07 08:41:38'),(1809,4,28,NULL,8,624.03200006485,'2012-11-07 08:48:28','2012-11-07 08:48:28'),(1810,4,28,NULL,8,276.375,'2012-11-07 08:53:04','2012-11-07 08:53:04'),(1811,3,33,17,1,900.34299993515,'2012-11-07 08:53:10','2012-11-07 08:53:10'),(1812,2,33,6,2,900.328000068665,'2012-11-07 08:56:38','2012-11-07 08:56:38'),(1813,4,28,NULL,8,398.046999931335,'2012-11-07 08:59:42','2012-11-07 08:59:42'),(1814,4,33,18,2,48.8440001010895,'2012-11-07 09:01:43','2012-11-07 09:01:43'),(1815,4,33,18,4,89.125,'2012-11-07 09:03:27','2012-11-07 09:03:27'),(1816,4,33,18,4,276.40700006485,'2012-11-07 09:08:03','2012-11-07 09:08:03'),(1817,3,33,17,1,900.43799996376,'2012-11-07 09:08:10','2012-11-07 09:08:10'),(1818,2,33,6,2,900.391000032425,'2012-11-07 09:11:39','2012-11-07 09:11:39'),(1819,4,33,18,4,470.405999898911,'2012-11-07 09:15:53','2012-11-07 09:15:53'),(1820,4,33,18,4,64.0620000362396,'2012-11-07 09:16:57','2012-11-07 09:16:57'),(1821,4,33,18,4,89.4690001010895,'2012-11-07 09:18:27','2012-11-07 09:18:27'),(1822,4,33,18,4,276.468999862671,'2012-11-07 09:23:03','2012-11-07 09:23:03'),(1823,3,33,17,1,900.359000205994,'2012-11-07 09:23:11','2012-11-07 09:23:11'),(1824,2,33,6,2,900.25,'2012-11-07 09:26:39','2012-11-07 09:26:39'),(1825,4,33,18,4,470.43700003624,'2012-11-07 09:30:53','2012-11-07 09:30:53'),(1826,4,33,18,4,63.9849998950958,'2012-11-07 09:31:57','2012-11-07 09:31:57'),(1827,4,33,18,4,89.5,'2012-11-07 09:33:27','2012-11-07 09:33:27'),(1828,4,33,18,4,276.515000104904,'2012-11-07 09:38:03','2012-11-07 09:38:03'),(1829,3,33,17,1,900.327999830246,'2012-11-07 09:38:11','2012-11-07 09:38:11'),(1830,2,33,6,2,900.389999866486,'2012-11-07 09:41:39','2012-11-07 09:41:39'),(1831,4,33,18,4,470.328999996185,'2012-11-07 09:45:53','2012-11-07 09:45:53'),(1832,4,33,18,4,63.9839999675751,'2012-11-07 09:46:57','2012-11-07 09:46:57'),(1833,4,33,18,4,89.5780000686646,'2012-11-07 09:48:26','2012-11-07 09:48:26'),(1834,4,33,18,4,276.468999862671,'2012-11-07 09:53:02','2012-11-07 09:53:02'),(1835,3,33,17,1,900.25,'2012-11-07 09:53:11','2012-11-07 09:53:11'),(1836,2,33,6,2,900.43799996376,'2012-11-07 09:56:38','2012-11-07 09:56:38'),(1837,4,33,18,4,470.297000169754,'2012-11-07 10:00:53','2012-11-07 10:00:53'),(1838,4,33,18,4,64.0620000362396,'2012-11-07 10:01:57','2012-11-07 10:01:57'),(1839,4,33,18,4,89.5629999637604,'2012-11-07 10:03:26','2012-11-07 10:03:26'),(1840,4,33,18,4,276.296999931335,'2012-11-07 10:08:02','2012-11-07 10:08:02'),(1841,3,33,17,1,900.422000169754,'2012-11-07 10:08:11','2012-11-07 10:08:11'),(1842,2,33,6,2,900.406000137329,'2012-11-07 10:11:38','2012-11-07 10:11:38'),(1843,4,33,18,4,470.405999898911,'2012-11-07 10:15:53','2012-11-07 10:15:53'),(1844,4,33,18,4,64.0940001010895,'2012-11-07 10:16:57','2012-11-07 10:16:57'),(1845,4,33,18,4,89.5780000686646,'2012-11-07 10:18:26','2012-11-07 10:18:26'),(1846,4,33,18,4,276.375,'2012-11-07 10:23:02','2012-11-07 10:23:02'),(1847,3,33,17,1,900.327999830246,'2012-11-07 10:23:12','2012-11-07 10:23:12'),(1848,2,33,6,2,900.391000032425,'2012-11-07 10:26:37','2012-11-07 10:26:37'),(1849,4,33,18,4,470.375,'2012-11-07 10:30:53','2012-11-07 10:30:53'),(1850,4,33,18,4,64.0929999351501,'2012-11-07 10:31:57','2012-11-07 10:31:57'),(1851,4,33,18,4,89.4849998950958,'2012-11-07 10:33:26','2012-11-07 10:33:26'),(1852,4,33,18,4,276.265000104904,'2012-11-07 10:38:02','2012-11-07 10:38:02'),(1853,3,33,17,1,900.28200006485,'2012-11-07 10:38:12','2012-11-07 10:38:12'),(1854,2,33,6,2,900.421999931335,'2012-11-07 10:41:37','2012-11-07 10:41:37'),(1855,4,33,18,4,470.594000101089,'2012-11-07 10:45:52','2012-11-07 10:45:52'),(1856,4,33,18,4,64.0939998626709,'2012-11-07 10:46:56','2012-11-07 10:46:56'),(1857,4,33,18,4,89.375,'2012-11-07 10:48:25','2012-11-07 10:48:25'),(1858,4,33,18,4,276.344000101089,'2012-11-07 10:53:00','2012-11-07 10:53:00'),(1859,3,33,17,1,900.405999898911,'2012-11-07 10:53:12','2012-11-07 10:53:12'),(1860,2,33,6,2,900.421000003815,'2012-11-07 10:56:37','2012-11-07 10:56:37'),(1861,4,33,18,4,470.546999931335,'2012-11-07 11:00:50','2012-11-07 11:00:50'),(1862,4,33,18,4,64.0780000686646,'2012-11-07 11:01:53','2012-11-07 11:01:53'),(1863,4,33,18,4,89.452999830246,'2012-11-07 11:03:22','2012-11-07 11:03:22'),(1864,4,33,18,4,276.31200003624,'2012-11-07 11:07:57','2012-11-07 11:07:57'),(1865,3,33,17,1,900.375,'2012-11-07 11:08:13','2012-11-07 11:08:13'),(1866,2,33,6,2,900.25,'2012-11-07 11:11:38','2012-11-07 11:11:38'),(1867,4,33,18,4,470.5,'2012-11-07 11:15:44','2012-11-07 11:15:44'),(1868,4,33,18,4,64.0629999637604,'2012-11-07 11:16:47','2012-11-07 11:16:47'),(1869,4,33,18,4,89.4530000686646,'2012-11-07 11:18:16','2012-11-07 11:18:16'),(1870,4,33,18,4,276.406000137329,'2012-11-07 11:22:51','2012-11-07 11:22:51'),(1871,3,33,17,1,900.390000104904,'2012-11-07 11:23:13','2012-11-07 11:23:13'),(1872,2,33,6,2,900.453999996185,'2012-11-07 11:26:38','2012-11-07 11:26:38'),(1873,4,33,18,4,470.5,'2012-11-07 11:30:38','2012-11-07 11:30:38'),(1874,4,33,18,4,63.8599998950958,'2012-11-07 11:31:41','2012-11-07 11:31:41'),(1875,4,33,18,4,89.5780000686646,'2012-11-07 11:33:11','2012-11-07 11:33:11'),(1876,4,33,18,4,276.421999931335,'2012-11-07 11:37:45','2012-11-07 11:37:45'),(1877,3,33,17,1,900.421999931335,'2012-11-07 11:38:13','2012-11-07 11:38:13'),(1878,2,33,6,2,900.34299993515,'2012-11-07 11:41:38','2012-11-07 11:41:38'),(1879,4,33,18,4,470.546000003815,'2012-11-07 11:45:32','2012-11-07 11:45:32'),(1880,4,33,18,4,63.7969999313354,'2012-11-07 11:46:36','2012-11-07 11:46:36'),(1881,4,33,18,4,89.4850001335144,'2012-11-07 11:48:05','2012-11-07 11:48:05'),(1882,4,33,18,4,276.577999830246,'2012-11-07 11:52:39','2012-11-07 11:52:39'),(1883,3,33,17,1,900.391000032425,'2012-11-07 11:53:14','2012-11-07 11:53:14'),(1884,2,33,6,2,900.40700006485,'2012-11-07 11:56:39','2012-11-07 11:56:39'),(1885,4,33,18,4,470.547000169754,'2012-11-07 12:00:27','2012-11-07 12:00:27'),(1886,4,33,18,4,63.8120000362396,'2012-11-07 12:01:30','2012-11-07 12:01:30'),(1887,4,33,18,4,89.4849998950958,'2012-11-07 12:02:59','2012-11-07 12:02:59'),(1888,4,33,18,4,276.46799993515,'2012-11-07 12:07:34','2012-11-07 12:07:34'),(1889,3,33,17,1,900.406000137329,'2012-11-07 12:08:14','2012-11-07 12:08:14'),(1890,4,33,18,4,179.860000133514,'2012-11-07 12:10:32','2012-11-07 12:10:32'),(1891,2,33,6,2,900.265000104904,'2012-11-07 12:11:39','2012-11-07 12:11:39'),(1892,4,2,NULL,8,267.827999830246,'2012-11-07 12:15:21','2012-11-07 12:15:21'),(1893,4,2,NULL,8,63.7820000648499,'2012-11-07 12:16:24','2012-11-07 12:16:24'),(1894,4,2,NULL,8,89.5150001049042,'2012-11-07 12:17:53','2012-11-07 12:17:53'),(1895,4,2,NULL,8,276.452999830246,'2012-11-07 12:22:28','2012-11-07 12:22:28'),(1896,3,33,17,1,900.265999794006,'2012-11-07 12:23:14','2012-11-07 12:23:14'),(1897,4,2,NULL,8,202.422000169754,'2012-11-07 12:25:49','2012-11-07 12:25:49'),(1898,2,33,6,2,900.359999895096,'2012-11-07 12:26:39','2012-11-07 12:26:39'),(1899,4,2,NULL,8,268.265999794006,'2012-11-07 12:30:15','2012-11-07 12:30:15'),(1900,4,2,NULL,8,63.797000169754,'2012-11-07 12:31:18','2012-11-07 12:31:18'),(1901,4,2,NULL,8,89.452999830246,'2012-11-07 12:32:47','2012-11-07 12:32:47'),(1902,4,2,NULL,8,276.5,'2012-11-07 12:37:22','2012-11-07 12:37:22'),(1903,3,33,17,1,900.406000137329,'2012-11-07 12:38:15','2012-11-07 12:38:15'),(1904,4,2,NULL,8,202.297000169754,'2012-11-07 12:40:43','2012-11-07 12:40:43'),(1905,2,33,6,2,900.358999967575,'2012-11-07 12:41:39','2012-11-07 12:41:39'),(1906,4,2,NULL,8,268.327999830246,'2012-11-07 12:45:09','2012-11-07 12:45:09'),(1907,4,2,NULL,8,63.8280000686646,'2012-11-07 12:46:13','2012-11-07 12:46:13'),(1908,4,2,NULL,8,89.4690001010895,'2012-11-07 12:47:42','2012-11-07 12:47:42'),(1909,4,2,NULL,8,276.5,'2012-11-07 12:52:16','2012-11-07 12:52:16'),(1910,3,33,17,1,900.391000032425,'2012-11-07 12:53:15','2012-11-07 12:53:15'),(1911,4,2,NULL,8,202.264999866486,'2012-11-07 12:55:37','2012-11-07 12:55:37'),(1912,2,33,6,2,900.406000137329,'2012-11-07 12:56:40','2012-11-07 12:56:40'),(1913,4,2,NULL,8,268.328000068665,'2012-11-07 13:00:03','2012-11-07 13:00:03'),(1914,4,2,NULL,8,63.8910000324249,'2012-11-07 13:01:07','2012-11-07 13:01:07'),(1915,4,2,NULL,8,89.4059998989105,'2012-11-07 13:02:36','2012-11-07 13:02:36'),(1916,4,2,NULL,8,212.391000032425,'2012-11-07 13:07:10','2012-11-07 13:07:10'),(1917,3,33,17,1,900.233999967575,'2012-11-07 13:08:15','2012-11-07 13:08:15'),(1918,4,2,NULL,8,202.094000101089,'2012-11-07 13:10:31','2012-11-07 13:10:31'),(1919,2,33,6,2,900.327999830246,'2012-11-07 13:11:40','2012-11-07 13:11:40'),(1920,4,2,NULL,8,268.483999967575,'2012-11-07 13:14:57','2012-11-07 13:14:57'),(1921,4,2,NULL,8,63.8439998626709,'2012-11-07 13:16:01','2012-11-07 13:16:01'),(1922,4,2,NULL,8,89.4530000686646,'2012-11-07 13:17:30','2012-11-07 13:17:30'),(1923,4,2,NULL,8,276.453000068665,'2012-11-07 13:22:04','2012-11-07 13:22:04'),(1924,3,33,17,1,900.343999862671,'2012-11-07 13:23:15','2012-11-07 13:23:15'),(1925,4,2,NULL,8,202.171999931335,'2012-11-07 13:25:25','2012-11-07 13:25:25'),(1926,2,33,6,2,900.391000032425,'2012-11-07 13:26:40','2012-11-07 13:26:40'),(1927,4,2,NULL,8,268.469000101089,'2012-11-07 13:29:53','2012-11-07 13:29:53'),(1928,4,2,NULL,8,63.8120000362396,'2012-11-07 13:30:57','2012-11-07 13:30:57'),(1929,4,2,NULL,8,89.452999830246,'2012-11-07 13:32:26','2012-11-07 13:32:26'),(1930,4,2,NULL,8,276.485000133514,'2012-11-07 13:37:02','2012-11-07 13:37:02'),(1931,3,33,17,1,900.359000205994,'2012-11-07 13:38:16','2012-11-07 13:38:16'),(1932,4,2,NULL,8,202.171999931335,'2012-11-07 13:40:24','2012-11-07 13:40:24'),(1933,2,33,6,2,900.375,'2012-11-07 13:41:41','2012-11-07 13:41:41'),(1934,4,2,NULL,8,268.453000068665,'2012-11-07 13:44:52','2012-11-07 13:44:52'),(1935,4,2,NULL,8,63.7649998664856,'2012-11-07 13:45:56','2012-11-07 13:45:56'),(1936,4,2,NULL,8,89.4690001010895,'2012-11-07 13:47:25','2012-11-07 13:47:25'),(1937,4,2,NULL,8,276.530999898911,'2012-11-07 13:52:02','2012-11-07 13:52:02'),(1938,3,33,17,1,900.405999898911,'2012-11-07 13:53:16','2012-11-07 13:53:16'),(1939,4,2,NULL,8,202.172000169754,'2012-11-07 13:55:24','2012-11-07 13:55:24'),(1940,2,33,6,2,900.233999967575,'2012-11-07 13:56:39','2012-11-07 13:56:39'),(1941,4,2,NULL,8,268.452999830246,'2012-11-07 13:59:52','2012-11-07 13:59:52'),(1942,4,2,NULL,8,63.6570000648499,'2012-11-07 14:00:55','2012-11-07 14:00:55'),(1943,4,2,NULL,8,89.5780000686646,'2012-11-07 14:02:25','2012-11-07 14:02:25'),(1944,4,2,NULL,8,276.5,'2012-11-07 14:07:02','2012-11-07 14:07:02'),(1945,3,33,17,1,900.391000032425,'2012-11-07 14:08:16','2012-11-07 14:08:16'),(1946,4,2,NULL,8,202.21799993515,'2012-11-07 14:10:23','2012-11-07 14:10:23'),(1947,2,33,6,2,900.43799996376,'2012-11-07 14:11:40','2012-11-07 14:11:40');
/*!40000 ALTER TABLE `entries` ENABLE KEYS */;
UNLOCK TABLES;
/*!50003 SET @saved_cs_client      = @@character_set_client */ ;
/*!50003 SET @saved_cs_results     = @@character_set_results */ ;
/*!50003 SET @saved_col_connection = @@collation_connection */ ;
/*!50003 SET character_set_client  = latin1 */ ;
/*!50003 SET character_set_results = latin1 */ ;
/*!50003 SET collation_connection  = latin1_swedish_ci */ ;
/*!50003 SET @saved_sql_mode       = @@sql_mode */ ;
/*!50003 SET sql_mode              = 'STRICT_TRANS_TABLES,NO_AUTO_CREATE_USER,NO_ENGINE_SUBSTITUTION' */ ;
DELIMITER ;;
/*!50003 CREATE*/ /*!50017 DEFINER=`root`@`localhost`*/ /*!50003 TRIGGER Entry_INSERT BEFORE INSERT ON Entries
for each row begin
	set new.creation_time = now();
	set new.update_time = now();
end */;;
DELIMITER ;
/*!50003 SET sql_mode              = @saved_sql_mode */ ;
/*!50003 SET character_set_client  = @saved_cs_client */ ;
/*!50003 SET character_set_results = @saved_cs_results */ ;
/*!50003 SET collation_connection  = @saved_col_connection */ ;
/*!50003 SET @saved_cs_client      = @@character_set_client */ ;
/*!50003 SET @saved_cs_results     = @@character_set_results */ ;
/*!50003 SET @saved_col_connection = @@collation_connection */ ;
/*!50003 SET character_set_client  = latin1 */ ;
/*!50003 SET character_set_results = latin1 */ ;
/*!50003 SET collation_connection  = latin1_swedish_ci */ ;
/*!50003 SET @saved_sql_mode       = @@sql_mode */ ;
/*!50003 SET sql_mode              = 'STRICT_TRANS_TABLES,NO_AUTO_CREATE_USER,NO_ENGINE_SUBSTITUTION' */ ;
DELIMITER ;;
/*!50003 CREATE*/ /*!50017 DEFINER=`root`@`localhost`*/ /*!50003 TRIGGER Entry_UPDATE BEFORE UPDATE ON Entries
for each row begin
	set new.update_time = now();
end */;;
DELIMITER ;
/*!50003 SET sql_mode              = @saved_sql_mode */ ;
/*!50003 SET character_set_client  = @saved_cs_client */ ;
/*!50003 SET character_set_results = @saved_cs_results */ ;
/*!50003 SET collation_connection  = @saved_col_connection */ ;

--
-- Table structure for table `projects`
--

DROP TABLE IF EXISTS `projects`;
/*!40101 SET @saved_cs_client     = @@character_set_client */;
/*!40101 SET character_set_client = utf8 */;
CREATE TABLE `projects` (
  `IdProject` int(11) NOT NULL AUTO_INCREMENT,
  `Code` char(5) NOT NULL,
  `Description` varchar(80) NOT NULL,
  PRIMARY KEY (`IdProject`)
) ENGINE=InnoDB AUTO_INCREMENT=65 DEFAULT CHARSET=utf8;
/*!40101 SET character_set_client = @saved_cs_client */;

--
-- Dumping data for table `projects`
--

LOCK TABLES `projects` WRITE;
/*!40000 ALTER TABLE `projects` DISABLE KEYS */;
INSERT INTO `projects` VALUES (1,'PR001','Torre InNOVa S'),(2,'PR002','Tanques InTEGA 60 m3 de bet칰n'),(3,'PR003','Criba 260 estilo Intrame'),(4,'PR004','Mezcladores 120/160/200 tn'),(5,'PR005','Parque de ligantes KPRD kielce'),(6,'PR006','Criba InCAR 3320/3316/3312'),(7,'PR007','Parque de ligantes Instalacion Podlaski'),(8,'PR008','Silos para torre InNOVA S'),(9,'PR009','Criba 200 InMASS'),(10,'PR010','Parque de ligantes kielce 2'),(11,'PR011','Planta piloto '),(12,'PR012','Criba 280 y 350'),(13,'PR014','Mezcladores > 200 t/h'),(14,'PR015','Parque de ligantes planta Eiffage Sevilla'),(15,'PR016','Lecho fluidizado VFB-10C'),(16,'PR017','Planta Bet칰n Caucho'),(17,'PR018','Torre InNOVa G'),(18,'PR019','Sistema Reciclado en Frio InNOVA S InRAF'),(19,'PR020','Sistema transporte reciclado neum치ticos'),(20,'PR021','Sistema Reciclado en Frio InNOVA G InRAF'),(21,'PR022','Torre Francesa canaleta 2 tolvas'),(22,'PR023','Parque de ligantes Eiffage Albacete'),(23,'PR024','Silos para torre InNOVA G'),(24,'PR025','Tanques InTEGA 40 m3 de bet칰n'),(25,'PR026','Parque de ligantes para Budimex y Mostostal'),(26,'PR027','Planta piloto de espumado de bet칰n (InFOAM)'),(27,'PR028','Isomix (torre en containers)'),(28,'PR029','Planta en frio movil InCold 100'),(29,'PR030','Tanques InTEGA 80 m3 de betun'),(30,'PR031','Tuberias Torre Lannemezan InNova G'),(31,'PR032','Tanque emulsion de 30-35 m3'),(32,'PR033','Parque de ligantes de EIFFAGE Estr칠es Saint Denis.'),(33,'PR034','Planta continua movil caliente Flowmix 100'),(34,'PR035','Sistema de espuma Bitfoam'),(35,'PR036','Planta en frio movil continua 100 t/h'),(36,'PR037','Torre Francesa canaleta 3 tolvas'),(37,'PR038','Toma de muestras bet칰n'),(38,'PR039','Secadero Rm-260'),(39,'PR555','COJAL(Calentamiento electrico emulsion)'),(40,'PR600','Instalacion reciclado en frio en Paexba'),(41,'PR601','Instalacion reciclado en frio (fomento-torre Irlanda)'),(42,'PR602','Reciclado en fr칤o InNOVA S Matas InRAF.'),(43,'PR666','Instalacion mezclador planta Sisocia'),(44,'PR777','LanzaGrava'),(45,'PR800','Soporte muelle cribas InNOVA'),(46,'PR900','Maqueta de secadero'),(47,'PR991','Mac(para eiffage) modulo alto'),(48,'PR999','MaChacadora  CRS-800');
/*!40000 ALTER TABLE `projects` ENABLE KEYS */;
UNLOCK TABLES;

--
-- Table structure for table `resources`
--

DROP TABLE IF EXISTS `resources`;
/*!40101 SET @saved_cs_client     = @@character_set_client */;
/*!40101 SET character_set_client = utf8 */;
CREATE TABLE `resources` (
  `IdResource` int(11) NOT NULL AUTO_INCREMENT,
  `Name` varchar(50) NOT NULL,
  `Cost` double DEFAULT NULL,
  PRIMARY KEY (`IdResource`)
) ENGINE=InnoDB AUTO_INCREMENT=10 DEFAULT CHARSET=utf8;
/*!40101 SET character_set_client = @saved_cs_client */;

--
-- Dumping data for table `resources`
--

LOCK TABLES `resources` WRITE;
/*!40000 ALTER TABLE `resources` DISABLE KEYS */;
INSERT INTO `resources` VALUES (1,'Diego Peinado Mart칤n',35.2),(2,'Israel Dur치n Carl칤n',21.3),(3,'Ismael Ba침os Benavides',20.4),(4,'Iv치n Rego D칤az',20.4);
/*!40000 ALTER TABLE `resources` ENABLE KEYS */;
UNLOCK TABLES;

--
-- Table structure for table `tasks`
--

DROP TABLE IF EXISTS `tasks`;
/*!40101 SET @saved_cs_client     = @@character_set_client */;
/*!40101 SET character_set_client = utf8 */;
CREATE TABLE `tasks` (
  `IdTask` int(11) NOT NULL AUTO_INCREMENT,
  `IdProjectParent` int(11) NOT NULL,
  `IdTaskParent` int(11) DEFAULT NULL,
  `Task` varchar(150) DEFAULT NULL,
  PRIMARY KEY (`IdTask`),
  KEY `IdProjectParent` (`IdProjectParent`),
  CONSTRAINT `tasks_ibfk_1` FOREIGN KEY (`IdProjectParent`) REFERENCES `projects` (`IdProject`) ON UPDATE CASCADE
) ENGINE=InnoDB AUTO_INCREMENT=19 DEFAULT CHARSET=utf8;
/*!40101 SET character_set_client = @saved_cs_client */;

--
-- Dumping data for table `tasks`
--

LOCK TABLES `tasks` WRITE;
/*!40000 ALTER TABLE `tasks` DISABLE KEYS */;
INSERT INTO `tasks` VALUES (5,1,NULL,'Tarea 1'),(6,33,NULL,'Unidad Principal'),(7,33,6,'Elevador de Rastras'),(13,17,NULL,'UPM'),(14,17,13,'B맙cula de Bet춲n'),(16,1,5,'Bascula de betun'),(17,33,NULL,'Unidad secundaria.'),(18,33,17,'Filtro de mangas');
/*!40000 ALTER TABLE `tasks` ENABLE KEYS */;
UNLOCK TABLES;
/*!40103 SET TIME_ZONE=@OLD_TIME_ZONE */;

/*!40101 SET SQL_MODE=@OLD_SQL_MODE */;
/*!40014 SET FOREIGN_KEY_CHECKS=@OLD_FOREIGN_KEY_CHECKS */;
/*!40014 SET UNIQUE_CHECKS=@OLD_UNIQUE_CHECKS */;
/*!40101 SET CHARACTER_SET_CLIENT=@OLD_CHARACTER_SET_CLIENT */;
/*!40101 SET CHARACTER_SET_RESULTS=@OLD_CHARACTER_SET_RESULTS */;
/*!40101 SET COLLATION_CONNECTION=@OLD_COLLATION_CONNECTION */;
/*!40111 SET SQL_NOTES=@OLD_SQL_NOTES */;

-- Dump completed on 2012-11-07 14:14:12
